14:57:27 **** Build of configuration Debug for project PSOC_Edge_Bottom.proj_cm33_ns ****
"C:\\Users\\User\\ModusToolbox\\tools_3.9\\modus-shell\\bin\\make" CY_MAKE_IDE=eclipse CY_IDE_TOOLS_DIR=C:/Users/User/ModusToolbox/tools_3.9 CY_IDE_BT_TOOLS_DIR= -j12 build_proj 
Searching installed tools in progress...
Searching installed tools complete
NOTE: Using 'C:/Users/User/ModusToolbox/tools_3.9/ninja/ninja.exe' from PATH.
Generating mtbninja data files...
Generating mtbninja data complete...
Toolchain validation: PASS
Initializing build: proj_cm33_ns Debug APP_KIT_PSE84_AI GCC_ARM

Prebuild operations complete
# 0: Loading the application in directory 'C:/Desktop/PSOC_Edge_AI/Demo/01_Basic/PSOC_Edge_Bottom/proj_cm33_ns'
# 0: Loading the ModusToolbox Technology Packs and Early Access Packs
# 0: Loading the tools information
[1/168] Building object file C:/Desktop/PSOC_Edge_AI/Demo/01_Basic/PSOC_Edge_Bottom/proj_cm33_ns/build/Debug/libraries_shared/mtb-dsl-pse8xxgp/pdl/drivers/source/TOOLCHAIN_GCC_ARM/cy_syslib_ext.o
[2/168] Building object file C:/Desktop/PSOC_Edge_AI/Demo/01_Basic/PSOC_Edge_Bottom/proj_cm33_ns/build/Debug/libraries_shared/bt-fw-mur-cyw55513/COMPONENT_MURATA-2FY/btfw.o
[3/168] Building object file C:/Desktop/PSOC_Edge_AI/Demo/01_Basic/PSOC_Edge_Bottom/proj_cm33_ns/build/Debug/libraries_shared/async-transfer/source/mtb_async_transfer.o
[4/168] Building object file C:/Desktop/PSOC_Edge_AI/Demo/01_Basic/PSOC_Edge_Bottom/proj_cm33_ns/build/Debug/libraries_shared/mtb-dsl-pse8xxgp/device-utils/syspm/source/mtb_syspm_callbacks_i2s_tdm.o
[5/168] Building object file C:/Desktop/PSOC_Edge_AI/Demo/01_Basic/PSOC_Edge_Bottom/proj_cm33_ns/build/Debug/libraries_shared/mtb-dsl-pse8xxgp/device-utils/syspm/source/mtb_syspm_callbacks_pdm_pcm.o
[6/168] Building object file C:/Desktop/PSOC_Edge_AI/Demo/01_Basic/PSOC_Edge_Bottom/proj_cm33_ns/build/Debug/libraries_shared/mtb-dsl-pse8xxgp/device-utils/syspm/source/mtb_syspm_callbacks_dma.o
[7/168] Building object file C:/Desktop/PSOC_Edge_AI/Demo/01_Basic/PSOC_Edge_Bottom/proj_cm33_ns/build/Debug/libraries_shared/mtb-dsl-pse8xxgp/device-utils/syspm/source/mtb_syspm_callbacks_nvm.o
[8/168] Building object file C:/Desktop/PSOC_Edge_AI/Demo/01_Basic/PSOC_Edge_Bottom/proj_cm33_ns/build/Debug/libraries_shared/mtb-dsl-pse8xxgp/device-utils/syspm/source/mtb_syspm_callbacks_smif.o
[9/168] Building object file C:/Desktop/PSOC_Edge_AI/Demo/01_Basic/PSOC_Edge_Bottom/proj_cm33_ns/build/Debug/libraries_shared/mtb-dsl-pse8xxgp/device-utils/syspm/source/mtb_syspm_callbacks_tcpwm.o
[10/168] Building object file C:/Desktop/PSOC_Edge_AI/Demo/01_Basic/PSOC_Edge_Bottom/proj_cm33_ns/build/Debug/libraries_shared/mtb-dsl-pse8xxgp/hal/source/mtb_hal_clock.o
[11/168] Building object file C:/Desktop/PSOC_Edge_AI/Demo/01_Basic/PSOC_Edge_Bottom/proj_cm33_ns/build/Debug/libraries_shared/mtb-dsl-pse8xxgp/device-utils/syspm/source/mtb_syspm_callbacks_scb_uart.o
[12/168] Building object file C:/Desktop/PSOC_Edge_AI/Demo/01_Basic/PSOC_Edge_Bottom/proj_cm33_ns/build/Debug/libraries_shared/mtb-dsl-pse8xxgp/hal/source/mtb_hal_adc_sar.o
[13/168] Building object file C:/Desktop/PSOC_Edge_AI/Demo/01_Basic/PSOC_Edge_Bottom/proj_cm33_ns/build/Debug/local/retarget_io_init.o
[14/168] Building object file C:/Desktop/PSOC_Edge_AI/Demo/01_Basic/PSOC_Edge_Bottom/proj_cm33_ns/build/Debug/local/main.o
[15/168] Building object file C:/Desktop/PSOC_Edge_AI/Demo/01_Basic/PSOC_Edge_Bottom/proj_cm33_ns/build/Debug/libraries_shared/mtb-dsl-pse8xxgp/hal/source/mtb_hal_comp.o
[16/168] Building object file C:/Desktop/PSOC_Edge_AI/Demo/01_Basic/PSOC_Edge_Bottom/proj_cm33_ns/build/Debug/libraries_shared/mtb-dsl-pse8xxgp/hal/source/mtb_hal_dma.o
[17/168] Building object file C:/Desktop/PSOC_Edge_AI/Demo/01_Basic/PSOC_Edge_Bottom/proj_cm33_ns/build/Debug/libraries_shared/mtb-dsl-pse8xxgp/hal/source/mtb_hal_dma_dmac.o
[18/168] Building object file C:/Desktop/PSOC_Edge_AI/Demo/01_Basic/PSOC_Edge_Bottom/proj_cm33_ns/build/Debug/libraries_shared/mtb-dsl-pse8xxgp/hal/source/mtb_hal_lptimer.o
[19/168] Building object file C:/Desktop/PSOC_Edge_AI/Demo/01_Basic/PSOC_Edge_Bottom/proj_cm33_ns/build/Debug/libraries_shared/mtb-dsl-pse8xxgp/hal/source/mtb_hal_i2c.o
[20/168] Building object file C:/Desktop/PSOC_Edge_AI/Demo/01_Basic/PSOC_Edge_Bottom/proj_cm33_ns/build/Debug/libraries_shared/mtb-dsl-pse8xxgp/hal/source/mtb_hal_lptimer_mcwdt.o
[21/168] Building object file C:/Desktop/PSOC_Edge_AI/Demo/01_Basic/PSOC_Edge_Bottom/proj_cm33_ns/build/Debug/libraries_shared/mtb-dsl-pse8xxgp/hal/source/mtb_hal_dma_dw.o
[22/168] Building object file C:/Desktop/PSOC_Edge_AI/Demo/01_Basic/PSOC_Edge_Bottom/proj_cm33_ns/build/Debug/libraries_shared/mtb-dsl-pse8xxgp/hal/source/mtb_hal_gpio.o
[23/168] Building object file C:/Desktop/PSOC_Edge_AI/Demo/01_Basic/PSOC_Edge_Bottom/proj_cm33_ns/build/Debug/libraries_shared/mtb-dsl-pse8xxgp/hal/source/mtb_hal_lptimer_common.o
[24/168] Building object file C:/Desktop/PSOC_Edge_AI/Demo/01_Basic/PSOC_Edge_Bottom/proj_cm33_ns/build/Debug/libraries_shared/mtb-dsl-pse8xxgp/hal/source/mtb_hal_memoryspi.o
[25/168] Building object file C:/Desktop/PSOC_Edge_AI/Demo/01_Basic/PSOC_Edge_Bottom/proj_cm33_ns/build/Debug/libraries_shared/mtb-dsl-pse8xxgp/hal/source/mtb_hal_nvm.o
[26/168] Building object file C:/Desktop/PSOC_Edge_AI/Demo/01_Basic/PSOC_Edge_Bottom/proj_cm33_ns/build/Debug/libraries_shared/mtb-dsl-pse8xxgp/hal/source/mtb_hal_nvm_mxs22rramc.o
[27/168] Building object file C:/Desktop/PSOC_Edge_AI/Demo/01_Basic/PSOC_Edge_Bottom/proj_cm33_ns/build/Debug/libraries_shared/mtb-dsl-pse8xxgp/hal/source/mtb_hal_pwm.o
[28/168] Building object file C:/Desktop/PSOC_Edge_AI/Demo/01_Basic/PSOC_Edge_Bottom/proj_cm33_ns/build/Debug/libraries_shared/mtb-dsl-pse8xxgp/hal/source/mtb_hal_rtc.o
[29/168] Building object file C:/Desktop/PSOC_Edge_AI/Demo/01_Basic/PSOC_Edge_Bottom/proj_cm33_ns/build/Debug/libraries_shared/mtb-dsl-pse8xxgp/hal/source/mtb_hal_timer.o
[30/168] Building object file C:/Desktop/PSOC_Edge_AI/Demo/01_Basic/PSOC_Edge_Bottom/proj_cm33_ns/build/Debug/libraries_shared/mtb-dsl-pse8xxgp/hal/source/mtb_hal_system.o
[31/168] Building object file C:/Desktop/PSOC_Edge_AI/Demo/01_Basic/PSOC_Edge_Bottom/proj_cm33_ns/build/Debug/libraries_shared/mtb-dsl-pse8xxgp/nnkernel/COMPONENT_CM33/source/cy_nn_dma_helper.o
[32/168] Building object file C:/Desktop/PSOC_Edge_AI/Demo/01_Basic/PSOC_Edge_Bottom/proj_cm33_ns/build/Debug/libraries_shared/mtb-dsl-pse8xxgp/hal/source/mtb_hal_syspm.o
[33/168] Building object file C:/Desktop/PSOC_Edge_AI/Demo/01_Basic/PSOC_Edge_Bottom/proj_cm33_ns/build/Debug/libraries_shared/mtb-dsl-pse8xxgp/hal/source/mtb_hal_utils_impl.o
[34/168] Building object file C:/Desktop/PSOC_Edge_AI/Demo/01_Basic/PSOC_Edge_Bottom/proj_cm33_ns/build/Debug/libraries_shared/mtb-dsl-pse8xxgp/hal/source/mtb_hal_spi.o
[35/168] Building object file C:/Desktop/PSOC_Edge_AI/Demo/01_Basic/PSOC_Edge_Bottom/proj_cm33_ns/build/Debug/libraries_shared/mtb-dsl-pse8xxgp/hal/source/mtb_hal_sdhc.o
[36/168] Building object file C:/Desktop/PSOC_Edge_AI/Demo/01_Basic/PSOC_Edge_Bottom/proj_cm33_ns/build/Debug/libraries_shared/mtb-dsl-pse8xxgp/nnkernel/COMPONENT_CM33/source/cy_nn_lstm_step_s8_s16.o
[37/168] Building object file C:/Desktop/PSOC_Edge_AI/Demo/01_Basic/PSOC_Edge_Bottom/proj_cm33_ns/build/Debug/libraries_shared/mtb-dsl-pse8xxgp/nnkernel/COMPONENT_CM33/source/cy_nn_lstm_update_cell_state_s16.o
[38/168] Building object file C:/Desktop/PSOC_Edge_AI/Demo/01_Basic/PSOC_Edge_Bottom/proj_cm33_ns/build/Debug/libraries_shared/mtb-dsl-pse8xxgp/hal/source/mtb_hal_uart.o
[39/168] Building object file C:/Desktop/PSOC_Edge_AI/Demo/01_Basic/PSOC_Edge_Bottom/proj_cm33_ns/build/Debug/libraries_shared/mtb-dsl-pse8xxgp/nnkernel/COMPONENT_CM33/source/cy_nn_lstm_unidirectional_s8_s16.o
[40/168] Building object file C:/Desktop/PSOC_Edge_AI/Demo/01_Basic/PSOC_Edge_Bottom/proj_cm33_ns/build/Debug/libraries_shared/mtb-dsl-pse8xxgp/nnkernel/COMPONENT_CM33/source/cy_nn_lstm_calculate_gate_s8_s16.o
[41/168] Building object file C:/Desktop/PSOC_Edge_AI/Demo/01_Basic/PSOC_Edge_Bottom/proj_cm33_ns/build/Debug/libraries_shared/mtb-dsl-pse8xxgp/nnkernel/COMPONENT_CM33/source/cy_nn_lstm_update_output_s8_s16.o
[42/168] Building object file C:/Desktop/PSOC_Edge_AI/Demo/01_Basic/PSOC_Edge_Bottom/proj_cm33_ns/build/Debug/libraries_shared/mtb-dsl-pse8xxgp/pdl/drivers/source/cy_autanalog_dac.o
[43/168] Building object file C:/Desktop/PSOC_Edge_AI/Demo/01_Basic/PSOC_Edge_Bottom/proj_cm33_ns/build/Debug/libraries_shared/mtb-dsl-pse8xxgp/pdl/drivers/source/cy_autanalog_ctb.o
[44/168] Building object file C:/Desktop/PSOC_Edge_AI/Demo/01_Basic/PSOC_Edge_Bottom/proj_cm33_ns/build/Debug/libraries_shared/mtb-dsl-pse8xxgp/pdl/drivers/source/cy_autanalog_ac.o
[45/168] Building object file C:/Desktop/PSOC_Edge_AI/Demo/01_Basic/PSOC_Edge_Bottom/proj_cm33_ns/build/Debug/libraries_shared/mtb-dsl-pse8xxgp/nnkernel/COMPONENT_CM33/source/cy_nn_kernel.o
[46/168] Building object file C:/Desktop/PSOC_Edge_AI/Demo/01_Basic/PSOC_Edge_Bottom/proj_cm33_ns/build/Debug/libraries_shared/mtb-dsl-pse8xxgp/pdl/drivers/source/cy_autanalog_ptc.o
[47/168] Building object file C:/Desktop/PSOC_Edge_AI/Demo/01_Basic/PSOC_Edge_Bottom/proj_cm33_ns/build/Debug/libraries_shared/mtb-dsl-pse8xxgp/pdl/drivers/source/cy_axidmac.o
[48/168] Building object file C:/Desktop/PSOC_Edge_AI/Demo/01_Basic/PSOC_Edge_Bottom/proj_cm33_ns/build/Debug/libraries_shared/mtb-dsl-pse8xxgp/pdl/drivers/source/cy_autanalog.o
[49/168] Building object file C:/Desktop/PSOC_Edge_AI/Demo/01_Basic/PSOC_Edge_Bottom/proj_cm33_ns/build/Debug/libraries_shared/mtb-dsl-pse8xxgp/pdl/drivers/source/cy_crypto_core_aes_v1.o
[50/168] Building object file C:/Desktop/PSOC_Edge_AI/Demo/01_Basic/PSOC_Edge_Bottom/proj_cm33_ns/build/Debug/libraries_shared/mtb-dsl-pse8xxgp/pdl/devices/source/cy_device.o
[51/168] Building object file C:/Desktop/PSOC_Edge_AI/Demo/01_Basic/PSOC_Edge_Bottom/proj_cm33_ns/build/Debug/libraries_shared/mtb-dsl-pse8xxgp/pdl/drivers/source/cy_crypto_core_chacha.o
[52/168] Building object file C:/Desktop/PSOC_Edge_AI/Demo/01_Basic/PSOC_Edge_Bottom/proj_cm33_ns/build/Debug/libraries_shared/mtb-dsl-pse8xxgp/pdl/drivers/source/cy_autanalog_sar.o
[53/168] Building object file C:/Desktop/PSOC_Edge_AI/Demo/01_Basic/PSOC_Edge_Bottom/proj_cm33_ns/build/Debug/libraries_shared/mtb-dsl-pse8xxgp/pdl/drivers/source/cy_crypto_core_cmac_v1.o
[54/168] Building object file C:/Desktop/PSOC_Edge_AI/Demo/01_Basic/PSOC_Edge_Bottom/proj_cm33_ns/build/Debug/libraries_shared/mtb-dsl-pse8xxgp/pdl/drivers/source/cy_crypto.o
[55/168] Building object file C:/Desktop/PSOC_Edge_AI/Demo/01_Basic/PSOC_Edge_Bottom/proj_cm33_ns/build/Debug/libraries_shared/mtb-dsl-pse8xxgp/pdl/drivers/source/cy_canfd.o
[56/168] Building object file C:/Desktop/PSOC_Edge_AI/Demo/01_Basic/PSOC_Edge_Bottom/proj_cm33_ns/build/Debug/libraries_shared/mtb-dsl-pse8xxgp/pdl/drivers/source/cy_crypto_core_crc_v1.o
[57/168] Building object file C:/Desktop/PSOC_Edge_AI/Demo/01_Basic/PSOC_Edge_Bottom/proj_cm33_ns/build/Debug/libraries_shared/mtb-dsl-pse8xxgp/pdl/drivers/source/cy_crypto_core_des_v1.o
[58/168] Building object file C:/Desktop/PSOC_Edge_AI/Demo/01_Basic/PSOC_Edge_Bottom/proj_cm33_ns/build/Debug/libraries_shared/mtb-dsl-pse8xxgp/pdl/drivers/source/cy_crypto_core_cmac_v2.o
[59/168] Building object file C:/Desktop/PSOC_Edge_AI/Demo/01_Basic/PSOC_Edge_Bottom/proj_cm33_ns/build/Debug/libraries_shared/mtb-dsl-pse8xxgp/pdl/drivers/source/cy_crypto_core_aes_v2.o
[60/168] Building object file C:/Desktop/PSOC_Edge_AI/Demo/01_Basic/PSOC_Edge_Bottom/proj_cm33_ns/build/Debug/libraries_shared/mtb-dsl-pse8xxgp/pdl/drivers/source/cy_crypto_core_ecc_domain_params.o
[61/168] Building object file C:/Desktop/PSOC_Edge_AI/Demo/01_Basic/PSOC_Edge_Bottom/proj_cm33_ns/build/Debug/libraries_shared/mtb-dsl-pse8xxgp/pdl/drivers/source/cy_crypto_core_des_v2.o
[62/168] Building object file C:/Desktop/PSOC_Edge_AI/Demo/01_Basic/PSOC_Edge_Bottom/proj_cm33_ns/build/Debug/libraries_shared/mtb-dsl-pse8xxgp/pdl/drivers/source/cy_crypto_core_crc_v2.o
[63/168] Building object file C:/Desktop/PSOC_Edge_AI/Demo/01_Basic/PSOC_Edge_Bottom/proj_cm33_ns/build/Debug/libraries_shared/mtb-dsl-pse8xxgp/pdl/drivers/source/cy_crypto_core_ecc_ec25519.o
[64/168] Building object file C:/Desktop/PSOC_Edge_AI/Demo/01_Basic/PSOC_Edge_Bottom/proj_cm33_ns/build/Debug/libraries_shared/mtb-dsl-pse8xxgp/pdl/drivers/source/cy_crypto_core_ecc_ecdsa.o
[65/168] Building object file C:/Desktop/PSOC_Edge_AI/Demo/01_Basic/PSOC_Edge_Bottom/proj_cm33_ns/build/Debug/libraries_shared/mtb-dsl-pse8xxgp/pdl/drivers/source/cy_crypto_core_hmac_v1.o
[66/168] Building object file C:/Desktop/PSOC_Edge_AI/Demo/01_Basic/PSOC_Edge_Bottom/proj_cm33_ns/build/Debug/libraries_shared/mtb-dsl-pse8xxgp/pdl/drivers/source/cy_crypto_core_ecc_key_gen.o
[67/168] Building object file C:/Desktop/PSOC_Edge_AI/Demo/01_Basic/PSOC_Edge_Bottom/proj_cm33_ns/build/Debug/libraries_shared/mtb-dsl-pse8xxgp/pdl/drivers/source/cy_crypto_core_hkdf_v2.o
[68/168] Building object file C:/Desktop/PSOC_Edge_AI/Demo/01_Basic/PSOC_Edge_Bottom/proj_cm33_ns/build/Debug/libraries_shared/mtb-dsl-pse8xxgp/pdl/drivers/source/cy_crypto_core_hmac_v2.o
[69/168] Building object file C:/Desktop/PSOC_Edge_AI/Demo/01_Basic/PSOC_Edge_Bottom/proj_cm33_ns/build/Debug/libraries_shared/mtb-dsl-pse8xxgp/pdl/drivers/source/cy_crypto_core_ecc_eddsa.o
[70/168] Building object file C:/Desktop/PSOC_Edge_AI/Demo/01_Basic/PSOC_Edge_Bottom/proj_cm33_ns/build/Debug/libraries_shared/mtb-dsl-pse8xxgp/pdl/drivers/source/cy_crypto_core_mem_v2.o
[71/168] Building object file C:/Desktop/PSOC_Edge_AI/Demo/01_Basic/PSOC_Edge_Bottom/proj_cm33_ns/build/Debug/libraries_shared/mtb-dsl-pse8xxgp/pdl/drivers/source/cy_crypto_core_hw_v1.o
[72/168] Building object file C:/Desktop/PSOC_Edge_AI/Demo/01_Basic/PSOC_Edge_Bottom/proj_cm33_ns/build/Debug/libraries_shared/mtb-dsl-pse8xxgp/pdl/drivers/source/cy_crypto_core_mem_v1.o
[73/168] Building object file C:/Desktop/PSOC_Edge_AI/Demo/01_Basic/PSOC_Edge_Bottom/proj_cm33_ns/build/Debug/libraries_shared/mtb-dsl-pse8xxgp/pdl/drivers/source/cy_crypto_core_ecc_nist_p.o
[74/168] Building object file C:/Desktop/PSOC_Edge_AI/Demo/01_Basic/PSOC_Edge_Bottom/proj_cm33_ns/build/Debug/libraries_shared/mtb-dsl-pse8xxgp/pdl/drivers/source/cy_crypto_core_prng_v1.o
[75/168] Building object file C:/Desktop/PSOC_Edge_AI/Demo/01_Basic/PSOC_Edge_Bottom/proj_cm33_ns/build/Debug/libraries_shared/mtb-dsl-pse8xxgp/pdl/drivers/source/cy_crypto_core_hw.o
[76/168] Building object file C:/Desktop/PSOC_Edge_AI/Demo/01_Basic/PSOC_Edge_Bottom/proj_cm33_ns/build/Debug/libraries_shared/mtb-dsl-pse8xxgp/pdl/drivers/source/cy_crypto_core_poly1305.o
[77/168] Building object file C:/Desktop/PSOC_Edge_AI/Demo/01_Basic/PSOC_Edge_Bottom/proj_cm33_ns/build/Debug/libraries_shared/mtb-dsl-pse8xxgp/pdl/drivers/source/cy_crypto_core_prng_v2.o
[78/168] Building object file C:/Desktop/PSOC_Edge_AI/Demo/01_Basic/PSOC_Edge_Bottom/proj_cm33_ns/build/Debug/libraries_shared/mtb-dsl-pse8xxgp/pdl/drivers/source/cy_crypto_core_sha_v1.o
[79/168] Building object file C:/Desktop/PSOC_Edge_AI/Demo/01_Basic/PSOC_Edge_Bottom/proj_cm33_ns/build/Debug/libraries_shared/mtb-dsl-pse8xxgp/pdl/drivers/source/cy_crypto_core_trng.o
[80/168] Building object file C:/Desktop/PSOC_Edge_AI/Demo/01_Basic/PSOC_Edge_Bottom/proj_cm33_ns/build/Debug/libraries_shared/mtb-dsl-pse8xxgp/pdl/drivers/source/cy_crypto_core_sha_v2.o
[81/168] Building object file C:/Desktop/PSOC_Edge_AI/Demo/01_Basic/PSOC_Edge_Bottom/proj_cm33_ns/build/Debug/libraries_shared/mtb-dsl-pse8xxgp/pdl/drivers/source/cy_ephy.o
[82/168] Building object file C:/Desktop/PSOC_Edge_AI/Demo/01_Basic/PSOC_Edge_Bottom/proj_cm33_ns/build/Debug/libraries_shared/mtb-dsl-pse8xxgp/pdl/drivers/source/cy_crypto_core_rsa.o
[83/168] Building object file C:/Desktop/PSOC_Edge_AI/Demo/01_Basic/PSOC_Edge_Bottom/proj_cm33_ns/build/Debug/libraries_shared/mtb-dsl-pse8xxgp/pdl/drivers/source/cy_ipc_drv.o
[84/168] Building object file C:/Desktop/PSOC_Edge_AI/Demo/01_Basic/PSOC_Edge_Bottom/proj_cm33_ns/build/Debug/libraries_shared/mtb-dsl-pse8xxgp/pdl/drivers/source/cy_crypto_utils.o
[85/168] Building object file C:/Desktop/PSOC_Edge_AI/Demo/01_Basic/PSOC_Edge_Bottom/proj_cm33_ns/build/Debug/libraries_shared/mtb-dsl-pse8xxgp/pdl/drivers/source/cy_dma.o
[86/168] Building object file C:/Desktop/PSOC_Edge_AI/Demo/01_Basic/PSOC_Edge_Bottom/proj_cm33_ns/build/Debug/libraries_shared/mtb-dsl-pse8xxgp/pdl/drivers/source/cy_crypto_core_vu.o
[87/168] Building object file C:/Desktop/PSOC_Edge_AI/Demo/01_Basic/PSOC_Edge_Bottom/proj_cm33_ns/build/Debug/libraries_shared/mtb-dsl-pse8xxgp/pdl/drivers/source/cy_gpio.o
[88/168] Building object file C:/Desktop/PSOC_Edge_AI/Demo/01_Basic/PSOC_Edge_Bottom/proj_cm33_ns/build/Debug/libraries_shared/mtb-dsl-pse8xxgp/pdl/drivers/source/cy_crypto_server.o
[89/168] Building object file C:/Desktop/PSOC_Edge_AI/Demo/01_Basic/PSOC_Edge_Bottom/proj_cm33_ns/build/Debug/libraries_shared/mtb-dsl-pse8xxgp/pdl/drivers/source/cy_ethif.o
[90/168] Building object file C:/Desktop/PSOC_Edge_AI/Demo/01_Basic/PSOC_Edge_Bottom/proj_cm33_ns/build/Debug/libraries_shared/mtb-dsl-pse8xxgp/pdl/drivers/source/cy_ipc_pipe.o
[91/168] Building object file C:/Desktop/PSOC_Edge_AI/Demo/01_Basic/PSOC_Edge_Bottom/proj_cm33_ns/build/Debug/libraries_shared/mtb-dsl-pse8xxgp/pdl/drivers/source/cy_lpcomp.o
[92/168] Building object file C:/Desktop/PSOC_Edge_AI/Demo/01_Basic/PSOC_Edge_Bottom/proj_cm33_ns/build/Debug/libraries_shared/mtb-dsl-pse8xxgp/pdl/drivers/source/cy_ipc_sema.o
[93/168] Building object file C:/Desktop/PSOC_Edge_AI/Demo/01_Basic/PSOC_Edge_Bottom/proj_cm33_ns/build/Debug/libraries_shared/mtb-dsl-pse8xxgp/pdl/drivers/source/cy_lvd.o
[94/168] Building object file C:/Desktop/PSOC_Edge_AI/Demo/01_Basic/PSOC_Edge_Bottom/proj_cm33_ns/build/Debug/libraries_shared/mtb-dsl-pse8xxgp/pdl/drivers/source/cy_mcwdt.o
[95/168] Building object file C:/Desktop/PSOC_Edge_AI/Demo/01_Basic/PSOC_Edge_Bottom/proj_cm33_ns/build/Debug/libraries_shared/mtb-dsl-pse8xxgp/pdl/drivers/source/cy_pdl_srf.o
[96/168] Building object file C:/Desktop/PSOC_Edge_AI/Demo/01_Basic/PSOC_Edge_Bottom/proj_cm33_ns/build/Debug/libraries_shared/mtb-dsl-pse8xxgp/pdl/drivers/source/cy_ms_ctl.o
[97/168] Building object file C:/Desktop/PSOC_Edge_AI/Demo/01_Basic/PSOC_Edge_Bottom/proj_cm33_ns/build/Debug/libraries_shared/mtb-dsl-pse8xxgp/pdl/drivers/source/cy_mpc.o
[98/168] Building object file C:/Desktop/PSOC_Edge_AI/Demo/01_Basic/PSOC_Edge_Bottom/proj_cm33_ns/build/Debug/libraries_shared/mtb-dsl-pse8xxgp/pdl/drivers/source/cy_pdm_pcm_v2.o
[99/168] Building object file C:/Desktop/PSOC_Edge_AI/Demo/01_Basic/PSOC_Edge_Bottom/proj_cm33_ns/build/Debug/libraries_shared/mtb-dsl-pse8xxgp/pdl/drivers/source/cy_pdl_srf_common.o
[100/168] Building object file C:/Desktop/PSOC_Edge_AI/Demo/01_Basic/PSOC_Edge_Bottom/proj_cm33_ns/build/Debug/libraries_shared/mtb-dsl-pse8xxgp/pdl/drivers/source/cy_nnlite.o
[101/168] Building object file C:/Desktop/PSOC_Edge_AI/Demo/01_Basic/PSOC_Edge_Bottom/proj_cm33_ns/build/Debug/libraries_shared/mtb-dsl-pse8xxgp/pdl/drivers/source/cy_mipidsi.o
[102/168] Building object file C:/Desktop/PSOC_Edge_AI/Demo/01_Basic/PSOC_Edge_Bottom/proj_cm33_ns/build/Debug/libraries_shared/mtb-dsl-pse8xxgp/pdl/drivers/source/cy_ppc.o
[103/168] Building object file C:/Desktop/PSOC_Edge_AI/Demo/01_Basic/PSOC_Edge_Bottom/proj_cm33_ns/build/Debug/libraries_shared/mtb-dsl-pse8xxgp/pdl/drivers/source/cy_rram.o
[104/168] Building object file C:/Desktop/PSOC_Edge_AI/Demo/01_Basic/PSOC_Edge_Bottom/proj_cm33_ns/build/Debug/libraries_shared/mtb-dsl-pse8xxgp/pdl/drivers/source/cy_scb_common.o
[105/168] Building object file C:/Desktop/PSOC_Edge_AI/Demo/01_Basic/PSOC_Edge_Bottom/proj_cm33_ns/build/Debug/libraries_shared/mtb-dsl-pse8xxgp/pdl/drivers/source/cy_i3c.o
[106/168] Building object file C:/Desktop/PSOC_Edge_AI/Demo/01_Basic/PSOC_Edge_Bottom/proj_cm33_ns/build/Debug/libraries_shared/mtb-dsl-pse8xxgp/pdl/drivers/source/cy_scb_ezi2c.o
[107/168] Building object file C:/Desktop/PSOC_Edge_AI/Demo/01_Basic/PSOC_Edge_Bottom/proj_cm33_ns/build/Debug/libraries_shared/mtb-dsl-pse8xxgp/pdl/drivers/source/cy_rtc.o
[108/168] Building object file C:/Desktop/PSOC_Edge_AI/Demo/01_Basic/PSOC_Edge_Bottom/proj_cm33_ns/build/Debug/libraries_shared/mtb-dsl-pse8xxgp/pdl/drivers/source/cy_scb_spi_ez.o
[109/168] Building object file C:/Desktop/PSOC_Edge_AI/Demo/01_Basic/PSOC_Edge_Bottom/proj_cm33_ns/build/Debug/libraries_shared/mtb-dsl-pse8xxgp/pdl/drivers/source/cy_scb_i2c.o
[110/168] Building object file C:/Desktop/PSOC_Edge_AI/Demo/01_Basic/PSOC_Edge_Bottom/proj_cm33_ns/build/Debug/libraries_shared/mtb-dsl-pse8xxgp/pdl/drivers/source/cy_smartio.o
[111/168] Building object file C:/Desktop/PSOC_Edge_AI/Demo/01_Basic/PSOC_Edge_Bottom/proj_cm33_ns/build/Debug/libraries_shared/mtb-dsl-pse8xxgp/pdl/drivers/source/cy_scb_spi.o
[112/168] Building object file C:/Desktop/PSOC_Edge_AI/Demo/01_Basic/PSOC_Edge_Bottom/proj_cm33_ns/build/Debug/libraries_shared/mtb-dsl-pse8xxgp/pdl/drivers/source/cy_scb_uart.o
[113/168] Building object file C:/Desktop/PSOC_Edge_AI/Demo/01_Basic/PSOC_Edge_Bottom/proj_cm33_ns/build/Debug/libraries_shared/mtb-dsl-pse8xxgp/pdl/drivers/source/cy_smif_hb_flash.o
[114/168] Building object file C:/Desktop/PSOC_Edge_AI/Demo/01_Basic/PSOC_Edge_Bottom/proj_cm33_ns/build/Debug/libraries_shared/mtb-dsl-pse8xxgp/pdl/drivers/source/cy_sd_host.o
[115/168] Building object file C:/Desktop/PSOC_Edge_AI/Demo/01_Basic/PSOC_Edge_Bottom/proj_cm33_ns/build/Debug/libraries_shared/mtb-dsl-pse8xxgp/pdl/drivers/source/cy_smif_memnum.o
[116/168] Building object file C:/Desktop/PSOC_Edge_AI/Demo/01_Basic/PSOC_Edge_Bottom/proj_cm33_ns/build/Debug/libraries_shared/mtb-dsl-pse8xxgp/pdl/drivers/source/cy_sysfault.o
[117/168] Building object file C:/Desktop/PSOC_Edge_AI/Demo/01_Basic/PSOC_Edge_Bottom/proj_cm33_ns/build/Debug/libraries_shared/mtb-dsl-pse8xxgp/pdl/drivers/source/cy_smif.o
[118/168] Building object file C:/Desktop/PSOC_Edge_AI/Demo/01_Basic/PSOC_Edge_Bottom/proj_cm33_ns/build/Debug/libraries_shared/mtb-dsl-pse8xxgp/pdl/drivers/source/cy_sysint_v2.o
[119/168] Building object file C:/Desktop/PSOC_Edge_AI/Demo/01_Basic/PSOC_Edge_Bottom/proj_cm33_ns/build/Debug/libraries_shared/mtb-dsl-pse8xxgp/pdl/drivers/source/cy_syslib.o
[120/168] Building object file C:/Desktop/PSOC_Edge_AI/Demo/01_Basic/PSOC_Edge_Bottom/proj_cm33_ns/build/Debug/libraries_shared/mtb-dsl-pse8xxgp/pdl/drivers/source/cy_syspm_ppu.o
[121/168] Building object file C:/Desktop/PSOC_Edge_AI/Demo/01_Basic/PSOC_Edge_Bottom/proj_cm33_ns/build/Debug/libraries_shared/mtb-dsl-pse8xxgp/pdl/drivers/source/cy_syspm_pdcm.o
[122/168] Building object file C:/Desktop/PSOC_Edge_AI/Demo/01_Basic/PSOC_Edge_Bottom/proj_cm33_ns/build/Debug/libraries_shared/mtb-dsl-pse8xxgp/pdl/drivers/source/cy_smif_memslot.o
[123/168] Building object file C:/Desktop/PSOC_Edge_AI/Demo/01_Basic/PSOC_Edge_Bottom/proj_cm33_ns/build/Debug/libraries_shared/mtb-dsl-pse8xxgp/pdl/drivers/source/cy_systick_v2.o
[124/168] Building object file C:/Desktop/PSOC_Edge_AI/Demo/01_Basic/PSOC_Edge_Bottom/proj_cm33_ns/build/Debug/libraries_shared/mtb-dsl-pse8xxgp/pdl/drivers/source/cy_smif_sfdp.o
[125/168] Building object file C:/Desktop/PSOC_Edge_AI/Demo/01_Basic/PSOC_Edge_Bottom/proj_cm33_ns/build/Debug/libraries_shared/mtb-dsl-pse8xxgp/pdl/drivers/source/cy_systrimm.o
[126/168] Building object file C:/Desktop/PSOC_Edge_AI/Demo/01_Basic/PSOC_Edge_Bottom/proj_cm33_ns/build/Debug/libraries_shared/mtb-dsl-pse8xxgp/pdl/drivers/source/cy_tcpwm_counter.o
[127/168] Building object file C:/Desktop/PSOC_Edge_AI/Demo/01_Basic/PSOC_Edge_Bottom/proj_cm33_ns/build/Debug/libraries_shared/mtb-dsl-pse8xxgp/pdl/drivers/source/cy_syspm_v4.o
[128/168] Building object file C:/Desktop/PSOC_Edge_AI/Demo/01_Basic/PSOC_Edge_Bottom/proj_cm33_ns/build/Debug/libraries_shared/mtb-dsl-pse8xxgp/pdl/drivers/source/cy_tcpwm_quaddec.o
[129/168] Building object file C:/Desktop/PSOC_Edge_AI/Demo/01_Basic/PSOC_Edge_Bottom/proj_cm33_ns/build/Debug/libraries_shared/mtb-dsl-pse8xxgp/pdl/drivers/source/cy_sysclk_v2.o
[130/168] Building object file C:/Desktop/PSOC_Edge_AI/Demo/01_Basic/PSOC_Edge_Bottom/proj_cm33_ns/build/Debug/libraries_shared/mtb-dsl-pse8xxgp/pdl/drivers/source/cy_tcpwm_pwm.o
[131/168] Building object file C:/Desktop/PSOC_Edge_AI/Demo/01_Basic/PSOC_Edge_Bottom/proj_cm33_ns/build/Debug/libraries_shared/mtb-dsl-pse8xxgp/pdl/drivers/source/cy_tcpwm_shiftreg.o
[132/168] Building object file C:/Desktop/PSOC_Edge_AI/Demo/01_Basic/PSOC_Edge_Bottom/proj_cm33_ns/build/Debug/libraries_shared/mtb-dsl-pse8xxgp/pdl/drivers/source/cy_trigmux.o
[133/168] Building object file C:/Desktop/PSOC_Edge_AI/Demo/01_Basic/PSOC_Edge_Bottom/proj_cm33_ns/build/Debug/libraries_shared/mtb-dsl-pse8xxgp/support/source/mtb_stdlib_stubs.o
[134/168] Building object file C:/Desktop/PSOC_Edge_AI/Demo/01_Basic/PSOC_Edge_Bottom/proj_cm33_ns/build/Debug/libraries_shared/mtb-dsl-pse8xxgp/pdl/drivers/source/cy_tdm.o
[135/168] Building object file C:/Desktop/PSOC_Edge_AI/Demo/01_Basic/PSOC_Edge_Bottom/proj_cm33_ns/build/Debug/libraries_shared/mtb-dsl-pse8xxgp/pdl/drivers/source/cy_wdt.o
[136/168] Building object file C:/Desktop/PSOC_Edge_AI/Demo/01_Basic/PSOC_Edge_Bottom/proj_cm33_ns/build/Debug/libraries_shared/se-rt-services-utils/ifx_se_crc32.o
[137/168] Building object file C:/Desktop/PSOC_Edge_AI/Demo/01_Basic/PSOC_Edge_Bottom/proj_cm33_ns/build/Debug/libraries_shared/mtb-dsl-pse8xxgp/pdl/drivers/source/ppu_v1.o
[138/168] Building object file C:/Desktop/PSOC_Edge_AI/Demo/01_Basic/PSOC_Edge_Bottom/proj_cm33_ns/build/Debug/libraries_shared/mtb-dsl-pse8xxgp/pdl/drivers/third_party/ethernet/src/edd_tx.o
[139/168] Building object file C:/Desktop/PSOC_Edge_AI/Demo/01_Basic/PSOC_Edge_Bottom/proj_cm33_ns/build/Debug/libraries_shared/se-rt-services-utils/ifx_se_fih.o
[140/168] Building object file C:/Desktop/PSOC_Edge_AI/Demo/01_Basic/PSOC_Edge_Bottom/proj_cm33_ns/build/Debug/libraries_shared/mtb-srf/source/COMPONENT_NON_SECURE_DEVICE/COMPONENT_MW_MTB_IPC/mtb_srf_ipc.o
[141/168] Building object file C:/Desktop/PSOC_Edge_AI/Demo/01_Basic/PSOC_Edge_Bottom/proj_cm33_ns/build/Debug/libraries_shared/mtb-srf/source/COMPONENT_NON_SECURE_DEVICE/mtb_srf_pool.o
[142/168] Building object file C:/Desktop/PSOC_Edge_AI/Demo/01_Basic/PSOC_Edge_Bottom/proj_cm33_ns/build/Debug/libraries_shared/se-rt-services-utils/ifx_se_platform.o
[143/168] Building object file C:/Desktop/PSOC_Edge_AI/Demo/01_Basic/PSOC_Edge_Bottom/proj_cm33_ns/build/Debug/libraries_shared/mtb-dsl-pse8xxgp/pdl/drivers/third_party/ethernet/src/edd_rx.o
[144/168] Building object file C:/Desktop/PSOC_Edge_AI/Demo/01_Basic/PSOC_Edge_Bottom/proj_cm33_ns/build/Debug/libraries_shared/mtb-srf/source/mtb_srf.o
[145/168] Building object file C:/Desktop/PSOC_Edge_AI/Demo/01_Basic/PSOC_Edge_Bottom/proj_cm33_ns/build/Debug/bsps/APP_KIT_PSE84_AI/bluetooth/cybsp_bt_config.o
[146/168] Building object file C:/Desktop/PSOC_Edge_AI/Demo/01_Basic/PSOC_Edge_Bottom/proj_cm33_ns/build/Debug/libraries_shared/se-rt-services-utils/ifx_se_psacrypto_pqc.o
[147/168] Building object file C:/Desktop/PSOC_Edge_AI/Demo/01_Basic/PSOC_Edge_Bottom/proj_cm33_ns/build/Debug/libraries_shared/se-rt-services-utils/ifx_se_ss_wifi.o
[148/168] Building object file C:/Desktop/PSOC_Edge_AI/Demo/01_Basic/PSOC_Edge_Bottom/proj_cm33_ns/build/Debug/libraries_shared/se-rt-services-utils/ifx_se_syscall.o
[149/168] Building object file C:/Desktop/PSOC_Edge_AI/Demo/01_Basic/PSOC_Edge_Bottom/proj_cm33_ns/build/Debug/libraries_shared/mtb-ipc/source/mtb_ipc.o
[150/168] Building object file C:/Desktop/PSOC_Edge_AI/Demo/01_Basic/PSOC_Edge_Bottom/proj_cm33_ns/build/Debug/libraries_shared/retarget-io/source/cy_retarget_io.o
[151/168] Building object file C:/Desktop/PSOC_Edge_AI/Demo/01_Basic/PSOC_Edge_Bottom/proj_cm33_ns/build/Debug/libraries_shared/se-rt-services-utils/ifx_se_psacrypto.o
[152/168] Building object file C:/Desktop/PSOC_Edge_AI/Demo/01_Basic/PSOC_Edge_Bottom/proj_cm33_ns/build/Debug/libraries_shared/se-rt-services-utils/ifx_se_syscall_builtin.o
[153/168] Building object file C:/Desktop/PSOC_Edge_AI/Demo/01_Basic/PSOC_Edge_Bottom/proj_cm33_ns/build/Debug/libraries_shared/mtb-dsl-pse8xxgp/pdl/drivers/third_party/ethernet/src/edd.o
[154/168] Building object file C:/Desktop/PSOC_Edge_AI/Demo/01_Basic/PSOC_Edge_Bottom/proj_cm33_ns/build/Debug/bsps/APP_KIT_PSE84_AI/COMPONENT_CM33/COMPONENT_NON_SECURE_DEVICE/ns_start_pse84.o
[155/168] Building object file C:/Desktop/PSOC_Edge_AI/Demo/01_Basic/PSOC_Edge_Bottom/proj_cm33_ns/build/Debug/bsps/APP_KIT_PSE84_AI/config/GeneratedSource/cycfg_pins.o
[156/168] Building object file C:/Desktop/PSOC_Edge_AI/Demo/01_Basic/PSOC_Edge_Bottom/proj_cm33_ns/build/Debug/bsps/APP_KIT_PSE84_AI/config/GeneratedSource/cycfg_peripheral_clocks.o
[157/168] Building object file C:/Desktop/PSOC_Edge_AI/Demo/01_Basic/PSOC_Edge_Bottom/proj_cm33_ns/build/Debug/bsps/APP_KIT_PSE84_AI/config/GeneratedSource/cycfg_protection.o
[158/168] Building object file C:/Desktop/PSOC_Edge_AI/Demo/01_Basic/PSOC_Edge_Bottom/proj_cm33_ns/build/Debug/bsps/APP_KIT_PSE84_AI/config/GeneratedSource/cycfg_routing.o
[159/168] Building object file C:/Desktop/PSOC_Edge_AI/Demo/01_Basic/PSOC_Edge_Bottom/proj_cm33_ns/build/Debug/bsps/APP_KIT_PSE84_AI/config/GeneratedSource/cycfg_clocks.o
[160/168] Building object file C:/Desktop/PSOC_Edge_AI/Demo/01_Basic/PSOC_Edge_Bottom/proj_cm33_ns/build/Debug/bsps/APP_KIT_PSE84_AI/config/GeneratedSource/cycfg_qspi_memslot.o
[161/168] Building object file C:/Desktop/PSOC_Edge_AI/Demo/01_Basic/PSOC_Edge_Bottom/proj_cm33_ns/build/Debug/bsps/APP_KIT_PSE84_AI/config/GeneratedSource/cycfg_system.o
[162/168] Building object file C:/Desktop/PSOC_Edge_AI/Demo/01_Basic/PSOC_Edge_Bottom/proj_cm33_ns/build/Debug/bsps/APP_KIT_PSE84_AI/system_edge.o
[163/168] Building object file C:/Desktop/PSOC_Edge_AI/Demo/01_Basic/PSOC_Edge_Bottom/proj_cm33_ns/build/Debug/bsps/APP_KIT_PSE84_AI/config/GeneratedSource/cycfg_dmas.o
[164/168] Building object file C:/Desktop/PSOC_Edge_AI/Demo/01_Basic/PSOC_Edge_Bottom/proj_cm33_ns/build/Debug/bsps/APP_KIT_PSE84_AI/COMPONENT_CM33/COMPONENT_NON_SECURE_DEVICE/ns_system_pse84.o
[165/168] Building object file C:/Desktop/PSOC_Edge_AI/Demo/01_Basic/PSOC_Edge_Bottom/proj_cm33_ns/build/Debug/bsps/APP_KIT_PSE84_AI/config/GeneratedSource/cycfg.o
[166/168] Building object file C:/Desktop/PSOC_Edge_AI/Demo/01_Basic/PSOC_Edge_Bottom/proj_cm33_ns/build/Debug/bsps/APP_KIT_PSE84_AI/config/GeneratedSource/cycfg_peripherals.o
[167/168] Building object file C:/Desktop/PSOC_Edge_AI/Demo/01_Basic/PSOC_Edge_Bottom/proj_cm33_ns/build/Debug/bsps/APP_KIT_PSE84_AI/cybsp.o
[168/168] Linking, creating elf file build/APP_KIT_PSE84_AI/Debug/proj_cm33_ns.elf
FAILED: build/APP_KIT_PSE84_AI/Debug/proj_cm33_ns.elf 
C:/Users/User/Infineon/Tools/mtb-gcc-arm-eabi/14.2.1/gcc/bin/arm-none-eabi-g++.exe -mcpu=cortex-m33 --specs=nano.specs -mfloat-abi=softfp -mfpu=fpv5-sp-d16 -mthumb -ffunction-sections -fdata-sections -ffat-lto-objects -g -Wall -pipe -Wl,--gc-sections -Xlinker -L ../bsps/TARGET_APP_KIT_PSE84_AI/COMPONENT_CM33/TOOLCHAIN_GCC_ARM -Xlinker -L ../bsps/TARGET_APP_KIT_PSE84_AI/config/GeneratedSource -T../bsps/TARGET_APP_KIT_PSE84_AI/COMPONENT_CM33/TOOLCHAIN_GCC_ARM/pse84_ns_cm33.ld -Wl,-Map,C:/Desktop/PSOC_Edge_AI/Demo/01_Basic/PSOC_Edge_Bottom/proj_cm33_ns/build/APP_KIT_PSE84_AI/Debug/proj_cm33_ns.map -Wl,--start-group @build/APP_KIT_PSE84_AI/Debug/proj_cm33_ns.elf.rsp -Wl,--end-group -o build/APP_KIT_PSE84_AI/Debug/proj_cm33_ns.elf
C:/Users/User/Infineon/Tools/mtb-gcc-arm-eabi/14.2.1/gcc/bin/../lib/gcc/arm-none-eabi/14.2.1/../../../../arm-none-eabi/bin/ld.exe: cannot find ../proj_cm33_s/nsc_veneer.o: No such file or directory
make: *** [../../mtb_shared/core-make/release-v3.10.0/make/core/ninja.mk:252: C:/Desktop/PSOC_Edge_AI/Demo/01_Basic/PSOC_Edge_Bottom/proj_cm33_ns/build/APP_KIT_PSE84_AI/Debug/proj_cm33_ns.elf] Error 1
collect2.exe: error: ld returned 1 exit status
ninja: build stopped: subcommand failed.
"C:/Users/User/ModusToolbox/tools_3.9/modus-shell/bin/make CY_MAKE_IDE=eclipse CY_IDE_TOOLS_DIR=C:/Users/User/ModusToolbox/tools_3.9 CY_IDE_BT_TOOLS_DIR= -j12 build_proj" terminated with exit code 2. Build might be incomplete.
16:11:06 **** Build of configuration Debug for project PSOC_Edge_IRT ****
"C:\\Users\\User\\ModusToolbox\\tools_3.9\\modus-shell\\bin\\make" CY_MAKE_IDE=eclipse CY_IDE_TOOLS_DIR=C:/Users/User/ModusToolbox/tools_3.9 CY_IDE_BT_TOOLS_DIR= -j12 all 
Searching installed tools in progress...
Searching installed tools complete
/usr/bin/make -C proj_cm33_s build_proj MTB_APPLICATION_SUBPROJECTS="proj_cm33_s proj_cm33_ns proj_cm55" MTB_APPLICATION_NAME="PSOC_Edge_IRT" MTB_APPLICATION_PROMOTE=true && /usr/bin/make -C proj_cm33_ns build_proj MTB_APPLICATION_SUBPROJECTS="proj_cm33_s proj_cm33_ns proj_cm55" MTB_APPLICATION_NAME="PSOC_Edge_IRT" MTB_APPLICATION_PROMOTE=true && /usr/bin/make -C proj_cm55 build_proj MTB_APPLICATION_SUBPROJECTS="proj_cm33_s proj_cm33_ns proj_cm55" MTB_APPLICATION_NAME="PSOC_Edge_IRT" MTB_APPLICATION_PROMOTE=true && true
make[1]: Entering directory '/cygdrive/c/Desktop/PSOC_Edge_AI/Demo/01_Basic/PSOC_Edge_IRT/proj_cm33_s'
Use of the FPU on a secure project may be susceptible to an VLLDM Instruction Security Vulnerability (CVE-2021-35465). Verify the toolchain you are using already provides a workaround or use VFP_SELECT=softfloat instead of VFP_SELECT=. For more information see https://developer.arm.com/Arm%20Security%20Center/VLLDM%20Instruction%20Security%20Vulnerability
NOTE: Using 'C:/Users/User/ModusToolbox/tools_3.9/ninja/ninja.exe' from PATH.
Generating mtbninja data files...
Generating mtbninja data complete...
Toolchain validation: PASS
Initializing build: proj_cm33_s Debug APP_KIT_PSE84_AI GCC_ARM

Prebuild operations complete
# 0: Loading the application in directory 'C:/Desktop/PSOC_Edge_AI/Demo/01_Basic/PSOC_Edge_IRT/proj_cm33_s'
# 0: Loading the ModusToolbox Technology Packs and Early Access Packs
# 0: Loading the tools information
[1/165] Building object file C:/Desktop/PSOC_Edge_AI/Demo/01_Basic/PSOC_Edge_IRT/proj_cm33_s/build/Debug/libraries_shared/mtb-dsl-pse8xxgp/pdl/drivers/source/TOOLCHAIN_GCC_ARM/cy_syslib_ext.o
[2/165] Building object file C:/Desktop/PSOC_Edge_AI/Demo/01_Basic/PSOC_Edge_IRT/proj_cm33_s/build/Debug/libraries_shared/bt-fw-mur-cyw55513/COMPONENT_MURATA-2FY/btfw.o
[3/165] Building object file C:/Desktop/PSOC_Edge_AI/Demo/01_Basic/PSOC_Edge_IRT/proj_cm33_s/build/Debug/libraries_shared/async-transfer/source/mtb_async_transfer.o
[4/165] Building object file C:/Desktop/PSOC_Edge_AI/Demo/01_Basic/PSOC_Edge_IRT/proj_cm33_s/build/Debug/libraries_shared/mtb-dsl-pse8xxgp/device-utils/syspm/source/mtb_syspm_callbacks_pdm_pcm.o
[5/165] Building object file C:/Desktop/PSOC_Edge_AI/Demo/01_Basic/PSOC_Edge_IRT/proj_cm33_s/build/Debug/libraries_shared/mtb-dsl-pse8xxgp/device-utils/syspm/source/mtb_syspm_callbacks_i2s_tdm.o
[6/165] Building object file C:/Desktop/PSOC_Edge_AI/Demo/01_Basic/PSOC_Edge_IRT/proj_cm33_s/build/Debug/libraries_shared/mtb-dsl-pse8xxgp/device-utils/syspm/source/mtb_syspm_callbacks_scb_uart.o
[7/165] Building object file C:/Desktop/PSOC_Edge_AI/Demo/01_Basic/PSOC_Edge_IRT/proj_cm33_s/build/Debug/libraries_shared/mtb-dsl-pse8xxgp/device-utils/syspm/source/mtb_syspm_callbacks_dma.o
[8/165] Building object file C:/Desktop/PSOC_Edge_AI/Demo/01_Basic/PSOC_Edge_IRT/proj_cm33_s/build/Debug/libraries_shared/mtb-dsl-pse8xxgp/hal/source/mtb_hal_clock.o
[9/165] Building object file C:/Desktop/PSOC_Edge_AI/Demo/01_Basic/PSOC_Edge_IRT/proj_cm33_s/build/Debug/libraries_shared/mtb-dsl-pse8xxgp/device-utils/syspm/source/mtb_syspm_callbacks_tcpwm.o
[10/165] Building object file C:/Desktop/PSOC_Edge_AI/Demo/01_Basic/PSOC_Edge_IRT/proj_cm33_s/build/Debug/libraries_shared/mtb-dsl-pse8xxgp/hal/source/mtb_hal_comp.o
[11/165] Building object file C:/Desktop/PSOC_Edge_AI/Demo/01_Basic/PSOC_Edge_IRT/proj_cm33_s/build/Debug/libraries_shared/mtb-dsl-pse8xxgp/device-utils/syspm/source/mtb_syspm_callbacks_nvm.o
[12/165] Building object file C:/Desktop/PSOC_Edge_AI/Demo/01_Basic/PSOC_Edge_IRT/proj_cm33_s/build/Debug/libraries_shared/mtb-dsl-pse8xxgp/device-utils/syspm/source/mtb_syspm_callbacks_smif.o
[13/165] Building object file C:/Desktop/PSOC_Edge_AI/Demo/01_Basic/PSOC_Edge_IRT/proj_cm33_s/build/Debug/libraries_shared/mtb-dsl-pse8xxgp/hal/source/mtb_hal_adc_sar.o
[14/165] Building object file C:/Desktop/PSOC_Edge_AI/Demo/01_Basic/PSOC_Edge_IRT/proj_cm33_s/build/Debug/local/main.o
[15/165] Building object file C:/Desktop/PSOC_Edge_AI/Demo/01_Basic/PSOC_Edge_IRT/proj_cm33_s/build/Debug/libraries_shared/mtb-dsl-pse8xxgp/hal/source/mtb_hal_dma_dmac.o
[16/165] Building object file C:/Desktop/PSOC_Edge_AI/Demo/01_Basic/PSOC_Edge_IRT/proj_cm33_s/build/Debug/libraries_shared/mtb-dsl-pse8xxgp/hal/source/mtb_hal_dma.o
[17/165] Building object file C:/Desktop/PSOC_Edge_AI/Demo/01_Basic/PSOC_Edge_IRT/proj_cm33_s/build/Debug/libraries_shared/mtb-dsl-pse8xxgp/hal/source/mtb_hal_gpio.o
[18/165] Building object file C:/Desktop/PSOC_Edge_AI/Demo/01_Basic/PSOC_Edge_IRT/proj_cm33_s/build/Debug/libraries_shared/mtb-dsl-pse8xxgp/hal/source/mtb_hal_lptimer.o
[19/165] Building object file C:/Desktop/PSOC_Edge_AI/Demo/01_Basic/PSOC_Edge_IRT/proj_cm33_s/build/Debug/libraries_shared/mtb-dsl-pse8xxgp/hal/source/mtb_hal_i2c.o
[20/165] Building object file C:/Desktop/PSOC_Edge_AI/Demo/01_Basic/PSOC_Edge_IRT/proj_cm33_s/build/Debug/libraries_shared/mtb-dsl-pse8xxgp/hal/source/mtb_hal_lptimer_common.o
[21/165] Building object file C:/Desktop/PSOC_Edge_AI/Demo/01_Basic/PSOC_Edge_IRT/proj_cm33_s/build/Debug/libraries_shared/mtb-dsl-pse8xxgp/hal/source/mtb_hal_memoryspi.o
[22/165] Building object file C:/Desktop/PSOC_Edge_AI/Demo/01_Basic/PSOC_Edge_IRT/proj_cm33_s/build/Debug/libraries_shared/mtb-dsl-pse8xxgp/hal/source/mtb_hal_nvm.o
[23/165] Building object file C:/Desktop/PSOC_Edge_AI/Demo/01_Basic/PSOC_Edge_IRT/proj_cm33_s/build/Debug/libraries_shared/mtb-dsl-pse8xxgp/hal/source/mtb_hal_pwm.o
[24/165] Building object file C:/Desktop/PSOC_Edge_AI/Demo/01_Basic/PSOC_Edge_IRT/proj_cm33_s/build/Debug/libraries_shared/mtb-dsl-pse8xxgp/hal/source/mtb_hal_dma_dw.o
[25/165] Building object file C:/Desktop/PSOC_Edge_AI/Demo/01_Basic/PSOC_Edge_IRT/proj_cm33_s/build/Debug/libraries_shared/mtb-dsl-pse8xxgp/hal/source/mtb_hal_nvm_mxs22rramc.o
[26/165] Building object file C:/Desktop/PSOC_Edge_AI/Demo/01_Basic/PSOC_Edge_IRT/proj_cm33_s/build/Debug/libraries_shared/mtb-dsl-pse8xxgp/hal/source/mtb_hal_rtc.o
[27/165] Building object file C:/Desktop/PSOC_Edge_AI/Demo/01_Basic/PSOC_Edge_IRT/proj_cm33_s/build/Debug/libraries_shared/mtb-dsl-pse8xxgp/hal/source/mtb_hal_lptimer_mcwdt.o
[28/165] Building object file C:/Desktop/PSOC_Edge_AI/Demo/01_Basic/PSOC_Edge_IRT/proj_cm33_s/build/Debug/libraries_shared/mtb-dsl-pse8xxgp/hal/source/mtb_hal_system.o
[29/165] Building object file C:/Desktop/PSOC_Edge_AI/Demo/01_Basic/PSOC_Edge_IRT/proj_cm33_s/build/Debug/libraries_shared/mtb-dsl-pse8xxgp/hal/source/mtb_hal_syspm.o
[30/165] Building object file C:/Desktop/PSOC_Edge_AI/Demo/01_Basic/PSOC_Edge_IRT/proj_cm33_s/build/Debug/libraries_shared/mtb-dsl-pse8xxgp/hal/source/mtb_hal_sdhc.o
[31/165] Building object file C:/Desktop/PSOC_Edge_AI/Demo/01_Basic/PSOC_Edge_IRT/proj_cm33_s/build/Debug/libraries_shared/mtb-dsl-pse8xxgp/hal/source/mtb_hal_timer.o
[32/165] Building object file C:/Desktop/PSOC_Edge_AI/Demo/01_Basic/PSOC_Edge_IRT/proj_cm33_s/build/Debug/libraries_shared/mtb-dsl-pse8xxgp/nnkernel/COMPONENT_CM33/source/cy_nn_dma_helper.o
[33/165] Building object file C:/Desktop/PSOC_Edge_AI/Demo/01_Basic/PSOC_Edge_IRT/proj_cm33_s/build/Debug/libraries_shared/mtb-dsl-pse8xxgp/hal/source/mtb_hal_utils_impl.o
[34/165] Building object file C:/Desktop/PSOC_Edge_AI/Demo/01_Basic/PSOC_Edge_IRT/proj_cm33_s/build/Debug/libraries_shared/mtb-dsl-pse8xxgp/nnkernel/COMPONENT_CM33/source/cy_nn_lstm_calculate_gate_s8_s16.o
[35/165] Building object file C:/Desktop/PSOC_Edge_AI/Demo/01_Basic/PSOC_Edge_IRT/proj_cm33_s/build/Debug/libraries_shared/mtb-dsl-pse8xxgp/nnkernel/COMPONENT_CM33/source/cy_nn_lstm_unidirectional_s8_s16.o
[36/165] Building object file C:/Desktop/PSOC_Edge_AI/Demo/01_Basic/PSOC_Edge_IRT/proj_cm33_s/build/Debug/libraries_shared/mtb-dsl-pse8xxgp/hal/source/mtb_hal_spi.o
[37/165] Building object file C:/Desktop/PSOC_Edge_AI/Demo/01_Basic/PSOC_Edge_IRT/proj_cm33_s/build/Debug/libraries_shared/mtb-dsl-pse8xxgp/nnkernel/COMPONENT_CM33/source/cy_nn_lstm_step_s8_s16.o
[38/165] Building object file C:/Desktop/PSOC_Edge_AI/Demo/01_Basic/PSOC_Edge_IRT/proj_cm33_s/build/Debug/libraries_shared/mtb-dsl-pse8xxgp/hal/source/mtb_hal_uart.o
[39/165] Building object file C:/Desktop/PSOC_Edge_AI/Demo/01_Basic/PSOC_Edge_IRT/proj_cm33_s/build/Debug/libraries_shared/mtb-dsl-pse8xxgp/nnkernel/COMPONENT_CM33/source/cy_nn_lstm_update_cell_state_s16.o
[40/165] Building object file C:/Desktop/PSOC_Edge_AI/Demo/01_Basic/PSOC_Edge_IRT/proj_cm33_s/build/Debug/libraries_shared/mtb-dsl-pse8xxgp/nnkernel/COMPONENT_CM33/source/cy_nn_lstm_update_output_s8_s16.o
[41/165] Building object file C:/Desktop/PSOC_Edge_AI/Demo/01_Basic/PSOC_Edge_IRT/proj_cm33_s/build/Debug/libraries_shared/mtb-dsl-pse8xxgp/pdl/drivers/source/cy_autanalog_ctb.o
[42/165] Building object file C:/Desktop/PSOC_Edge_AI/Demo/01_Basic/PSOC_Edge_IRT/proj_cm33_s/build/Debug/libraries_shared/mtb-dsl-pse8xxgp/pdl/drivers/source/cy_autanalog_ac.o
[43/165] Building object file C:/Desktop/PSOC_Edge_AI/Demo/01_Basic/PSOC_Edge_IRT/proj_cm33_s/build/Debug/libraries_shared/mtb-dsl-pse8xxgp/pdl/drivers/source/cy_autanalog_ptc.o
[44/165] Building object file C:/Desktop/PSOC_Edge_AI/Demo/01_Basic/PSOC_Edge_IRT/proj_cm33_s/build/Debug/libraries_shared/mtb-dsl-pse8xxgp/pdl/drivers/source/cy_autanalog_dac.o
[45/165] Building object file C:/Desktop/PSOC_Edge_AI/Demo/01_Basic/PSOC_Edge_IRT/proj_cm33_s/build/Debug/libraries_shared/mtb-dsl-pse8xxgp/pdl/drivers/source/cy_autanalog.o
[46/165] Building object file C:/Desktop/PSOC_Edge_AI/Demo/01_Basic/PSOC_Edge_IRT/proj_cm33_s/build/Debug/libraries_shared/mtb-dsl-pse8xxgp/nnkernel/COMPONENT_CM33/source/cy_nn_kernel.o
[47/165] Building object file C:/Desktop/PSOC_Edge_AI/Demo/01_Basic/PSOC_Edge_IRT/proj_cm33_s/build/Debug/libraries_shared/mtb-dsl-pse8xxgp/pdl/drivers/source/cy_crypto_core_chacha.o
[48/165] Building object file C:/Desktop/PSOC_Edge_AI/Demo/01_Basic/PSOC_Edge_IRT/proj_cm33_s/build/Debug/libraries_shared/mtb-dsl-pse8xxgp/pdl/drivers/source/cy_axidmac.o
[49/165] Building object file C:/Desktop/PSOC_Edge_AI/Demo/01_Basic/PSOC_Edge_IRT/proj_cm33_s/build/Debug/libraries_shared/mtb-dsl-pse8xxgp/pdl/devices/source/cy_device.o
[50/165] Building object file C:/Desktop/PSOC_Edge_AI/Demo/01_Basic/PSOC_Edge_IRT/proj_cm33_s/build/Debug/libraries_shared/mtb-dsl-pse8xxgp/pdl/drivers/source/cy_autanalog_sar.o
[51/165] Building object file C:/Desktop/PSOC_Edge_AI/Demo/01_Basic/PSOC_Edge_IRT/proj_cm33_s/build/Debug/libraries_shared/mtb-dsl-pse8xxgp/pdl/drivers/source/cy_crypto.o
[52/165] Building object file C:/Desktop/PSOC_Edge_AI/Demo/01_Basic/PSOC_Edge_IRT/proj_cm33_s/build/Debug/libraries_shared/mtb-dsl-pse8xxgp/pdl/drivers/source/cy_crypto_core_aes_v1.o
[53/165] Building object file C:/Desktop/PSOC_Edge_AI/Demo/01_Basic/PSOC_Edge_IRT/proj_cm33_s/build/Debug/libraries_shared/mtb-dsl-pse8xxgp/pdl/drivers/source/cy_crypto_core_crc_v1.o
[54/165] Building object file C:/Desktop/PSOC_Edge_AI/Demo/01_Basic/PSOC_Edge_IRT/proj_cm33_s/build/Debug/libraries_shared/mtb-dsl-pse8xxgp/pdl/drivers/source/cy_canfd.o
[55/165] Building object file C:/Desktop/PSOC_Edge_AI/Demo/01_Basic/PSOC_Edge_IRT/proj_cm33_s/build/Debug/libraries_shared/mtb-dsl-pse8xxgp/pdl/drivers/source/cy_crypto_core_cmac_v2.o
[56/165] Building object file C:/Desktop/PSOC_Edge_AI/Demo/01_Basic/PSOC_Edge_IRT/proj_cm33_s/build/Debug/libraries_shared/mtb-dsl-pse8xxgp/pdl/drivers/source/cy_crypto_core_cmac_v1.o
[57/165] Building object file C:/Desktop/PSOC_Edge_AI/Demo/01_Basic/PSOC_Edge_IRT/proj_cm33_s/build/Debug/libraries_shared/mtb-dsl-pse8xxgp/pdl/drivers/source/cy_crypto_core_crc_v2.o
[58/165] Building object file C:/Desktop/PSOC_Edge_AI/Demo/01_Basic/PSOC_Edge_IRT/proj_cm33_s/build/Debug/libraries_shared/mtb-dsl-pse8xxgp/pdl/drivers/source/cy_crypto_core_des_v2.o
[59/165] Building object file C:/Desktop/PSOC_Edge_AI/Demo/01_Basic/PSOC_Edge_IRT/proj_cm33_s/build/Debug/libraries_shared/mtb-dsl-pse8xxgp/pdl/drivers/source/cy_crypto_core_ecc_domain_params.o
[60/165] Building object file C:/Desktop/PSOC_Edge_AI/Demo/01_Basic/PSOC_Edge_IRT/proj_cm33_s/build/Debug/libraries_shared/mtb-dsl-pse8xxgp/pdl/drivers/source/cy_crypto_core_aes_v2.o
[61/165] Building object file C:/Desktop/PSOC_Edge_AI/Demo/01_Basic/PSOC_Edge_IRT/proj_cm33_s/build/Debug/libraries_shared/mtb-dsl-pse8xxgp/pdl/drivers/source/cy_crypto_core_des_v1.o
[62/165] Building object file C:/Desktop/PSOC_Edge_AI/Demo/01_Basic/PSOC_Edge_IRT/proj_cm33_s/build/Debug/libraries_shared/mtb-dsl-pse8xxgp/pdl/drivers/source/cy_crypto_core_hkdf_v2.o
[63/165] Building object file C:/Desktop/PSOC_Edge_AI/Demo/01_Basic/PSOC_Edge_IRT/proj_cm33_s/build/Debug/libraries_shared/mtb-dsl-pse8xxgp/pdl/drivers/source/cy_crypto_core_ecc_key_gen.o
[64/165] Building object file C:/Desktop/PSOC_Edge_AI/Demo/01_Basic/PSOC_Edge_IRT/proj_cm33_s/build/Debug/libraries_shared/mtb-dsl-pse8xxgp/pdl/drivers/source/cy_crypto_core_ecc_ec25519.o
[65/165] Building object file C:/Desktop/PSOC_Edge_AI/Demo/01_Basic/PSOC_Edge_IRT/proj_cm33_s/build/Debug/libraries_shared/mtb-dsl-pse8xxgp/pdl/drivers/source/cy_crypto_core_hmac_v1.o
[66/165] Building object file C:/Desktop/PSOC_Edge_AI/Demo/01_Basic/PSOC_Edge_IRT/proj_cm33_s/build/Debug/libraries_shared/mtb-dsl-pse8xxgp/pdl/drivers/source/cy_crypto_core_hw_v1.o
[67/165] Building object file C:/Desktop/PSOC_Edge_AI/Demo/01_Basic/PSOC_Edge_IRT/proj_cm33_s/build/Debug/libraries_shared/mtb-dsl-pse8xxgp/pdl/drivers/source/cy_crypto_core_ecc_ecdsa.o
[68/165] Building object file C:/Desktop/PSOC_Edge_AI/Demo/01_Basic/PSOC_Edge_IRT/proj_cm33_s/build/Debug/libraries_shared/mtb-dsl-pse8xxgp/pdl/drivers/source/cy_crypto_core_hw.o
[69/165] Building object file C:/Desktop/PSOC_Edge_AI/Demo/01_Basic/PSOC_Edge_IRT/proj_cm33_s/build/Debug/libraries_shared/mtb-dsl-pse8xxgp/pdl/drivers/source/cy_crypto_core_hmac_v2.o
[70/165] Building object file C:/Desktop/PSOC_Edge_AI/Demo/01_Basic/PSOC_Edge_IRT/proj_cm33_s/build/Debug/libraries_shared/mtb-dsl-pse8xxgp/pdl/drivers/source/cy_crypto_core_ecc_eddsa.o
[71/165] Building object file C:/Desktop/PSOC_Edge_AI/Demo/01_Basic/PSOC_Edge_IRT/proj_cm33_s/build/Debug/libraries_shared/mtb-dsl-pse8xxgp/pdl/drivers/source/cy_crypto_core_mem_v1.o
[72/165] Building object file C:/Desktop/PSOC_Edge_AI/Demo/01_Basic/PSOC_Edge_IRT/proj_cm33_s/build/Debug/libraries_shared/mtb-dsl-pse8xxgp/pdl/drivers/source/cy_crypto_core_ecc_nist_p.o
[73/165] Building object file C:/Desktop/PSOC_Edge_AI/Demo/01_Basic/PSOC_Edge_IRT/proj_cm33_s/build/Debug/libraries_shared/mtb-dsl-pse8xxgp/pdl/drivers/source/cy_crypto_core_prng_v2.o
[74/165] Building object file C:/Desktop/PSOC_Edge_AI/Demo/01_Basic/PSOC_Edge_IRT/proj_cm33_s/build/Debug/libraries_shared/mtb-dsl-pse8xxgp/pdl/drivers/source/cy_crypto_core_mem_v2.o
[75/165] Building object file C:/Desktop/PSOC_Edge_AI/Demo/01_Basic/PSOC_Edge_IRT/proj_cm33_s/build/Debug/libraries_shared/mtb-dsl-pse8xxgp/pdl/drivers/source/cy_crypto_core_poly1305.o
[76/165] Building object file C:/Desktop/PSOC_Edge_AI/Demo/01_Basic/PSOC_Edge_IRT/proj_cm33_s/build/Debug/libraries_shared/mtb-dsl-pse8xxgp/pdl/drivers/source/cy_crypto_core_sha_v2.o
[77/165] Building object file C:/Desktop/PSOC_Edge_AI/Demo/01_Basic/PSOC_Edge_IRT/proj_cm33_s/build/Debug/libraries_shared/mtb-dsl-pse8xxgp/pdl/drivers/source/cy_crypto_core_trng.o
[78/165] Building object file C:/Desktop/PSOC_Edge_AI/Demo/01_Basic/PSOC_Edge_IRT/proj_cm33_s/build/Debug/libraries_shared/mtb-dsl-pse8xxgp/pdl/drivers/source/cy_crypto_core_sha_v1.o
[79/165] Building object file C:/Desktop/PSOC_Edge_AI/Demo/01_Basic/PSOC_Edge_IRT/proj_cm33_s/build/Debug/libraries_shared/mtb-dsl-pse8xxgp/pdl/drivers/source/cy_crypto_core_vu.o
[80/165] Building object file C:/Desktop/PSOC_Edge_AI/Demo/01_Basic/PSOC_Edge_IRT/proj_cm33_s/build/Debug/libraries_shared/mtb-dsl-pse8xxgp/pdl/drivers/source/cy_crypto_core_prng_v1.o
[81/165] Building object file C:/Desktop/PSOC_Edge_AI/Demo/01_Basic/PSOC_Edge_IRT/proj_cm33_s/build/Debug/libraries_shared/mtb-dsl-pse8xxgp/pdl/drivers/source/cy_dma.o
[82/165] Building object file C:/Desktop/PSOC_Edge_AI/Demo/01_Basic/PSOC_Edge_IRT/proj_cm33_s/build/Debug/libraries_shared/mtb-dsl-pse8xxgp/pdl/drivers/source/cy_crypto_utils.o
[83/165] Building object file C:/Desktop/PSOC_Edge_AI/Demo/01_Basic/PSOC_Edge_IRT/proj_cm33_s/build/Debug/libraries_shared/mtb-dsl-pse8xxgp/pdl/drivers/source/cy_crypto_core_rsa.o
[84/165] Building object file C:/Desktop/PSOC_Edge_AI/Demo/01_Basic/PSOC_Edge_IRT/proj_cm33_s/build/Debug/libraries_shared/mtb-dsl-pse8xxgp/pdl/drivers/source/cy_crypto_server.o
[85/165] Building object file C:/Desktop/PSOC_Edge_AI/Demo/01_Basic/PSOC_Edge_IRT/proj_cm33_s/build/Debug/libraries_shared/mtb-dsl-pse8xxgp/pdl/drivers/source/cy_ephy.o
[86/165] Building object file C:/Desktop/PSOC_Edge_AI/Demo/01_Basic/PSOC_Edge_IRT/proj_cm33_s/build/Debug/libraries_shared/mtb-dsl-pse8xxgp/pdl/drivers/source/cy_gpio.o
[87/165] Building object file C:/Desktop/PSOC_Edge_AI/Demo/01_Basic/PSOC_Edge_IRT/proj_cm33_s/build/Debug/libraries_shared/mtb-dsl-pse8xxgp/pdl/drivers/source/cy_ipc_drv.o
[88/165] Building object file C:/Desktop/PSOC_Edge_AI/Demo/01_Basic/PSOC_Edge_IRT/proj_cm33_s/build/Debug/libraries_shared/mtb-dsl-pse8xxgp/pdl/drivers/source/cy_ethif.o
[89/165] Building object file C:/Desktop/PSOC_Edge_AI/Demo/01_Basic/PSOC_Edge_IRT/proj_cm33_s/build/Debug/libraries_shared/mtb-dsl-pse8xxgp/pdl/drivers/source/cy_ipc_sema.o
[90/165] Building object file C:/Desktop/PSOC_Edge_AI/Demo/01_Basic/PSOC_Edge_IRT/proj_cm33_s/build/Debug/libraries_shared/mtb-dsl-pse8xxgp/pdl/drivers/source/cy_ipc_pipe.o
[91/165] Building object file C:/Desktop/PSOC_Edge_AI/Demo/01_Basic/PSOC_Edge_IRT/proj_cm33_s/build/Debug/libraries_shared/mtb-dsl-pse8xxgp/pdl/drivers/source/cy_ms_ctl.o
[92/165] Building object file C:/Desktop/PSOC_Edge_AI/Demo/01_Basic/PSOC_Edge_IRT/proj_cm33_s/build/Debug/libraries_shared/mtb-dsl-pse8xxgp/pdl/drivers/source/cy_mcwdt.o
[93/165] Building object file C:/Desktop/PSOC_Edge_AI/Demo/01_Basic/PSOC_Edge_IRT/proj_cm33_s/build/Debug/libraries_shared/mtb-dsl-pse8xxgp/pdl/drivers/source/cy_lvd.o
[94/165] Building object file C:/Desktop/PSOC_Edge_AI/Demo/01_Basic/PSOC_Edge_IRT/proj_cm33_s/build/Debug/libraries_shared/mtb-dsl-pse8xxgp/pdl/drivers/source/cy_lpcomp.o
[95/165] Building object file C:/Desktop/PSOC_Edge_AI/Demo/01_Basic/PSOC_Edge_IRT/proj_cm33_s/build/Debug/libraries_shared/mtb-dsl-pse8xxgp/pdl/drivers/source/cy_mipidsi.o
[96/165] Building object file C:/Desktop/PSOC_Edge_AI/Demo/01_Basic/PSOC_Edge_IRT/proj_cm33_s/build/Debug/libraries_shared/mtb-dsl-pse8xxgp/pdl/drivers/source/cy_mpc.o
[97/165] Building object file C:/Desktop/PSOC_Edge_AI/Demo/01_Basic/PSOC_Edge_IRT/proj_cm33_s/build/Debug/libraries_shared/mtb-dsl-pse8xxgp/pdl/drivers/source/cy_pdl_srf.o
[98/165] Building object file C:/Desktop/PSOC_Edge_AI/Demo/01_Basic/PSOC_Edge_IRT/proj_cm33_s/build/Debug/libraries_shared/mtb-dsl-pse8xxgp/pdl/drivers/source/cy_ppc.o
[99/165] Building object file C:/Desktop/PSOC_Edge_AI/Demo/01_Basic/PSOC_Edge_IRT/proj_cm33_s/build/Debug/libraries_shared/mtb-dsl-pse8xxgp/pdl/drivers/source/cy_nnlite.o
[100/165] Building object file C:/Desktop/PSOC_Edge_AI/Demo/01_Basic/PSOC_Edge_IRT/proj_cm33_s/build/Debug/libraries_shared/mtb-dsl-pse8xxgp/pdl/drivers/source/cy_i3c.o
[101/165] Building object file C:/Desktop/PSOC_Edge_AI/Demo/01_Basic/PSOC_Edge_IRT/proj_cm33_s/build/Debug/libraries_shared/mtb-dsl-pse8xxgp/pdl/drivers/source/cy_pdm_pcm_v2.o
[102/165] Building object file C:/Desktop/PSOC_Edge_AI/Demo/01_Basic/PSOC_Edge_IRT/proj_cm33_s/build/Debug/libraries_shared/mtb-dsl-pse8xxgp/pdl/drivers/source/cy_pdl_srf_common.o
[103/165] Building object file C:/Desktop/PSOC_Edge_AI/Demo/01_Basic/PSOC_Edge_IRT/proj_cm33_s/build/Debug/libraries_shared/mtb-dsl-pse8xxgp/pdl/drivers/source/cy_rram.o
[104/165] Building object file C:/Desktop/PSOC_Edge_AI/Demo/01_Basic/PSOC_Edge_IRT/proj_cm33_s/build/Debug/libraries_shared/mtb-dsl-pse8xxgp/pdl/drivers/source/cy_rtc.o
[105/165] Building object file C:/Desktop/PSOC_Edge_AI/Demo/01_Basic/PSOC_Edge_IRT/proj_cm33_s/build/Debug/libraries_shared/mtb-dsl-pse8xxgp/pdl/drivers/source/cy_scb_ezi2c.o
[106/165] Building object file C:/Desktop/PSOC_Edge_AI/Demo/01_Basic/PSOC_Edge_IRT/proj_cm33_s/build/Debug/libraries_shared/mtb-dsl-pse8xxgp/pdl/drivers/source/cy_scb_i2c.o
[107/165] Building object file C:/Desktop/PSOC_Edge_AI/Demo/01_Basic/PSOC_Edge_IRT/proj_cm33_s/build/Debug/libraries_shared/mtb-dsl-pse8xxgp/pdl/drivers/source/cy_scb_spi.o
[108/165] Building object file C:/Desktop/PSOC_Edge_AI/Demo/01_Basic/PSOC_Edge_IRT/proj_cm33_s/build/Debug/libraries_shared/mtb-dsl-pse8xxgp/pdl/drivers/source/cy_scb_spi_ez.o
[109/165] Building object file C:/Desktop/PSOC_Edge_AI/Demo/01_Basic/PSOC_Edge_IRT/proj_cm33_s/build/Debug/libraries_shared/mtb-dsl-pse8xxgp/pdl/drivers/source/cy_scb_uart.o
[110/165] Building object file C:/Desktop/PSOC_Edge_AI/Demo/01_Basic/PSOC_Edge_IRT/proj_cm33_s/build/Debug/libraries_shared/mtb-dsl-pse8xxgp/pdl/drivers/source/cy_smartio.o
[111/165] Building object file C:/Desktop/PSOC_Edge_AI/Demo/01_Basic/PSOC_Edge_IRT/proj_cm33_s/build/Debug/libraries_shared/mtb-dsl-pse8xxgp/pdl/drivers/source/cy_sd_host.o
[112/165] Building object file C:/Desktop/PSOC_Edge_AI/Demo/01_Basic/PSOC_Edge_IRT/proj_cm33_s/build/Debug/libraries_shared/mtb-dsl-pse8xxgp/pdl/drivers/source/cy_smif_hb_flash.o
[113/165] Building object file C:/Desktop/PSOC_Edge_AI/Demo/01_Basic/PSOC_Edge_IRT/proj_cm33_s/build/Debug/libraries_shared/mtb-dsl-pse8xxgp/pdl/drivers/source/cy_smif.o
[114/165] Building object file C:/Desktop/PSOC_Edge_AI/Demo/01_Basic/PSOC_Edge_IRT/proj_cm33_s/build/Debug/libraries_shared/mtb-dsl-pse8xxgp/pdl/drivers/source/cy_smif_memnum.o
[115/165] Building object file C:/Desktop/PSOC_Edge_AI/Demo/01_Basic/PSOC_Edge_IRT/proj_cm33_s/build/Debug/libraries_shared/mtb-dsl-pse8xxgp/pdl/drivers/source/cy_sysfault.o
[116/165] Building object file C:/Desktop/PSOC_Edge_AI/Demo/01_Basic/PSOC_Edge_IRT/proj_cm33_s/build/Debug/libraries_shared/mtb-dsl-pse8xxgp/pdl/drivers/source/cy_smif_sfdp.o
[117/165] Building object file C:/Desktop/PSOC_Edge_AI/Demo/01_Basic/PSOC_Edge_IRT/proj_cm33_s/build/Debug/libraries_shared/mtb-dsl-pse8xxgp/pdl/drivers/source/cy_syslib.o
[118/165] Building object file C:/Desktop/PSOC_Edge_AI/Demo/01_Basic/PSOC_Edge_IRT/proj_cm33_s/build/Debug/libraries_shared/mtb-dsl-pse8xxgp/pdl/drivers/source/cy_systrimm.o
[119/165] Building object file C:/Desktop/PSOC_Edge_AI/Demo/01_Basic/PSOC_Edge_IRT/proj_cm33_s/build/Debug/libraries_shared/mtb-dsl-pse8xxgp/pdl/drivers/source/cy_smif_memslot.o
[120/165] Building object file C:/Desktop/PSOC_Edge_AI/Demo/01_Basic/PSOC_Edge_IRT/proj_cm33_s/build/Debug/libraries_shared/mtb-dsl-pse8xxgp/pdl/drivers/source/cy_sysint_v2.o
[121/165] Building object file C:/Desktop/PSOC_Edge_AI/Demo/01_Basic/PSOC_Edge_IRT/proj_cm33_s/build/Debug/libraries_shared/mtb-dsl-pse8xxgp/pdl/drivers/source/cy_syspm_pdcm.o
[122/165] Building object file C:/Desktop/PSOC_Edge_AI/Demo/01_Basic/PSOC_Edge_IRT/proj_cm33_s/build/Debug/libraries_shared/mtb-dsl-pse8xxgp/pdl/drivers/source/cy_systick_v2.o
[123/165] Building object file C:/Desktop/PSOC_Edge_AI/Demo/01_Basic/PSOC_Edge_IRT/proj_cm33_s/build/Debug/libraries_shared/mtb-dsl-pse8xxgp/pdl/drivers/source/cy_syspm_ppu.o
[124/165] Building object file C:/Desktop/PSOC_Edge_AI/Demo/01_Basic/PSOC_Edge_IRT/proj_cm33_s/build/Debug/libraries_shared/mtb-dsl-pse8xxgp/pdl/drivers/source/cy_tcpwm_counter.o
[125/165] Building object file C:/Desktop/PSOC_Edge_AI/Demo/01_Basic/PSOC_Edge_IRT/proj_cm33_s/build/Debug/libraries_shared/mtb-dsl-pse8xxgp/pdl/drivers/source/cy_tcpwm_pwm.o
[126/165] Building object file C:/Desktop/PSOC_Edge_AI/Demo/01_Basic/PSOC_Edge_IRT/proj_cm33_s/build/Debug/libraries_shared/mtb-dsl-pse8xxgp/pdl/drivers/source/cy_tcpwm_quaddec.o
[127/165] Building object file C:/Desktop/PSOC_Edge_AI/Demo/01_Basic/PSOC_Edge_IRT/proj_cm33_s/build/Debug/libraries_shared/mtb-dsl-pse8xxgp/pdl/drivers/source/cy_sysclk_v2.o
[128/165] Building object file C:/Desktop/PSOC_Edge_AI/Demo/01_Basic/PSOC_Edge_IRT/proj_cm33_s/build/Debug/libraries_shared/mtb-dsl-pse8xxgp/pdl/drivers/source/cy_wdt.o
[129/165] Building object file C:/Desktop/PSOC_Edge_AI/Demo/01_Basic/PSOC_Edge_IRT/proj_cm33_s/build/Debug/libraries_shared/mtb-dsl-pse8xxgp/pdl/drivers/source/cy_trigmux.o
[130/165] Building object file C:/Desktop/PSOC_Edge_AI/Demo/01_Basic/PSOC_Edge_IRT/proj_cm33_s/build/Debug/libraries_shared/mtb-dsl-pse8xxgp/pdl/drivers/source/cy_tcpwm_shiftreg.o
[131/165] Building object file C:/Desktop/PSOC_Edge_AI/Demo/01_Basic/PSOC_Edge_IRT/proj_cm33_s/build/Debug/libraries_shared/mtb-dsl-pse8xxgp/pdl/drivers/source/cy_syspm_v4.o
[132/165] Building object file C:/Desktop/PSOC_Edge_AI/Demo/01_Basic/PSOC_Edge_IRT/proj_cm33_s/build/Debug/libraries_shared/mtb-dsl-pse8xxgp/support/source/mtb_stdlib_stubs.o
[133/165] Building object file C:/Desktop/PSOC_Edge_AI/Demo/01_Basic/PSOC_Edge_IRT/proj_cm33_s/build/Debug/libraries_shared/mtb-dsl-pse8xxgp/pdl/drivers/source/ppu_v1.o
[134/165] Building object file C:/Desktop/PSOC_Edge_AI/Demo/01_Basic/PSOC_Edge_IRT/proj_cm33_s/build/Debug/libraries_shared/mtb-dsl-pse8xxgp/pdl/drivers/source/cy_tdm.o
[135/165] Building object file C:/Desktop/PSOC_Edge_AI/Demo/01_Basic/PSOC_Edge_IRT/proj_cm33_s/build/Debug/libraries_shared/se-rt-services-utils/ifx_se_crc32.o
[136/165] Building object file C:/Desktop/PSOC_Edge_AI/Demo/01_Basic/PSOC_Edge_IRT/proj_cm33_s/build/Debug/bsps/APP_KIT_PSE84_AI/bluetooth/cybsp_bt_config.o
[137/165] Building object file C:/Desktop/PSOC_Edge_AI/Demo/01_Basic/PSOC_Edge_IRT/proj_cm33_s/build/Debug/libraries_shared/mtb-dsl-pse8xxgp/pdl/drivers/third_party/ethernet/src/edd_tx.o
[138/165] Building object file C:/Desktop/PSOC_Edge_AI/Demo/01_Basic/PSOC_Edge_IRT/proj_cm33_s/build/Debug/libraries_shared/mtb-srf/source/mtb_srf.o
[139/165] Building object file C:/Desktop/PSOC_Edge_AI/Demo/01_Basic/PSOC_Edge_IRT/proj_cm33_s/build/Debug/libraries_shared/se-rt-services-utils/ifx_se_ss_wifi.o
[140/165] Building object file C:/Desktop/PSOC_Edge_AI/Demo/01_Basic/PSOC_Edge_IRT/proj_cm33_s/build/Debug/libraries_shared/se-rt-services-utils/ifx_se_fih.o
[141/165] Building object file C:/Desktop/PSOC_Edge_AI/Demo/01_Basic/PSOC_Edge_IRT/proj_cm33_s/build/Debug/libraries_shared/se-rt-services-utils/ifx_se_platform.o
[142/165] Building object file C:/Desktop/PSOC_Edge_AI/Demo/01_Basic/PSOC_Edge_IRT/proj_cm33_s/build/Debug/libraries_shared/se-rt-services-utils/ifx_se_syscall.o
[143/165] Building object file C:/Desktop/PSOC_Edge_AI/Demo/01_Basic/PSOC_Edge_IRT/proj_cm33_s/build/Debug/bsps/APP_KIT_PSE84_AI/COMPONENT_CM33/COMPONENT_SECURE_DEVICE/s_system_init.o
[144/165] Building object file C:/Desktop/PSOC_Edge_AI/Demo/01_Basic/PSOC_Edge_IRT/proj_cm33_s/build/Debug/libraries_shared/se-rt-services-utils/ifx_se_psacrypto_pqc.o
[145/165] Building object file C:/Desktop/PSOC_Edge_AI/Demo/01_Basic/PSOC_Edge_IRT/proj_cm33_s/build/Debug/libraries_shared/mtb-dsl-pse8xxgp/pdl/drivers/source/cy_scb_common.o
[146/165] Building object file C:/Desktop/PSOC_Edge_AI/Demo/01_Basic/PSOC_Edge_IRT/proj_cm33_s/build/Debug/libraries_shared/mtb-dsl-pse8xxgp/pdl/drivers/third_party/ethernet/src/edd_rx.o
[147/165] Building object file C:/Desktop/PSOC_Edge_AI/Demo/01_Basic/PSOC_Edge_IRT/proj_cm33_s/build/Debug/libraries_shared/se-rt-services-utils/ifx_se_syscall_builtin.o
[148/165] Building object file C:/Desktop/PSOC_Edge_AI/Demo/01_Basic/PSOC_Edge_IRT/proj_cm33_s/build/Debug/bsps/APP_KIT_PSE84_AI/COMPONENT_CM33/COMPONENT_SECURE_DEVICE/s_start_pse84.o
[149/165] Building object file C:/Desktop/PSOC_Edge_AI/Demo/01_Basic/PSOC_Edge_IRT/proj_cm33_s/build/Debug/libraries_shared/mtb-ipc/source/mtb_ipc.o
[150/165] Building object file C:/Desktop/PSOC_Edge_AI/Demo/01_Basic/PSOC_Edge_IRT/proj_cm33_s/build/Debug/libraries_shared/se-rt-services-utils/ifx_se_psacrypto.o
[151/165] Building object file C:/Desktop/PSOC_Edge_AI/Demo/01_Basic/PSOC_Edge_IRT/proj_cm33_s/build/Debug/libraries_shared/mtb-dsl-pse8xxgp/pdl/drivers/third_party/ethernet/src/edd.o
[152/165] Building object file C:/Desktop/PSOC_Edge_AI/Demo/01_Basic/PSOC_Edge_IRT/proj_cm33_s/build/Debug/bsps/APP_KIT_PSE84_AI/config/GeneratedSource/cycfg_pins.o
[153/165] Building object file C:/Desktop/PSOC_Edge_AI/Demo/01_Basic/PSOC_Edge_IRT/proj_cm33_s/build/Debug/bsps/APP_KIT_PSE84_AI/COMPONENT_CM33/COMPONENT_SECURE_DEVICE/s_system_pse84.o
[154/165] Building object file C:/Desktop/PSOC_Edge_AI/Demo/01_Basic/PSOC_Edge_IRT/proj_cm33_s/build/Debug/bsps/APP_KIT_PSE84_AI/config/GeneratedSource/cycfg_protection.o
[155/165] Building object file C:/Desktop/PSOC_Edge_AI/Demo/01_Basic/PSOC_Edge_IRT/proj_cm33_s/build/Debug/bsps/APP_KIT_PSE84_AI/config/GeneratedSource/cycfg_peripheral_clocks.o
[156/165] Building object file C:/Desktop/PSOC_Edge_AI/Demo/01_Basic/PSOC_Edge_IRT/proj_cm33_s/build/Debug/bsps/APP_KIT_PSE84_AI/config/GeneratedSource/cycfg_qspi_memslot.o
[157/165] Building object file C:/Desktop/PSOC_Edge_AI/Demo/01_Basic/PSOC_Edge_IRT/proj_cm33_s/build/Debug/bsps/APP_KIT_PSE84_AI/config/GeneratedSource/cycfg_clocks.o
[158/165] Building object file C:/Desktop/PSOC_Edge_AI/Demo/01_Basic/PSOC_Edge_IRT/proj_cm33_s/build/Debug/bsps/APP_KIT_PSE84_AI/config/GeneratedSource/cycfg_routing.o
[159/165] Building object file C:/Desktop/PSOC_Edge_AI/Demo/01_Basic/PSOC_Edge_IRT/proj_cm33_s/build/Debug/bsps/APP_KIT_PSE84_AI/config/GeneratedSource/cycfg_peripherals.o
[160/165] Building object file C:/Desktop/PSOC_Edge_AI/Demo/01_Basic/PSOC_Edge_IRT/proj_cm33_s/build/Debug/bsps/APP_KIT_PSE84_AI/config/GeneratedSource/cycfg_dmas.o
[161/165] Building object file C:/Desktop/PSOC_Edge_AI/Demo/01_Basic/PSOC_Edge_IRT/proj_cm33_s/build/Debug/bsps/APP_KIT_PSE84_AI/config/GeneratedSource/cycfg.o
[162/165] Building object file C:/Desktop/PSOC_Edge_AI/Demo/01_Basic/PSOC_Edge_IRT/proj_cm33_s/build/Debug/bsps/APP_KIT_PSE84_AI/system_edge.o
[163/165] Building object file C:/Desktop/PSOC_Edge_AI/Demo/01_Basic/PSOC_Edge_IRT/proj_cm33_s/build/Debug/bsps/APP_KIT_PSE84_AI/config/GeneratedSource/cycfg_system.o
[164/165] Building object file C:/Desktop/PSOC_Edge_AI/Demo/01_Basic/PSOC_Edge_IRT/proj_cm33_s/build/Debug/bsps/APP_KIT_PSE84_AI/cybsp.o
[165/165] Linking, creating elf file build/APP_KIT_PSE84_AI/Debug/proj_cm33_s.elf
C:/Users/User/Infineon/Tools/mtb-gcc-arm-eabi/14.2.1/gcc/bin/arm-none-eabi-objcopy -O ihex C:/Desktop/PSOC_Edge_AI/Demo/01_Basic/PSOC_Edge_IRT/proj_cm33_s/build/APP_KIT_PSE84_AI/Debug/proj_cm33_s.elf C:/Desktop/PSOC_Edge_AI/Demo/01_Basic/PSOC_Edge_IRT/proj_cm33_s/build/APP_KIT_PSE84_AI/Debug/proj_cm33_s.hex
C:/Users/User/Infineon/Tools/mtb-gcc-arm-eabi/14.2.1/gcc/bin/arm-none-eabi-objcopy -O binary C:/Desktop/PSOC_Edge_AI/Demo/01_Basic/PSOC_Edge_IRT/proj_cm33_s/build/APP_KIT_PSE84_AI/Debug/proj_cm33_s.elf C:/Desktop/PSOC_Edge_AI/Demo/01_Basic/PSOC_Edge_IRT/proj_cm33_s/build/APP_KIT_PSE84_AI/Debug/proj_cm33_s.bin
==============================================================================
= Build complete =
==============================================================================

make[1]: Leaving directory '/cygdrive/c/Desktop/PSOC_Edge_AI/Demo/01_Basic/PSOC_Edge_IRT/proj_cm33_s'
make[1]: Entering directory '/cygdrive/c/Desktop/PSOC_Edge_AI/Demo/01_Basic/PSOC_Edge_IRT/proj_cm33_ns'
NOTE: Using 'C:/Users/User/ModusToolbox/tools_3.9/ninja/ninja.exe' from PATH.
Generating mtbninja data files...
Generating mtbninja data complete...
Toolchain validation: PASS
Initializing build: proj_cm33_ns Debug APP_KIT_PSE84_AI GCC_ARM

Prebuild operations complete
# 0: Loading the application in directory 'C:/Desktop/PSOC_Edge_AI/Demo/01_Basic/PSOC_Edge_IRT/proj_cm33_ns'
# 0: Loading the ModusToolbox Technology Packs and Early Access Packs
# 0: Loading the tools information
[1/190] Building object file C:/Desktop/PSOC_Edge_AI/Demo/01_Basic/PSOC_Edge_IRT/proj_cm33_ns/build/Debug/libraries_shared/mtb-dsl-pse8xxgp/pdl/drivers/source/TOOLCHAIN_GCC_ARM/cy_syslib_ext.o
[2/190] Building object file C:/Desktop/PSOC_Edge_AI/Demo/01_Basic/PSOC_Edge_IRT/proj_cm33_ns/build/Debug/libraries_shared/bt-fw-mur-cyw55513/COMPONENT_MURATA-2FY/btfw.o
[3/190] Building object file C:/Desktop/PSOC_Edge_AI/Demo/01_Basic/PSOC_Edge_IRT/proj_cm33_ns/build/Debug/libraries_shared/async-transfer/source/mtb_async_transfer.o
[4/190] Building object file C:/Desktop/PSOC_Edge_AI/Demo/01_Basic/PSOC_Edge_IRT/proj_cm33_ns/build/Debug/libraries_shared/freertos/Source/croutine.o
[5/190] Building object file C:/Desktop/PSOC_Edge_AI/Demo/01_Basic/PSOC_Edge_IRT/proj_cm33_ns/build/Debug/libraries_shared/clib-support/source/COMPONENT_FREERTOS/cy_mutex_pool.o
[6/190] Building object file C:/Desktop/PSOC_Edge_AI/Demo/01_Basic/PSOC_Edge_IRT/proj_cm33_ns/build/Debug/libraries_shared/freertos/Source/list.o
[7/190] Building object file C:/Desktop/PSOC_Edge_AI/Demo/01_Basic/PSOC_Edge_IRT/proj_cm33_ns/build/Debug/libraries_shared/clib-support/source/TOOLCHAIN_GCC_ARM/cy_clib_support_newlib.o
[8/190] Building object file C:/Desktop/PSOC_Edge_AI/Demo/01_Basic/PSOC_Edge_IRT/proj_cm33_ns/build/Debug/libraries_shared/freertos/Source/event_groups.o
[9/190] Building object file C:/Desktop/PSOC_Edge_AI/Demo/01_Basic/PSOC_Edge_IRT/proj_cm33_ns/build/Debug/local/main.o
FAILED: C:/Desktop/PSOC_Edge_AI/Demo/01_Basic/PSOC_Edge_IRT/proj_cm33_ns/build/Debug/local/main.o 
C:/Users/User/Infineon/Tools/mtb-gcc-arm-eabi/14.2.1/gcc/bin/arm-none-eabi-gcc.exe -c -mcpu=cortex-m33 --specs=nano.specs -Og -mfloat-abi=softfp -mfpu=fpv5-sp-d16 -mthumb -ffunction-sections -fdata-sections -ffat-lto-objects -g -Wall -pipe -MMD -MP -MF C:/Desktop/PSOC_Edge_AI/Demo/01_Basic/PSOC_Edge_IRT/proj_cm33_ns/build/Debug/local/main.o.d -MT C:/Desktop/PSOC_Edge_AI/Demo/01_Basic/PSOC_Edge_IRT/proj_cm33_ns/build/Debug/local/main.o @C:/Desktop/PSOC_Edge_AI/Demo/01_Basic/PSOC_Edge_IRT/proj_cm33_ns/build/Debug/local/main.o.rsp -o C:/Desktop/PSOC_Edge_AI/Demo/01_Basic/PSOC_Edge_IRT/proj_cm33_ns/build/Debug/local/main.o -c C:/Desktop/PSOC_Edge_AI/Demo/01_Basic/PSOC_Edge_IRT/proj_cm33_ns/main.c
C:/Desktop/PSOC_Edge_AI/Demo/01_Basic/PSOC_Edge_IRT/proj_cm33_ns/main.c:15:10: fatal error: retarget_io_init.h: No such file or directory
   15 | #include "retarget_io_init.h"
      |          ^~~~~~~~~~~~~~~~~~~~
compilation terminated.

[10/190] Building object file C:/Desktop/PSOC_Edge_AI/Demo/01_Basic/PSOC_Edge_IRT/proj_cm33_ns/build/Debug/libraries_shared/freertos/Source/portable/COMPONENT_CM33/TOOLCHAIN_GCC_ARM/COMPONENT_FREERTOS_NTZ/mpu_wrappers_v2_asm.o
[11/190] Building object file C:/Desktop/PSOC_Edge_AI/Demo/01_Basic/PSOC_Edge_IRT/proj_cm33_ns/build/Debug/libraries_shared/clib-support/source/cy_time.o
[12/190] Building object file C:/Desktop/PSOC_Edge_AI/Demo/01_Basic/PSOC_Edge_IRT/proj_cm33_ns/build/Debug/libraries_shared/freertos/Source/portable/COMPONENT_CM33/TOOLCHAIN_GCC_ARM/COMPONENT_FREERTOS_NTZ/port.o
[13/190] Building object file C:/Desktop/PSOC_Edge_AI/Demo/01_Basic/PSOC_Edge_IRT/proj_cm33_ns/build/Debug/libraries_shared/abstraction-rtos/source/COMPONENT_FREERTOS/cyabs_rtos_dsram.o
[14/190] Building object file C:/Desktop/PSOC_Edge_AI/Demo/01_Basic/PSOC_Edge_IRT/proj_cm33_ns/build/Debug/libraries_shared/abstraction-rtos/source/cy_worker_thread.o
[15/190] Building object file C:/Desktop/PSOC_Edge_AI/Demo/01_Basic/PSOC_Edge_IRT/proj_cm33_ns/build/Debug/libraries_shared/abstraction-rtos/source/COMPONENT_FREERTOS/cyabs_freertos_helpers.o
[16/190] Building object file C:/Desktop/PSOC_Edge_AI/Demo/01_Basic/PSOC_Edge_IRT/proj_cm33_ns/build/Debug/libraries_shared/abstraction-rtos/source/COMPONENT_FREERTOS/cyabs_freertos_common.o
[17/190] Building object file C:/Desktop/PSOC_Edge_AI/Demo/01_Basic/PSOC_Edge_IRT/proj_cm33_ns/build/Debug/libraries_shared/freertos/Source/portable/COMPONENT_CM33/TOOLCHAIN_GCC_ARM/COMPONENT_FREERTOS_NTZ/portasm.o
[18/190] Building object file C:/Desktop/PSOC_Edge_AI/Demo/01_Basic/PSOC_Edge_IRT/proj_cm33_ns/build/Debug/libraries_shared/freertos/Source/portable/MemMang/heap_2.o
[19/190] Building object file C:/Desktop/PSOC_Edge_AI/Demo/01_Basic/PSOC_Edge_IRT/proj_cm33_ns/build/Debug/libraries_shared/freertos/Source/portable/MemMang/heap_1.o
[20/190] Building object file C:/Desktop/PSOC_Edge_AI/Demo/01_Basic/PSOC_Edge_IRT/proj_cm33_ns/build/Debug/libraries_shared/abstraction-rtos/source/COMPONENT_FREERTOS/cyabs_rtos_freertos.o
[21/190] Building object file C:/Desktop/PSOC_Edge_AI/Demo/01_Basic/PSOC_Edge_IRT/proj_cm33_ns/build/Debug/libraries_shared/freertos/Source/portable/MemMang/heap_3.o
[22/190] Building object file C:/Desktop/PSOC_Edge_AI/Demo/01_Basic/PSOC_Edge_IRT/proj_cm33_ns/build/Debug/libraries_shared/freertos/Source/portable/COMPONENT_CM33/TOOLCHAIN_GCC_ARM/COMPONENT_FREERTOS_NTZ/portdsram.o
ninja: build stopped: subcommand failed.
make[1]: *** [../../mtb_shared/core-make/release-v3.10.0/make/core/ninja.mk:252: C:/Desktop/PSOC_Edge_AI/Demo/01_Basic/PSOC_Edge_IRT/proj_cm33_ns/build/APP_KIT_PSE84_AI/Debug/proj_cm33_ns.elf] Error 1
make[1]: Leaving directory '/cygdrive/c/Desktop/PSOC_Edge_AI/Demo/01_Basic/PSOC_Edge_IRT/proj_cm33_ns'
make: *** [C:/Users/User/ModusToolbox/tools_3.9/make/application.mk:78: recursive_build] Error 2
"C:/Users/User/ModusToolbox/tools_3.9/modus-shell/bin/make CY_MAKE_IDE=eclipse CY_IDE_TOOLS_DIR=C:/Users/User/ModusToolbox/tools_3.9 CY_IDE_BT_TOOLS_DIR= -j12 all" terminated with exit code 2. Build might be incomplete.
16:16:13 **** Build of configuration Debug for project PSOC_Edge_Interrupt.proj_cm33_ns ****
"C:\\Users\\User\\ModusToolbox\\tools_3.9\\modus-shell\\bin\\make" CY_MAKE_IDE=eclipse CY_IDE_TOOLS_DIR=C:/Users/User/ModusToolbox/tools_3.9 CY_IDE_BT_TOOLS_DIR= -j12 build_proj 
Searching installed tools in progress...
Searching installed tools complete
NOTE: Using 'C:/Users/User/ModusToolbox/tools_3.9/ninja/ninja.exe' from PATH.
Generating mtbninja data files...
Generating mtbninja data complete...
Toolchain validation: PASS
Initializing build: proj_cm33_ns Debug APP_KIT_PSE84_AI GCC_ARM

Prebuild operations complete
# 0: Loading the application in directory 'C:/Desktop/PSOC_Edge_AI/Demo/01_Basic/PSOC_Edge_Interrupt/proj_cm33_ns'
# 0: Loading the ModusToolbox Technology Packs and Early Access Packs
# 0: Loading the tools information
[1/1] Linking, creating elf file build/APP_KIT_PSE84_AI/Debug/proj_cm33_ns.elf
FAILED: build/APP_KIT_PSE84_AI/Debug/proj_cm33_ns.elf 
C:/Users/User/Infineon/Tools/mtb-gcc-arm-eabi/14.2.1/gcc/bin/arm-none-eabi-g++.exe -mcpu=cortex-m33 --specs=nano.specs -mfloat-abi=softfp -mfpu=fpv5-sp-d16 -mthumb -ffunction-sections -fdata-sections -ffat-lto-objects -g -Wall -pipe -Wl,--gc-sections -Xlinker -L ../bsps/TARGET_APP_KIT_PSE84_AI/COMPONENT_CM33/TOOLCHAIN_GCC_ARM -Xlinker -L ../bsps/TARGET_APP_KIT_PSE84_AI/config/GeneratedSource -T../bsps/TARGET_APP_KIT_PSE84_AI/COMPONENT_CM33/TOOLCHAIN_GCC_ARM/pse84_ns_cm33.ld -Wl,-Map,C:/Desktop/PSOC_Edge_AI/Demo/01_Basic/PSOC_Edge_Interrupt/proj_cm33_ns/build/APP_KIT_PSE84_AI/Debug/proj_cm33_ns.map -Wl,--start-group @build/APP_KIT_PSE84_AI/Debug/proj_cm33_ns.elf.rsp -Wl,--end-group -o build/APP_KIT_PSE84_AI/Debug/proj_cm33_ns.elf
C:/Users/User/Infineon/Tools/mtb-gcc-arm-eabi/14.2.1/gcc/bin/../lib/gcc/arm-none-eabi/14.2.1/../../../../arm-none-eabi/bin/ld.exe: cannot find ../proj_cm33_s/nsc_veneer.o: No such file or directory
collect2.exe: error: ld returned 1 exit status
make: *** [../../mtb_shared/core-make/release-v3.10.0/make/core/ninja.mk:252: C:/Desktop/PSOC_Edge_AI/Demo/01_Basic/PSOC_Edge_Interrupt/proj_cm33_ns/build/APP_KIT_PSE84_AI/Debug/proj_cm33_ns.elf] Error 1
ninja: build stopped: subcommand failed.
"C:/Users/User/ModusToolbox/tools_3.9/modus-shell/bin/make CY_MAKE_IDE=eclipse CY_IDE_TOOLS_DIR=C:/Users/User/ModusToolbox/tools_3.9 CY_IDE_BT_TOOLS_DIR= -j12 build_proj" terminated with exit code 2. Build might be incomplete.
16:16:44 **** Incremental Build of configuration Debug for project PSOC_Edge_Interrupt.proj_cm33_ns ****
"C:\\Users\\User\\ModusToolbox\\tools_3.9\\modus-shell\\bin\\make" CY_MAKE_IDE=eclipse CY_IDE_TOOLS_DIR=C:/Users/User/ModusToolbox/tools_3.9 CY_IDE_BT_TOOLS_DIR= -j12 build_proj 
Searching installed tools in progress...
Searching installed tools complete
NOTE: Using 'C:/Users/User/ModusToolbox/tools_3.9/ninja/ninja.exe' from PATH.
Generating mtbninja data files...
Generating mtbninja data complete...
Toolchain validation: PASS
Initializing build: proj_cm33_ns Debug APP_KIT_PSE84_AI GCC_ARM

Prebuild operations complete
# 0: Loading the application in directory 'C:/Desktop/PSOC_Edge_AI/Demo/01_Basic/PSOC_Edge_Interrupt/proj_cm33_ns'
# 0: Loading the ModusToolbox Technology Packs and Early Access Packs
# 0: Loading the tools information
[1/1] Linking, creating elf file build/APP_KIT_PSE84_AI/Debug/proj_cm33_ns.elf
FAILED: build/APP_KIT_PSE84_AI/Debug/proj_cm33_ns.elf 
C:/Users/User/Infineon/Tools/mtb-gcc-arm-eabi/14.2.1/gcc/bin/arm-none-eabi-g++.exe -mcpu=cortex-m33 --specs=nano.specs -mfloat-abi=softfp -mfpu=fpv5-sp-d16 -mthumb -ffunction-sections -fdata-sections -ffat-lto-objects -g -Wall -pipe -Wl,--gc-sections -Xlinker -L ../bsps/TARGET_APP_KIT_PSE84_AI/COMPONENT_CM33/TOOLCHAIN_GCC_ARM -Xlinker -L ../bsps/TARGET_APP_KIT_PSE84_AI/config/GeneratedSource -T../bsps/TARGET_APP_KIT_PSE84_AI/COMPONENT_CM33/TOOLCHAIN_GCC_ARM/pse84_ns_cm33.ld -Wl,-Map,C:/Desktop/PSOC_Edge_AI/Demo/01_Basic/PSOC_Edge_Interrupt/proj_cm33_ns/build/APP_KIT_PSE84_AI/Debug/proj_cm33_ns.map -Wl,--start-group @build/APP_KIT_PSE84_AI/Debug/proj_cm33_ns.elf.rsp -Wl,--end-group -o build/APP_KIT_PSE84_AI/Debug/proj_cm33_ns.elf
C:/Users/User/Infineon/Tools/mtb-gcc-arm-eabi/14.2.1/gcc/bin/../lib/gcc/arm-none-eabi/14.2.1/../../../../arm-none-eabi/bin/ld.exe: cannot find ../proj_cm33_s/nsc_veneer.o: No such file or directory
collect2.exe: error: ld returned 1 exit status
ninja: build stopped: subcommand failed.
make: *** [../../mtb_shared/core-make/release-v3.10.0/make/core/ninja.mk:252: C:/Desktop/PSOC_Edge_AI/Demo/01_Basic/PSOC_Edge_Interrupt/proj_cm33_ns/build/APP_KIT_PSE84_AI/Debug/proj_cm33_ns.elf] Error 1
"C:/Users/User/ModusToolbox/tools_3.9/modus-shell/bin/make CY_MAKE_IDE=eclipse CY_IDE_TOOLS_DIR=C:/Users/User/ModusToolbox/tools_3.9 CY_IDE_BT_TOOLS_DIR= -j12 build_proj" terminated with exit code 2. Build might be incomplete.
16:21:36 **** Clean-only build of configuration Debug for project PSOC_Edge_Interrupt.proj_cm33_ns ****
"C:\\Users\\User\\ModusToolbox\\tools_3.9\\modus-shell\\bin\\make" CY_MAKE_IDE=eclipse CY_IDE_TOOLS_DIR=C:/Users/User/ModusToolbox/tools_3.9 CY_IDE_BT_TOOLS_DIR= -j12 clean_proj 
Searching installed tools in progress...
Searching installed tools complete
rm -f ../build/project_hex/proj_cm33_ns_shifted.hex ../build/project_hex/proj_cm33_s_signed.hex ../build/app_combined.hex

NOTE: This secure project uses a non-secure callable veneer object file: ../proj_cm33_s/nsc_veneer.o.
This file is not automatically cleaned by the 'make clean'. It is recommended that you save this file into version control.

rm -rf C:/Desktop/PSOC_Edge_AI/Demo/01_Basic/PSOC_Edge_Interrupt/proj_cm33_ns/build
16:21:39 **** Build of configuration Debug for project PSOC_Edge_Interrupt.proj_cm33_ns ****
"C:\\Users\\User\\ModusToolbox\\tools_3.9\\modus-shell\\bin\\make" CY_MAKE_IDE=eclipse CY_IDE_TOOLS_DIR=C:/Users/User/ModusToolbox/tools_3.9 CY_IDE_BT_TOOLS_DIR= -j12 build_proj 
Searching installed tools in progress...
Searching installed tools complete
NOTE: Using 'C:/Users/User/ModusToolbox/tools_3.9/ninja/ninja.exe' from PATH.
Generating mtbninja data files...
Generating mtbninja data complete...
Toolchain validation: PASS
Initializing build: proj_cm33_ns Debug APP_KIT_PSE84_AI GCC_ARM

Prebuild operations complete
# 0: Loading the application in directory 'C:/Desktop/PSOC_Edge_AI/Demo/01_Basic/PSOC_Edge_Interrupt/proj_cm33_ns'
# 0: Loading the ModusToolbox Technology Packs and Early Access Packs
# 0: Loading the tools information
[1/168] Building object file C:/Desktop/PSOC_Edge_AI/Demo/01_Basic/PSOC_Edge_Interrupt/proj_cm33_ns/build/Debug/libraries_shared/mtb-dsl-pse8xxgp/pdl/drivers/source/TOOLCHAIN_GCC_ARM/cy_syslib_ext.o
[2/168] Building object file C:/Desktop/PSOC_Edge_AI/Demo/01_Basic/PSOC_Edge_Interrupt/proj_cm33_ns/build/Debug/libraries_shared/bt-fw-mur-cyw55513/COMPONENT_MURATA-2FY/btfw.o
[3/168] Building object file C:/Desktop/PSOC_Edge_AI/Demo/01_Basic/PSOC_Edge_Interrupt/proj_cm33_ns/build/Debug/libraries_shared/async-transfer/source/mtb_async_transfer.o
[4/168] Building object file C:/Desktop/PSOC_Edge_AI/Demo/01_Basic/PSOC_Edge_Interrupt/proj_cm33_ns/build/Debug/libraries_shared/mtb-dsl-pse8xxgp/device-utils/syspm/source/mtb_syspm_callbacks_dma.o
[5/168] Building object file C:/Desktop/PSOC_Edge_AI/Demo/01_Basic/PSOC_Edge_Interrupt/proj_cm33_ns/build/Debug/libraries_shared/mtb-dsl-pse8xxgp/device-utils/syspm/source/mtb_syspm_callbacks_i2s_tdm.o
[6/168] Building object file C:/Desktop/PSOC_Edge_AI/Demo/01_Basic/PSOC_Edge_Interrupt/proj_cm33_ns/build/Debug/libraries_shared/mtb-dsl-pse8xxgp/device-utils/syspm/source/mtb_syspm_callbacks_nvm.o
[7/168] Building object file C:/Desktop/PSOC_Edge_AI/Demo/01_Basic/PSOC_Edge_Interrupt/proj_cm33_ns/build/Debug/libraries_shared/mtb-dsl-pse8xxgp/device-utils/syspm/source/mtb_syspm_callbacks_smif.o
[8/168] Building object file C:/Desktop/PSOC_Edge_AI/Demo/01_Basic/PSOC_Edge_Interrupt/proj_cm33_ns/build/Debug/local/main.o
[9/168] Building object file C:/Desktop/PSOC_Edge_AI/Demo/01_Basic/PSOC_Edge_Interrupt/proj_cm33_ns/build/Debug/local/retarget_io_init.o
[10/168] Building object file C:/Desktop/PSOC_Edge_AI/Demo/01_Basic/PSOC_Edge_Interrupt/proj_cm33_ns/build/Debug/libraries_shared/mtb-dsl-pse8xxgp/device-utils/syspm/source/mtb_syspm_callbacks_pdm_pcm.o
[11/168] Building object file C:/Desktop/PSOC_Edge_AI/Demo/01_Basic/PSOC_Edge_Interrupt/proj_cm33_ns/build/Debug/libraries_shared/mtb-dsl-pse8xxgp/device-utils/syspm/source/mtb_syspm_callbacks_tcpwm.o
[12/168] Building object file C:/Desktop/PSOC_Edge_AI/Demo/01_Basic/PSOC_Edge_Interrupt/proj_cm33_ns/build/Debug/libraries_shared/mtb-dsl-pse8xxgp/device-utils/syspm/source/mtb_syspm_callbacks_scb_uart.o
[13/168] Building object file C:/Desktop/PSOC_Edge_AI/Demo/01_Basic/PSOC_Edge_Interrupt/proj_cm33_ns/build/Debug/libraries_shared/mtb-dsl-pse8xxgp/hal/source/mtb_hal_adc_sar.o
[14/168] Building object file C:/Desktop/PSOC_Edge_AI/Demo/01_Basic/PSOC_Edge_Interrupt/proj_cm33_ns/build/Debug/libraries_shared/mtb-dsl-pse8xxgp/hal/source/mtb_hal_comp.o
[15/168] Building object file C:/Desktop/PSOC_Edge_AI/Demo/01_Basic/PSOC_Edge_Interrupt/proj_cm33_ns/build/Debug/libraries_shared/mtb-dsl-pse8xxgp/hal/source/mtb_hal_clock.o
[16/168] Building object file C:/Desktop/PSOC_Edge_AI/Demo/01_Basic/PSOC_Edge_Interrupt/proj_cm33_ns/build/Debug/libraries_shared/mtb-dsl-pse8xxgp/hal/source/mtb_hal_dma.o
[17/168] Building object file C:/Desktop/PSOC_Edge_AI/Demo/01_Basic/PSOC_Edge_Interrupt/proj_cm33_ns/build/Debug/libraries_shared/mtb-dsl-pse8xxgp/hal/source/mtb_hal_dma_dmac.o
[18/168] Building object file C:/Desktop/PSOC_Edge_AI/Demo/01_Basic/PSOC_Edge_Interrupt/proj_cm33_ns/build/Debug/libraries_shared/mtb-dsl-pse8xxgp/hal/source/mtb_hal_lptimer_mcwdt.o
[19/168] Building object file C:/Desktop/PSOC_Edge_AI/Demo/01_Basic/PSOC_Edge_Interrupt/proj_cm33_ns/build/Debug/libraries_shared/mtb-dsl-pse8xxgp/hal/source/mtb_hal_lptimer.o
[20/168] Building object file C:/Desktop/PSOC_Edge_AI/Demo/01_Basic/PSOC_Edge_Interrupt/proj_cm33_ns/build/Debug/libraries_shared/mtb-dsl-pse8xxgp/hal/source/mtb_hal_gpio.o
[21/168] Building object file C:/Desktop/PSOC_Edge_AI/Demo/01_Basic/PSOC_Edge_Interrupt/proj_cm33_ns/build/Debug/libraries_shared/mtb-dsl-pse8xxgp/hal/source/mtb_hal_nvm.o
[22/168] Building object file C:/Desktop/PSOC_Edge_AI/Demo/01_Basic/PSOC_Edge_Interrupt/proj_cm33_ns/build/Debug/libraries_shared/mtb-dsl-pse8xxgp/hal/source/mtb_hal_pwm.o
[23/168] Building object file C:/Desktop/PSOC_Edge_AI/Demo/01_Basic/PSOC_Edge_Interrupt/proj_cm33_ns/build/Debug/libraries_shared/mtb-dsl-pse8xxgp/hal/source/mtb_hal_rtc.o
[24/168] Building object file C:/Desktop/PSOC_Edge_AI/Demo/01_Basic/PSOC_Edge_Interrupt/proj_cm33_ns/build/Debug/libraries_shared/mtb-dsl-pse8xxgp/hal/source/mtb_hal_lptimer_common.o
[25/168] Building object file C:/Desktop/PSOC_Edge_AI/Demo/01_Basic/PSOC_Edge_Interrupt/proj_cm33_ns/build/Debug/libraries_shared/mtb-dsl-pse8xxgp/hal/source/mtb_hal_dma_dw.o
[26/168] Building object file C:/Desktop/PSOC_Edge_AI/Demo/01_Basic/PSOC_Edge_Interrupt/proj_cm33_ns/build/Debug/libraries_shared/mtb-dsl-pse8xxgp/hal/source/mtb_hal_nvm_mxs22rramc.o
[27/168] Building object file C:/Desktop/PSOC_Edge_AI/Demo/01_Basic/PSOC_Edge_Interrupt/proj_cm33_ns/build/Debug/libraries_shared/mtb-dsl-pse8xxgp/hal/source/mtb_hal_i2c.o
[28/168] Building object file C:/Desktop/PSOC_Edge_AI/Demo/01_Basic/PSOC_Edge_Interrupt/proj_cm33_ns/build/Debug/libraries_shared/mtb-dsl-pse8xxgp/hal/source/mtb_hal_memoryspi.o
[29/168] Building object file C:/Desktop/PSOC_Edge_AI/Demo/01_Basic/PSOC_Edge_Interrupt/proj_cm33_ns/build/Debug/libraries_shared/mtb-dsl-pse8xxgp/hal/source/mtb_hal_sdhc.o
[30/168] Building object file C:/Desktop/PSOC_Edge_AI/Demo/01_Basic/PSOC_Edge_Interrupt/proj_cm33_ns/build/Debug/libraries_shared/mtb-dsl-pse8xxgp/hal/source/mtb_hal_spi.o
[31/168] Building object file C:/Desktop/PSOC_Edge_AI/Demo/01_Basic/PSOC_Edge_Interrupt/proj_cm33_ns/build/Debug/libraries_shared/mtb-dsl-pse8xxgp/hal/source/mtb_hal_syspm.o
[32/168] Building object file C:/Desktop/PSOC_Edge_AI/Demo/01_Basic/PSOC_Edge_Interrupt/proj_cm33_ns/build/Debug/libraries_shared/mtb-dsl-pse8xxgp/hal/source/mtb_hal_timer.o
[33/168] Building object file C:/Desktop/PSOC_Edge_AI/Demo/01_Basic/PSOC_Edge_Interrupt/proj_cm33_ns/build/Debug/libraries_shared/mtb-dsl-pse8xxgp/nnkernel/COMPONENT_CM33/source/cy_nn_dma_helper.o
[34/168] Building object file C:/Desktop/PSOC_Edge_AI/Demo/01_Basic/PSOC_Edge_Interrupt/proj_cm33_ns/build/Debug/libraries_shared/mtb-dsl-pse8xxgp/hal/source/mtb_hal_system.o
[35/168] Building object file C:/Desktop/PSOC_Edge_AI/Demo/01_Basic/PSOC_Edge_Interrupt/proj_cm33_ns/build/Debug/libraries_shared/mtb-dsl-pse8xxgp/nnkernel/COMPONENT_CM33/source/cy_nn_lstm_calculate_gate_s8_s16.o
[36/168] Building object file C:/Desktop/PSOC_Edge_AI/Demo/01_Basic/PSOC_Edge_Interrupt/proj_cm33_ns/build/Debug/libraries_shared/mtb-dsl-pse8xxgp/hal/source/mtb_hal_utils_impl.o
[37/168] Building object file C:/Desktop/PSOC_Edge_AI/Demo/01_Basic/PSOC_Edge_Interrupt/proj_cm33_ns/build/Debug/libraries_shared/mtb-dsl-pse8xxgp/nnkernel/COMPONENT_CM33/source/cy_nn_lstm_unidirectional_s8_s16.o
[38/168] Building object file C:/Desktop/PSOC_Edge_AI/Demo/01_Basic/PSOC_Edge_Interrupt/proj_cm33_ns/build/Debug/libraries_shared/mtb-dsl-pse8xxgp/nnkernel/COMPONENT_CM33/source/cy_nn_lstm_update_output_s8_s16.o
[39/168] Building object file C:/Desktop/PSOC_Edge_AI/Demo/01_Basic/PSOC_Edge_Interrupt/proj_cm33_ns/build/Debug/libraries_shared/mtb-dsl-pse8xxgp/nnkernel/COMPONENT_CM33/source/cy_nn_lstm_step_s8_s16.o
[40/168] Building object file C:/Desktop/PSOC_Edge_AI/Demo/01_Basic/PSOC_Edge_Interrupt/proj_cm33_ns/build/Debug/libraries_shared/mtb-dsl-pse8xxgp/nnkernel/COMPONENT_CM33/source/cy_nn_lstm_update_cell_state_s16.o
[41/168] Building object file C:/Desktop/PSOC_Edge_AI/Demo/01_Basic/PSOC_Edge_Interrupt/proj_cm33_ns/build/Debug/libraries_shared/mtb-dsl-pse8xxgp/hal/source/mtb_hal_uart.o
[42/168] Building object file C:/Desktop/PSOC_Edge_AI/Demo/01_Basic/PSOC_Edge_Interrupt/proj_cm33_ns/build/Debug/libraries_shared/mtb-dsl-pse8xxgp/pdl/drivers/source/cy_autanalog_ac.o
[43/168] Building object file C:/Desktop/PSOC_Edge_AI/Demo/01_Basic/PSOC_Edge_Interrupt/proj_cm33_ns/build/Debug/libraries_shared/mtb-dsl-pse8xxgp/pdl/drivers/source/cy_autanalog_ctb.o
[44/168] Building object file C:/Desktop/PSOC_Edge_AI/Demo/01_Basic/PSOC_Edge_Interrupt/proj_cm33_ns/build/Debug/libraries_shared/mtb-dsl-pse8xxgp/pdl/drivers/source/cy_autanalog.o
[45/168] Building object file C:/Desktop/PSOC_Edge_AI/Demo/01_Basic/PSOC_Edge_Interrupt/proj_cm33_ns/build/Debug/libraries_shared/mtb-dsl-pse8xxgp/pdl/drivers/source/cy_autanalog_dac.o
[46/168] Building object file C:/Desktop/PSOC_Edge_AI/Demo/01_Basic/PSOC_Edge_Interrupt/proj_cm33_ns/build/Debug/libraries_shared/mtb-dsl-pse8xxgp/pdl/drivers/source/cy_axidmac.o
[47/168] Building object file C:/Desktop/PSOC_Edge_AI/Demo/01_Basic/PSOC_Edge_Interrupt/proj_cm33_ns/build/Debug/libraries_shared/mtb-dsl-pse8xxgp/pdl/devices/source/cy_device.o
[48/168] Building object file C:/Desktop/PSOC_Edge_AI/Demo/01_Basic/PSOC_Edge_Interrupt/proj_cm33_ns/build/Debug/libraries_shared/mtb-dsl-pse8xxgp/pdl/drivers/source/cy_autanalog_ptc.o
[49/168] Building object file C:/Desktop/PSOC_Edge_AI/Demo/01_Basic/PSOC_Edge_Interrupt/proj_cm33_ns/build/Debug/libraries_shared/mtb-dsl-pse8xxgp/nnkernel/COMPONENT_CM33/source/cy_nn_kernel.o
[50/168] Building object file C:/Desktop/PSOC_Edge_AI/Demo/01_Basic/PSOC_Edge_Interrupt/proj_cm33_ns/build/Debug/libraries_shared/mtb-dsl-pse8xxgp/pdl/drivers/source/cy_crypto_core_chacha.o
[51/168] Building object file C:/Desktop/PSOC_Edge_AI/Demo/01_Basic/PSOC_Edge_Interrupt/proj_cm33_ns/build/Debug/libraries_shared/mtb-dsl-pse8xxgp/pdl/drivers/source/cy_crypto.o
[52/168] Building object file C:/Desktop/PSOC_Edge_AI/Demo/01_Basic/PSOC_Edge_Interrupt/proj_cm33_ns/build/Debug/libraries_shared/mtb-dsl-pse8xxgp/pdl/drivers/source/cy_crypto_core_aes_v1.o
[53/168] Building object file C:/Desktop/PSOC_Edge_AI/Demo/01_Basic/PSOC_Edge_Interrupt/proj_cm33_ns/build/Debug/libraries_shared/mtb-dsl-pse8xxgp/pdl/drivers/source/cy_canfd.o
[54/168] Building object file C:/Desktop/PSOC_Edge_AI/Demo/01_Basic/PSOC_Edge_Interrupt/proj_cm33_ns/build/Debug/libraries_shared/mtb-dsl-pse8xxgp/pdl/drivers/source/cy_autanalog_sar.o
[55/168] Building object file C:/Desktop/PSOC_Edge_AI/Demo/01_Basic/PSOC_Edge_Interrupt/proj_cm33_ns/build/Debug/libraries_shared/mtb-dsl-pse8xxgp/pdl/drivers/source/cy_crypto_core_crc_v1.o
[56/168] Building object file C:/Desktop/PSOC_Edge_AI/Demo/01_Basic/PSOC_Edge_Interrupt/proj_cm33_ns/build/Debug/libraries_shared/mtb-dsl-pse8xxgp/pdl/drivers/source/cy_crypto_core_ecc_domain_params.o
[57/168] Building object file C:/Desktop/PSOC_Edge_AI/Demo/01_Basic/PSOC_Edge_Interrupt/proj_cm33_ns/build/Debug/libraries_shared/mtb-dsl-pse8xxgp/pdl/drivers/source/cy_crypto_core_cmac_v2.o
[58/168] Building object file C:/Desktop/PSOC_Edge_AI/Demo/01_Basic/PSOC_Edge_Interrupt/proj_cm33_ns/build/Debug/libraries_shared/mtb-dsl-pse8xxgp/pdl/drivers/source/cy_crypto_core_cmac_v1.o
[59/168] Building object file C:/Desktop/PSOC_Edge_AI/Demo/01_Basic/PSOC_Edge_Interrupt/proj_cm33_ns/build/Debug/libraries_shared/mtb-dsl-pse8xxgp/pdl/drivers/source/cy_crypto_core_crc_v2.o
[60/168] Building object file C:/Desktop/PSOC_Edge_AI/Demo/01_Basic/PSOC_Edge_Interrupt/proj_cm33_ns/build/Debug/libraries_shared/mtb-dsl-pse8xxgp/pdl/drivers/source/cy_crypto_core_des_v1.o
[61/168] Building object file C:/Desktop/PSOC_Edge_AI/Demo/01_Basic/PSOC_Edge_Interrupt/proj_cm33_ns/build/Debug/libraries_shared/mtb-dsl-pse8xxgp/pdl/drivers/source/cy_crypto_core_des_v2.o
[62/168] Building object file C:/Desktop/PSOC_Edge_AI/Demo/01_Basic/PSOC_Edge_Interrupt/proj_cm33_ns/build/Debug/libraries_shared/mtb-dsl-pse8xxgp/pdl/drivers/source/cy_crypto_core_ecc_key_gen.o
[63/168] Building object file C:/Desktop/PSOC_Edge_AI/Demo/01_Basic/PSOC_Edge_Interrupt/proj_cm33_ns/build/Debug/libraries_shared/mtb-dsl-pse8xxgp/pdl/drivers/source/cy_crypto_core_aes_v2.o
[64/168] Building object file C:/Desktop/PSOC_Edge_AI/Demo/01_Basic/PSOC_Edge_Interrupt/proj_cm33_ns/build/Debug/libraries_shared/mtb-dsl-pse8xxgp/pdl/drivers/source/cy_crypto_core_ecc_ec25519.o
[65/168] Building object file C:/Desktop/PSOC_Edge_AI/Demo/01_Basic/PSOC_Edge_Interrupt/proj_cm33_ns/build/Debug/libraries_shared/mtb-dsl-pse8xxgp/pdl/drivers/source/cy_crypto_core_hkdf_v2.o
[66/168] Building object file C:/Desktop/PSOC_Edge_AI/Demo/01_Basic/PSOC_Edge_Interrupt/proj_cm33_ns/build/Debug/libraries_shared/mtb-dsl-pse8xxgp/pdl/drivers/source/cy_crypto_core_ecc_ecdsa.o
[67/168] Building object file C:/Desktop/PSOC_Edge_AI/Demo/01_Basic/PSOC_Edge_Interrupt/proj_cm33_ns/build/Debug/libraries_shared/mtb-dsl-pse8xxgp/pdl/drivers/source/cy_crypto_core_hmac_v1.o
[68/168] Building object file C:/Desktop/PSOC_Edge_AI/Demo/01_Basic/PSOC_Edge_Interrupt/proj_cm33_ns/build/Debug/libraries_shared/mtb-dsl-pse8xxgp/pdl/drivers/source/cy_crypto_core_ecc_eddsa.o
[69/168] Building object file C:/Desktop/PSOC_Edge_AI/Demo/01_Basic/PSOC_Edge_Interrupt/proj_cm33_ns/build/Debug/libraries_shared/mtb-dsl-pse8xxgp/pdl/drivers/source/cy_crypto_core_mem_v1.o
[70/168] Building object file C:/Desktop/PSOC_Edge_AI/Demo/01_Basic/PSOC_Edge_Interrupt/proj_cm33_ns/build/Debug/libraries_shared/mtb-dsl-pse8xxgp/pdl/drivers/source/cy_crypto_core_hmac_v2.o
[71/168] Building object file C:/Desktop/PSOC_Edge_AI/Demo/01_Basic/PSOC_Edge_Interrupt/proj_cm33_ns/build/Debug/libraries_shared/mtb-dsl-pse8xxgp/pdl/drivers/source/cy_crypto_core_ecc_nist_p.o
[72/168] Building object file C:/Desktop/PSOC_Edge_AI/Demo/01_Basic/PSOC_Edge_Interrupt/proj_cm33_ns/build/Debug/libraries_shared/mtb-dsl-pse8xxgp/pdl/drivers/source/cy_crypto_core_hw_v1.o
[73/168] Building object file C:/Desktop/PSOC_Edge_AI/Demo/01_Basic/PSOC_Edge_Interrupt/proj_cm33_ns/build/Debug/libraries_shared/mtb-dsl-pse8xxgp/pdl/drivers/source/cy_crypto_core_hw.o
[74/168] Building object file C:/Desktop/PSOC_Edge_AI/Demo/01_Basic/PSOC_Edge_Interrupt/proj_cm33_ns/build/Debug/libraries_shared/mtb-dsl-pse8xxgp/pdl/drivers/source/cy_crypto_core_prng_v1.o
[75/168] Building object file C:/Desktop/PSOC_Edge_AI/Demo/01_Basic/PSOC_Edge_Interrupt/proj_cm33_ns/build/Debug/libraries_shared/mtb-dsl-pse8xxgp/pdl/drivers/source/cy_crypto_core_poly1305.o
[76/168] Building object file C:/Desktop/PSOC_Edge_AI/Demo/01_Basic/PSOC_Edge_Interrupt/proj_cm33_ns/build/Debug/libraries_shared/mtb-dsl-pse8xxgp/pdl/drivers/source/cy_crypto_core_prng_v2.o
[77/168] Building object file C:/Desktop/PSOC_Edge_AI/Demo/01_Basic/PSOC_Edge_Interrupt/proj_cm33_ns/build/Debug/libraries_shared/mtb-dsl-pse8xxgp/pdl/drivers/source/cy_crypto_core_mem_v2.o
[78/168] Building object file C:/Desktop/PSOC_Edge_AI/Demo/01_Basic/PSOC_Edge_Interrupt/proj_cm33_ns/build/Debug/libraries_shared/mtb-dsl-pse8xxgp/pdl/drivers/source/cy_crypto_core_sha_v1.o
[79/168] Building object file C:/Desktop/PSOC_Edge_AI/Demo/01_Basic/PSOC_Edge_Interrupt/proj_cm33_ns/build/Debug/libraries_shared/mtb-dsl-pse8xxgp/pdl/drivers/source/cy_crypto_core_trng.o
[80/168] Building object file C:/Desktop/PSOC_Edge_AI/Demo/01_Basic/PSOC_Edge_Interrupt/proj_cm33_ns/build/Debug/libraries_shared/mtb-dsl-pse8xxgp/pdl/drivers/source/cy_crypto_core_sha_v2.o
[81/168] Building object file C:/Desktop/PSOC_Edge_AI/Demo/01_Basic/PSOC_Edge_Interrupt/proj_cm33_ns/build/Debug/libraries_shared/mtb-dsl-pse8xxgp/pdl/drivers/source/cy_crypto_core_rsa.o
[82/168] Building object file C:/Desktop/PSOC_Edge_AI/Demo/01_Basic/PSOC_Edge_Interrupt/proj_cm33_ns/build/Debug/libraries_shared/mtb-dsl-pse8xxgp/pdl/drivers/source/cy_dma.o
[83/168] Building object file C:/Desktop/PSOC_Edge_AI/Demo/01_Basic/PSOC_Edge_Interrupt/proj_cm33_ns/build/Debug/libraries_shared/mtb-dsl-pse8xxgp/pdl/drivers/source/cy_crypto_core_vu.o
[84/168] Building object file C:/Desktop/PSOC_Edge_AI/Demo/01_Basic/PSOC_Edge_Interrupt/proj_cm33_ns/build/Debug/libraries_shared/mtb-dsl-pse8xxgp/pdl/drivers/source/cy_ephy.o
[85/168] Building object file C:/Desktop/PSOC_Edge_AI/Demo/01_Basic/PSOC_Edge_Interrupt/proj_cm33_ns/build/Debug/libraries_shared/mtb-dsl-pse8xxgp/pdl/drivers/source/cy_crypto_utils.o
[86/168] Building object file C:/Desktop/PSOC_Edge_AI/Demo/01_Basic/PSOC_Edge_Interrupt/proj_cm33_ns/build/Debug/libraries_shared/mtb-dsl-pse8xxgp/pdl/drivers/source/cy_ipc_drv.o
[87/168] Building object file C:/Desktop/PSOC_Edge_AI/Demo/01_Basic/PSOC_Edge_Interrupt/proj_cm33_ns/build/Debug/libraries_shared/mtb-dsl-pse8xxgp/pdl/drivers/source/cy_crypto_server.o
[88/168] Building object file C:/Desktop/PSOC_Edge_AI/Demo/01_Basic/PSOC_Edge_Interrupt/proj_cm33_ns/build/Debug/libraries_shared/mtb-dsl-pse8xxgp/pdl/drivers/source/cy_ipc_pipe.o
[89/168] Building object file C:/Desktop/PSOC_Edge_AI/Demo/01_Basic/PSOC_Edge_Interrupt/proj_cm33_ns/build/Debug/libraries_shared/mtb-dsl-pse8xxgp/pdl/drivers/source/cy_gpio.o
[90/168] Building object file C:/Desktop/PSOC_Edge_AI/Demo/01_Basic/PSOC_Edge_Interrupt/proj_cm33_ns/build/Debug/libraries_shared/mtb-dsl-pse8xxgp/pdl/drivers/source/cy_lvd.o
[91/168] Building object file C:/Desktop/PSOC_Edge_AI/Demo/01_Basic/PSOC_Edge_Interrupt/proj_cm33_ns/build/Debug/libraries_shared/mtb-dsl-pse8xxgp/pdl/drivers/source/cy_ethif.o
[92/168] Building object file C:/Desktop/PSOC_Edge_AI/Demo/01_Basic/PSOC_Edge_Interrupt/proj_cm33_ns/build/Debug/libraries_shared/mtb-dsl-pse8xxgp/pdl/drivers/source/cy_mpc.o
[93/168] Building object file C:/Desktop/PSOC_Edge_AI/Demo/01_Basic/PSOC_Edge_Interrupt/proj_cm33_ns/build/Debug/libraries_shared/mtb-dsl-pse8xxgp/pdl/drivers/source/cy_ipc_sema.o
[94/168] Building object file C:/Desktop/PSOC_Edge_AI/Demo/01_Basic/PSOC_Edge_Interrupt/proj_cm33_ns/build/Debug/libraries_shared/mtb-dsl-pse8xxgp/pdl/drivers/source/cy_lpcomp.o
[95/168] Building object file C:/Desktop/PSOC_Edge_AI/Demo/01_Basic/PSOC_Edge_Interrupt/proj_cm33_ns/build/Debug/libraries_shared/mtb-dsl-pse8xxgp/pdl/drivers/source/cy_mcwdt.o
[96/168] Building object file C:/Desktop/PSOC_Edge_AI/Demo/01_Basic/PSOC_Edge_Interrupt/proj_cm33_ns/build/Debug/libraries_shared/mtb-dsl-pse8xxgp/pdl/drivers/source/cy_mipidsi.o
[97/168] Building object file C:/Desktop/PSOC_Edge_AI/Demo/01_Basic/PSOC_Edge_Interrupt/proj_cm33_ns/build/Debug/libraries_shared/mtb-dsl-pse8xxgp/pdl/drivers/source/cy_ms_ctl.o
[98/168] Building object file C:/Desktop/PSOC_Edge_AI/Demo/01_Basic/PSOC_Edge_Interrupt/proj_cm33_ns/build/Debug/libraries_shared/mtb-dsl-pse8xxgp/pdl/drivers/source/cy_pdm_pcm_v2.o
[99/168] Building object file C:/Desktop/PSOC_Edge_AI/Demo/01_Basic/PSOC_Edge_Interrupt/proj_cm33_ns/build/Debug/libraries_shared/mtb-dsl-pse8xxgp/pdl/drivers/source/cy_pdl_srf.o
[100/168] Building object file C:/Desktop/PSOC_Edge_AI/Demo/01_Basic/PSOC_Edge_Interrupt/proj_cm33_ns/build/Debug/libraries_shared/mtb-dsl-pse8xxgp/pdl/drivers/source/cy_ppc.o
[101/168] Building object file C:/Desktop/PSOC_Edge_AI/Demo/01_Basic/PSOC_Edge_Interrupt/proj_cm33_ns/build/Debug/libraries_shared/mtb-dsl-pse8xxgp/pdl/drivers/source/cy_nnlite.o
[102/168] Building object file C:/Desktop/PSOC_Edge_AI/Demo/01_Basic/PSOC_Edge_Interrupt/proj_cm33_ns/build/Debug/libraries_shared/mtb-dsl-pse8xxgp/pdl/drivers/source/cy_pdl_srf_common.o
[103/168] Building object file C:/Desktop/PSOC_Edge_AI/Demo/01_Basic/PSOC_Edge_Interrupt/proj_cm33_ns/build/Debug/libraries_shared/mtb-dsl-pse8xxgp/pdl/drivers/source/cy_scb_common.o
[104/168] Building object file C:/Desktop/PSOC_Edge_AI/Demo/01_Basic/PSOC_Edge_Interrupt/proj_cm33_ns/build/Debug/libraries_shared/mtb-dsl-pse8xxgp/pdl/drivers/source/cy_i3c.o
[105/168] Building object file C:/Desktop/PSOC_Edge_AI/Demo/01_Basic/PSOC_Edge_Interrupt/proj_cm33_ns/build/Debug/libraries_shared/mtb-dsl-pse8xxgp/pdl/drivers/source/cy_scb_spi_ez.o
[106/168] Building object file C:/Desktop/PSOC_Edge_AI/Demo/01_Basic/PSOC_Edge_Interrupt/proj_cm33_ns/build/Debug/libraries_shared/mtb-dsl-pse8xxgp/pdl/drivers/source/cy_rram.o
[107/168] Building object file C:/Desktop/PSOC_Edge_AI/Demo/01_Basic/PSOC_Edge_Interrupt/proj_cm33_ns/build/Debug/libraries_shared/mtb-dsl-pse8xxgp/pdl/drivers/source/cy_scb_spi.o
[108/168] Building object file C:/Desktop/PSOC_Edge_AI/Demo/01_Basic/PSOC_Edge_Interrupt/proj_cm33_ns/build/Debug/libraries_shared/mtb-dsl-pse8xxgp/pdl/drivers/source/cy_scb_ezi2c.o
[109/168] Building object file C:/Desktop/PSOC_Edge_AI/Demo/01_Basic/PSOC_Edge_Interrupt/proj_cm33_ns/build/Debug/libraries_shared/mtb-dsl-pse8xxgp/pdl/drivers/source/cy_smartio.o
[110/168] Building object file C:/Desktop/PSOC_Edge_AI/Demo/01_Basic/PSOC_Edge_Interrupt/proj_cm33_ns/build/Debug/libraries_shared/mtb-dsl-pse8xxgp/pdl/drivers/source/cy_scb_i2c.o
[111/168] Building object file C:/Desktop/PSOC_Edge_AI/Demo/01_Basic/PSOC_Edge_Interrupt/proj_cm33_ns/build/Debug/libraries_shared/mtb-dsl-pse8xxgp/pdl/drivers/source/cy_scb_uart.o
[112/168] Building object file C:/Desktop/PSOC_Edge_AI/Demo/01_Basic/PSOC_Edge_Interrupt/proj_cm33_ns/build/Debug/libraries_shared/mtb-dsl-pse8xxgp/pdl/drivers/source/cy_rtc.o
[113/168] Building object file C:/Desktop/PSOC_Edge_AI/Demo/01_Basic/PSOC_Edge_Interrupt/proj_cm33_ns/build/Debug/libraries_shared/mtb-dsl-pse8xxgp/pdl/drivers/source/cy_smif_hb_flash.o
[114/168] Building object file C:/Desktop/PSOC_Edge_AI/Demo/01_Basic/PSOC_Edge_Interrupt/proj_cm33_ns/build/Debug/libraries_shared/mtb-dsl-pse8xxgp/pdl/drivers/source/cy_smif_memnum.o
[115/168] Building object file C:/Desktop/PSOC_Edge_AI/Demo/01_Basic/PSOC_Edge_Interrupt/proj_cm33_ns/build/Debug/libraries_shared/mtb-dsl-pse8xxgp/pdl/drivers/source/cy_smif.o
[116/168] Building object file C:/Desktop/PSOC_Edge_AI/Demo/01_Basic/PSOC_Edge_Interrupt/proj_cm33_ns/build/Debug/libraries_shared/mtb-dsl-pse8xxgp/pdl/drivers/source/cy_sysfault.o
[117/168] Building object file C:/Desktop/PSOC_Edge_AI/Demo/01_Basic/PSOC_Edge_Interrupt/proj_cm33_ns/build/Debug/libraries_shared/mtb-dsl-pse8xxgp/pdl/drivers/source/cy_sysint_v2.o
[118/168] Building object file C:/Desktop/PSOC_Edge_AI/Demo/01_Basic/PSOC_Edge_Interrupt/proj_cm33_ns/build/Debug/libraries_shared/mtb-dsl-pse8xxgp/pdl/drivers/source/cy_sd_host.o
[119/168] Building object file C:/Desktop/PSOC_Edge_AI/Demo/01_Basic/PSOC_Edge_Interrupt/proj_cm33_ns/build/Debug/libraries_shared/mtb-dsl-pse8xxgp/pdl/drivers/source/cy_syslib.o
[120/168] Building object file C:/Desktop/PSOC_Edge_AI/Demo/01_Basic/PSOC_Edge_Interrupt/proj_cm33_ns/build/Debug/libraries_shared/mtb-dsl-pse8xxgp/pdl/drivers/source/cy_smif_memslot.o
[121/168] Building object file C:/Desktop/PSOC_Edge_AI/Demo/01_Basic/PSOC_Edge_Interrupt/proj_cm33_ns/build/Debug/libraries_shared/mtb-dsl-pse8xxgp/pdl/drivers/source/cy_syspm_pdcm.o
[122/168] Building object file C:/Desktop/PSOC_Edge_AI/Demo/01_Basic/PSOC_Edge_Interrupt/proj_cm33_ns/build/Debug/libraries_shared/mtb-dsl-pse8xxgp/pdl/drivers/source/cy_syspm_ppu.o
[123/168] Building object file C:/Desktop/PSOC_Edge_AI/Demo/01_Basic/PSOC_Edge_Interrupt/proj_cm33_ns/build/Debug/libraries_shared/mtb-dsl-pse8xxgp/pdl/drivers/source/cy_smif_sfdp.o
[124/168] Building object file C:/Desktop/PSOC_Edge_AI/Demo/01_Basic/PSOC_Edge_Interrupt/proj_cm33_ns/build/Debug/libraries_shared/mtb-dsl-pse8xxgp/pdl/drivers/source/cy_systrimm.o
[125/168] Building object file C:/Desktop/PSOC_Edge_AI/Demo/01_Basic/PSOC_Edge_Interrupt/proj_cm33_ns/build/Debug/libraries_shared/mtb-dsl-pse8xxgp/pdl/drivers/source/cy_systick_v2.o
[126/168] Building object file C:/Desktop/PSOC_Edge_AI/Demo/01_Basic/PSOC_Edge_Interrupt/proj_cm33_ns/build/Debug/libraries_shared/mtb-dsl-pse8xxgp/pdl/drivers/source/cy_tcpwm_counter.o
[127/168] Building object file C:/Desktop/PSOC_Edge_AI/Demo/01_Basic/PSOC_Edge_Interrupt/proj_cm33_ns/build/Debug/libraries_shared/mtb-dsl-pse8xxgp/pdl/drivers/source/cy_tdm.o
[128/168] Building object file C:/Desktop/PSOC_Edge_AI/Demo/01_Basic/PSOC_Edge_Interrupt/proj_cm33_ns/build/Debug/libraries_shared/mtb-dsl-pse8xxgp/pdl/drivers/source/cy_trigmux.o
[129/168] Building object file C:/Desktop/PSOC_Edge_AI/Demo/01_Basic/PSOC_Edge_Interrupt/proj_cm33_ns/build/Debug/libraries_shared/mtb-dsl-pse8xxgp/pdl/drivers/source/cy_tcpwm_quaddec.o
[130/168] Building object file C:/Desktop/PSOC_Edge_AI/Demo/01_Basic/PSOC_Edge_Interrupt/proj_cm33_ns/build/Debug/libraries_shared/mtb-dsl-pse8xxgp/pdl/drivers/source/cy_tcpwm_pwm.o
[131/168] Building object file C:/Desktop/PSOC_Edge_AI/Demo/01_Basic/PSOC_Edge_Interrupt/proj_cm33_ns/build/Debug/libraries_shared/mtb-dsl-pse8xxgp/pdl/drivers/source/cy_sysclk_v2.o
[132/168] Building object file C:/Desktop/PSOC_Edge_AI/Demo/01_Basic/PSOC_Edge_Interrupt/proj_cm33_ns/build/Debug/libraries_shared/mtb-dsl-pse8xxgp/pdl/drivers/source/cy_syspm_v4.o
[133/168] Building object file C:/Desktop/PSOC_Edge_AI/Demo/01_Basic/PSOC_Edge_Interrupt/proj_cm33_ns/build/Debug/libraries_shared/mtb-dsl-pse8xxgp/support/source/mtb_stdlib_stubs.o
[134/168] Building object file C:/Desktop/PSOC_Edge_AI/Demo/01_Basic/PSOC_Edge_Interrupt/proj_cm33_ns/build/Debug/libraries_shared/mtb-dsl-pse8xxgp/pdl/drivers/source/cy_tcpwm_shiftreg.o
[135/168] Building object file C:/Desktop/PSOC_Edge_AI/Demo/01_Basic/PSOC_Edge_Interrupt/proj_cm33_ns/build/Debug/libraries_shared/se-rt-services-utils/ifx_se_crc32.o
[136/168] Building object file C:/Desktop/PSOC_Edge_AI/Demo/01_Basic/PSOC_Edge_Interrupt/proj_cm33_ns/build/Debug/libraries_shared/mtb-dsl-pse8xxgp/pdl/drivers/source/cy_wdt.o
[137/168] Building object file C:/Desktop/PSOC_Edge_AI/Demo/01_Basic/PSOC_Edge_Interrupt/proj_cm33_ns/build/Debug/libraries_shared/mtb-dsl-pse8xxgp/pdl/drivers/source/ppu_v1.o
[138/168] Building object file C:/Desktop/PSOC_Edge_AI/Demo/01_Basic/PSOC_Edge_Interrupt/proj_cm33_ns/build/Debug/libraries_shared/mtb-dsl-pse8xxgp/pdl/drivers/third_party/ethernet/src/edd_tx.o
[139/168] Building object file C:/Desktop/PSOC_Edge_AI/Demo/01_Basic/PSOC_Edge_Interrupt/proj_cm33_ns/build/Debug/libraries_shared/se-rt-services-utils/ifx_se_platform.o
[140/168] Building object file C:/Desktop/PSOC_Edge_AI/Demo/01_Basic/PSOC_Edge_Interrupt/proj_cm33_ns/build/Debug/libraries_shared/se-rt-services-utils/ifx_se_fih.o
[141/168] Building object file C:/Desktop/PSOC_Edge_AI/Demo/01_Basic/PSOC_Edge_Interrupt/proj_cm33_ns/build/Debug/libraries_shared/se-rt-services-utils/ifx_se_ss_wifi.o
[142/168] Building object file C:/Desktop/PSOC_Edge_AI/Demo/01_Basic/PSOC_Edge_Interrupt/proj_cm33_ns/build/Debug/libraries_shared/se-rt-services-utils/ifx_se_syscall.o
[143/168] Building object file C:/Desktop/PSOC_Edge_AI/Demo/01_Basic/PSOC_Edge_Interrupt/proj_cm33_ns/build/Debug/libraries_shared/mtb-srf/source/mtb_srf.o
[144/168] Building object file C:/Desktop/PSOC_Edge_AI/Demo/01_Basic/PSOC_Edge_Interrupt/proj_cm33_ns/build/Debug/libraries_shared/se-rt-services-utils/ifx_se_psacrypto_pqc.o
[145/168] Building object file C:/Desktop/PSOC_Edge_AI/Demo/01_Basic/PSOC_Edge_Interrupt/proj_cm33_ns/build/Debug/bsps/APP_KIT_PSE84_AI/bluetooth/cybsp_bt_config.o
[146/168] Building object file C:/Desktop/PSOC_Edge_AI/Demo/01_Basic/PSOC_Edge_Interrupt/proj_cm33_ns/build/Debug/libraries_shared/mtb-srf/source/COMPONENT_NON_SECURE_DEVICE/COMPONENT_MW_MTB_IPC/mtb_srf_ipc.o
[147/168] Building object file C:/Desktop/PSOC_Edge_AI/Demo/01_Basic/PSOC_Edge_Interrupt/proj_cm33_ns/build/Debug/libraries_shared/mtb-dsl-pse8xxgp/pdl/drivers/third_party/ethernet/src/edd_rx.o
[148/168] Building object file C:/Desktop/PSOC_Edge_AI/Demo/01_Basic/PSOC_Edge_Interrupt/proj_cm33_ns/build/Debug/libraries_shared/mtb-srf/source/COMPONENT_NON_SECURE_DEVICE/mtb_srf_pool.o
[149/168] Building object file C:/Desktop/PSOC_Edge_AI/Demo/01_Basic/PSOC_Edge_Interrupt/proj_cm33_ns/build/Debug/libraries_shared/retarget-io/source/cy_retarget_io.o
[150/168] Building object file C:/Desktop/PSOC_Edge_AI/Demo/01_Basic/PSOC_Edge_Interrupt/proj_cm33_ns/build/Debug/libraries_shared/se-rt-services-utils/ifx_se_psacrypto.o
[151/168] Building object file C:/Desktop/PSOC_Edge_AI/Demo/01_Basic/PSOC_Edge_Interrupt/proj_cm33_ns/build/Debug/libraries_shared/se-rt-services-utils/ifx_se_syscall_builtin.o
[152/168] Building object file C:/Desktop/PSOC_Edge_AI/Demo/01_Basic/PSOC_Edge_Interrupt/proj_cm33_ns/build/Debug/libraries_shared/mtb-ipc/source/mtb_ipc.o
[153/168] Building object file C:/Desktop/PSOC_Edge_AI/Demo/01_Basic/PSOC_Edge_Interrupt/proj_cm33_ns/build/Debug/bsps/APP_KIT_PSE84_AI/COMPONENT_CM33/COMPONENT_NON_SECURE_DEVICE/ns_start_pse84.o
[154/168] Building object file C:/Desktop/PSOC_Edge_AI/Demo/01_Basic/PSOC_Edge_Interrupt/proj_cm33_ns/build/Debug/libraries_shared/mtb-dsl-pse8xxgp/pdl/drivers/third_party/ethernet/src/edd.o
[155/168] Building object file C:/Desktop/PSOC_Edge_AI/Demo/01_Basic/PSOC_Edge_Interrupt/proj_cm33_ns/build/Debug/bsps/APP_KIT_PSE84_AI/config/GeneratedSource/cycfg_peripheral_clocks.o
[156/168] Building object file C:/Desktop/PSOC_Edge_AI/Demo/01_Basic/PSOC_Edge_Interrupt/proj_cm33_ns/build/Debug/bsps/APP_KIT_PSE84_AI/config/GeneratedSource/cycfg_pins.o
[157/168] Building object file C:/Desktop/PSOC_Edge_AI/Demo/01_Basic/PSOC_Edge_Interrupt/proj_cm33_ns/build/Debug/bsps/APP_KIT_PSE84_AI/config/GeneratedSource/cycfg_routing.o
[158/168] Building object file C:/Desktop/PSOC_Edge_AI/Demo/01_Basic/PSOC_Edge_Interrupt/proj_cm33_ns/build/Debug/bsps/APP_KIT_PSE84_AI/config/GeneratedSource/cycfg_clocks.o
[159/168] Building object file C:/Desktop/PSOC_Edge_AI/Demo/01_Basic/PSOC_Edge_Interrupt/proj_cm33_ns/build/Debug/bsps/APP_KIT_PSE84_AI/config/GeneratedSource/cycfg_protection.o
[160/168] Building object file C:/Desktop/PSOC_Edge_AI/Demo/01_Basic/PSOC_Edge_Interrupt/proj_cm33_ns/build/Debug/bsps/APP_KIT_PSE84_AI/config/GeneratedSource/cycfg_qspi_memslot.o
[161/168] Building object file C:/Desktop/PSOC_Edge_AI/Demo/01_Basic/PSOC_Edge_Interrupt/proj_cm33_ns/build/Debug/bsps/APP_KIT_PSE84_AI/config/GeneratedSource/cycfg_system.o
[162/168] Building object file C:/Desktop/PSOC_Edge_AI/Demo/01_Basic/PSOC_Edge_Interrupt/proj_cm33_ns/build/Debug/bsps/APP_KIT_PSE84_AI/COMPONENT_CM33/COMPONENT_NON_SECURE_DEVICE/ns_system_pse84.o
[163/168] Building object file C:/Desktop/PSOC_Edge_AI/Demo/01_Basic/PSOC_Edge_Interrupt/proj_cm33_ns/build/Debug/bsps/APP_KIT_PSE84_AI/system_edge.o
[164/168] Building object file C:/Desktop/PSOC_Edge_AI/Demo/01_Basic/PSOC_Edge_Interrupt/proj_cm33_ns/build/Debug/bsps/APP_KIT_PSE84_AI/config/GeneratedSource/cycfg.o
[165/168] Building object file C:/Desktop/PSOC_Edge_AI/Demo/01_Basic/PSOC_Edge_Interrupt/proj_cm33_ns/build/Debug/bsps/APP_KIT_PSE84_AI/config/GeneratedSource/cycfg_dmas.o
[166/168] Building object file C:/Desktop/PSOC_Edge_AI/Demo/01_Basic/PSOC_Edge_Interrupt/proj_cm33_ns/build/Debug/bsps/APP_KIT_PSE84_AI/config/GeneratedSource/cycfg_peripherals.o
[167/168] Building object file C:/Desktop/PSOC_Edge_AI/Demo/01_Basic/PSOC_Edge_Interrupt/proj_cm33_ns/build/Debug/bsps/APP_KIT_PSE84_AI/cybsp.o
[168/168] Linking, creating elf file build/APP_KIT_PSE84_AI/Debug/proj_cm33_ns.elf
FAILED: build/APP_KIT_PSE84_AI/Debug/proj_cm33_ns.elf 
C:/Users/User/Infineon/Tools/mtb-gcc-arm-eabi/14.2.1/gcc/bin/arm-none-eabi-g++.exe -mcpu=cortex-m33 --specs=nano.specs -mfloat-abi=softfp -mfpu=fpv5-sp-d16 -mthumb -ffunction-sections -fdata-sections -ffat-lto-objects -g -Wall -pipe -Wl,--gc-sections -Xlinker -L ../bsps/TARGET_APP_KIT_PSE84_AI/COMPONENT_CM33/TOOLCHAIN_GCC_ARM -Xlinker -L ../bsps/TARGET_APP_KIT_PSE84_AI/config/GeneratedSource -T../bsps/TARGET_APP_KIT_PSE84_AI/COMPONENT_CM33/TOOLCHAIN_GCC_ARM/pse84_ns_cm33.ld -Wl,-Map,C:/Desktop/PSOC_Edge_AI/Demo/01_Basic/PSOC_Edge_Interrupt/proj_cm33_ns/build/APP_KIT_PSE84_AI/Debug/proj_cm33_ns.map -Wl,--start-group @build/APP_KIT_PSE84_AI/Debug/proj_cm33_ns.elf.rsp -Wl,--end-group -o build/APP_KIT_PSE84_AI/Debug/proj_cm33_ns.elf
C:/Users/User/Infineon/Tools/mtb-gcc-arm-eabi/14.2.1/gcc/bin/../lib/gcc/arm-none-eabi/14.2.1/../../../../arm-none-eabi/bin/ld.exe: cannot find ../proj_cm33_s/nsc_veneer.o: No such file or directory
make: *** [../../mtb_shared/core-make/release-v3.10.0/make/core/ninja.mk:252: C:/Desktop/PSOC_Edge_AI/Demo/01_Basic/PSOC_Edge_Interrupt/proj_cm33_ns/build/APP_KIT_PSE84_AI/Debug/proj_cm33_ns.elf] Error 1
collect2.exe: error: ld returned 1 exit status
ninja: build stopped: subcommand failed.
"C:/Users/User/ModusToolbox/tools_3.9/modus-shell/bin/make CY_MAKE_IDE=eclipse CY_IDE_TOOLS_DIR=C:/Users/User/ModusToolbox/tools_3.9 CY_IDE_BT_TOOLS_DIR= -j12 build_proj" terminated with exit code 2. Build might be incomplete.
