Loading the ModusToolbox Technology Packs and Early Access Packs
Finished loading the ModusToolbox Technology Packs and Early Access Packs (5 ms)
Loading the tools information
Finished loading the tools information (42 ms)
From ModusToolbox Tools version 3.9.0.0 installed at C:/Users/User/ModusToolbox/tools_3.9, using
 airoc-tools version 5.0.2.411
 bsp-assistant version 1.80.0.3440
 bt-configurator version 3.70.0.3782
 cymcuelftool version 1.0.1.157
 dashboard version 3.9.0.450
 device-configurator version 5.90.0.4326
 dfuh-tool version 2.130.0.4094
 ez-pd-configurator version 2.50.0.2707
 hardware-config-server version 1.9.0.2666
 lcs-manager-cli version 1.70.0.433
 library-manager version 2.80.0.5084
 make version 2.7.0.8263
 memoryreport version 1.1.0.499
 modus-shell version 1.5.1.160
 mtb-settings version 1.40.0.473
 mtbarchive version 1.9.0.5585
 mtbgetlibs version 1.9.0.5585
 mtbideexport version 1.6.0.499
 mtblaunch version 1.9.0.5585
 mtbninja version 1.9.0.5585
 mtbquery version 1.9.0.5585
 mtbsearch version 1.9.0.5585
 ninja version 1.12.1
 project-creator version 2.80.0.5978
 proxy-helper version 1.110.0.524
 qspi-configurator version 4.90.0.3032
 seglcd-configurator version 1.120.0.2577
 signcombinemkgen version 1.4.0.538
 smartio-configurator version 4.80.0.2100
 srecord version 1.64.1.45
 usbdev-configurator version 3.30.0.2648
From ModusToolbox Pack ModusToolbox Machine Learning Pack version 3.3.0.2864 installed at C:/Users/User/ModusToolbox/packs/ModusToolbox-Machine-Learning-Pack, using
 ml-configurator version 3.1.0.2967
 ml-coretools version 3.3.0.9784
From ModusToolbox Pack ModusToolbox CAPSENSE and Multi-Sense Pack version 1.5.0.730 installed at C:/Users/User/ModusToolbox/packs/ModusToolbox-Multi-Sense-Pack, using
 capsense-configurator version 11.0.0.13575
 sensor-designer-tool version 1.30.0.1418
From ModusToolbox Pack DEEPCRAFT™ Audio Enhancement Tech Pack version 1.3.0.233 installed at C:/Users/User/ModusToolbox/packs/DEEPCRAFT-Audio-Enhancement-Tech-Pack, using
 audio-fe-configurator version 1.80.0.3095
Loading the manifest data
Online Content mode has been enabled by default.
Loading super manifest files from all sources
Getting manifests from remote and/or local sources
Processing system manifest 'https://modustoolbox.infineon.com/manifests/mtb-super-manifest/v2.X/mtb-super-manifest-fv2.xml'
Downloading super manifest file 'https://modustoolbox.infineon.com/manifests/mtb-super-manifest/v2.X/mtb-super-manifest-fv2.xml'
Finished loading super manifest files from all sources
Finished download of file 'https://modustoolbox.infineon.com/manifests/mtb-super-manifest/v2.X/mtb-super-manifest-fv2.xml'
Starting to parse super manifest with URL 'https://modustoolbox.infineon.com/manifests/mtb-super-manifest/v2.X/mtb-super-manifest-fv2.xml'
Finished parsing super manifest with URL 'https://modustoolbox.infineon.com/manifests/mtb-super-manifest/v2.X/mtb-super-manifest-fv2.xml'
Downloading manifest file 'https://github.com/Infineon/mtb-sdk-list-manifest/raw/main/mtb-sdk-list-manifest.xml'
Downloading manifest file 'https://github.com/Infineon/mtb-ce-manifest/raw/v2.X/mtb-ce-manifest.xml'
Downloading manifest file 'https://github.com/Infineon/mtb-ce-manifest/raw/v2.X/mtb-ce-manifest-fv2.xml'
Downloading manifest file 'https://github.com/Infineon/mtb-t2g-ce-manifest/raw/main/mtb-ce-manifest-fv2.xml'
Downloading manifest file 'https://github.com/Infineon/mtb-bt-app-manifest/raw/v2.X/mtb-bt-app-manifest.xml'
Downloading manifest file 'https://github.com/Infineon/mtb-bt-app-manifest/raw/v2.X/mtb-bt-app-manifest-fv2.xml'
Downloading manifest file 'https://github.com/Infineon/cce-app-manifest/raw/v2.X/cce-app-manifest-fv2.xml'
Downloading manifest file 'https://github.com/Altia-Marketing/altia-ce-manifest/raw/main/altia-ce-manifest-fv2.xml'
Downloading manifest file 'https://github.com/avnet-iotconnect/avnet-iotc-mtb-ce-manifest/raw/main/avnet-iotc-mtb-ce-manifest-fv2.xml'
Downloading manifest file 'https://github.com/CyberonEBU/cyberon-mtb-ce-manifest/raw/main/cyberon-mtb-ce-manifest-fv2.xml'
Downloading manifest file 'https://github.com/golioth/mtb-golioth-ce-manifest/raw/main/mtb-golioth-ce-manifest-fv2.xml'
Downloading manifest file 'https://github.com/rtlabs-com/mtb-rtlabs-manifest/raw/main/mtb-ce-manifest-fv2-rtlabs.xml'
Downloading manifest file 'https://github.com/RutronikSystemSolutions/rutronik-ce-manifest/raw/main/rutronik-ce-manifest-fv2.xml'
Downloading manifest file 'https://github.com/Infineon/mtb-bsp-manifest/raw/v2.X/mtb-bsp-manifest.xml'
Downloading manifest file 'https://github.com/Infineon/mtb-bsp-manifest/raw/v2.X/mtb-bsp-capabilities-manifest.json'
Downloading manifest file 'https://github.com/Infineon/mtb-bsp-manifest/raw/v2.X/mtb-bsp-manifest-fv2.xml'
Downloading manifest file 'https://github.com/Infineon/mtb-bsp-manifest/raw/v2.X/mtb-bsp-dependencies-manifest.xml'
Downloading manifest file 'https://github.com/Infineon/mtb-bt-bsp-manifest/raw/v2.X/mtb-bt-bsp-manifest.xml'
Downloading manifest file 'https://github.com/Infineon/mtb-bt-bsp-manifest/raw/v2.X/mtb-bt-bsp-manifest-fv2.xml'
Downloading manifest file 'https://github.com/Infineon/mtb-bt-bsp-manifest/raw/v2.X/mtb-bt-bsp-dependencies-manifest.xml'
Downloading manifest file 'https://github.com/Inventek/inventek-bsp-manifest/raw/main/inventek-bsp-manifest-fv2.xml'
Downloading manifest file 'https://github.com/Inventek/inventek-bsp-manifest/raw/main/inventek-bsp-dependencies-manifest.xml'
Downloading manifest file 'https://github.com/RutronikSystemSolutions/rutronik-bsp-manifest/raw/main/rutronik-bsp-manifest-fv2.xml'
Downloading manifest file 'https://github.com/RutronikSystemSolutions/rutronik-bsp-manifest/raw/main/rutronik-bsp-dependencies-manifest.xml'
Downloading manifest file 'https://github.com/Infineon/mtb-mw-manifest/raw/v2.X/mtb-mw-manifest.xml'
Downloading manifest file 'https://github.com/Infineon/mtb-mw-manifest/raw/v2.X/mtb-mw-manifest-fv2.xml'
Downloading manifest file 'https://github.com/Infineon/mtb-mw-manifest/raw/v2.X/mtb-mw-dependencies-manifest.xml'
Downloading manifest file 'https://github.com/Infineon/mtb-t2g-mw-manifest/raw/main/mtb-t2g-mw-manifest-fv2.xml'
Downloading manifest file 'https://github.com/Infineon/mtb-t2g-mw-manifest/raw/main/mtb-t2g-mw-dependencies-manifest.xml'
Downloading manifest file 'https://github.com/Infineon/mtb-bt-mw-manifest/raw/v2.X/mtb-bt-mw-manifest.xml'
Downloading manifest file 'https://github.com/Infineon/mtb-bt-mw-manifest/raw/v2.X/mtb-bt-mw-manifest-fv2.xml'
Downloading manifest file 'https://github.com/Infineon/mtb-bt-mw-manifest/raw/v2.X/mtb-bt-mw-dependencies-manifest.xml'
Downloading manifest file 'https://github.com/Infineon/mtb-wifi-mw-manifest/raw/v2.X/mtb-wifi-mw-manifest.xml'
Downloading manifest file 'https://github.com/Infineon/mtb-wifi-mw-manifest/raw/v2.X/mtb-wifi-mw-manifest-fv2.xml'
Downloading manifest file 'https://github.com/Infineon/mtb-wifi-mw-manifest/raw/v2.X/mtb-wifi-mw-dependencies-manifest.xml'
Downloading manifest file 'https://github.com/avnet-iotconnect/avnet-iotc-mtb-mw-manifest/raw/main/avnet-iotc-mtb-mw-manifest-fv2.xml'
Downloading manifest file 'https://github.com/CyberonEBU/cyberon-mtb-mw-manifest/raw/main/cyberon-mtb-mw-manifest-fv2.xml'
Downloading manifest file 'https://github.com/golioth/mtb-golioth-mw-manifest/raw/main/mtb-golioth-mw-manifest-fv2.xml'
Downloading manifest file 'https://github.com/rtlabs-com/mtb-rtlabs-manifest/raw/main/rtlabs-mtb-mw-manifest-fw2-rtlabs.xml'
Finished download of file 'https://github.com/Infineon/mtb-sdk-list-manifest/raw/main/mtb-sdk-list-manifest.xml'
Starting to parse SDK list manifest with URL 'https://github.com/Infineon/mtb-sdk-list-manifest/raw/main/mtb-sdk-list-manifest.xml'
Finished parsing SDK list manifest with URL 'https://github.com/Infineon/mtb-sdk-list-manifest/raw/main/mtb-sdk-list-manifest.xml'
Downloading manifest file 'https://github.com/Infineon/mtb-sdk-20829-json/raw/main/mtb-sdk-manifest-20829b1.json'
Downloading manifest file 'https://github.com/Infineon/mtb-sdk-55513EVK-json/raw/main/mtb-sdk-manifest-55513.json'
Finished download of file 'https://github.com/Infineon/mtb-ce-manifest/raw/v2.X/mtb-ce-manifest.xml'
Finished download of file 'https://github.com/Infineon/mtb-ce-manifest/raw/v2.X/mtb-ce-manifest-fv2.xml'
Finished download of file 'https://github.com/Infineon/mtb-t2g-ce-manifest/raw/main/mtb-ce-manifest-fv2.xml'
Finished download of file 'https://github.com/Infineon/mtb-bt-app-manifest/raw/v2.X/mtb-bt-app-manifest.xml'
Finished download of file 'https://github.com/Infineon/mtb-bt-app-manifest/raw/v2.X/mtb-bt-app-manifest-fv2.xml'
Finished download of file 'https://github.com/Infineon/cce-app-manifest/raw/v2.X/cce-app-manifest-fv2.xml'
Finished download of file 'https://github.com/Altia-Marketing/altia-ce-manifest/raw/main/altia-ce-manifest-fv2.xml'
Finished download of file 'https://github.com/avnet-iotconnect/avnet-iotc-mtb-ce-manifest/raw/main/avnet-iotc-mtb-ce-manifest-fv2.xml'
Finished download of file 'https://github.com/CyberonEBU/cyberon-mtb-ce-manifest/raw/main/cyberon-mtb-ce-manifest-fv2.xml'
Finished download of file 'https://github.com/golioth/mtb-golioth-ce-manifest/raw/main/mtb-golioth-ce-manifest-fv2.xml'
Finished download of file 'https://github.com/rtlabs-com/mtb-rtlabs-manifest/raw/main/mtb-ce-manifest-fv2-rtlabs.xml'
Finished download of file 'https://github.com/RutronikSystemSolutions/rutronik-ce-manifest/raw/main/rutronik-ce-manifest-fv2.xml'
Finished download of file 'https://github.com/Infineon/mtb-bsp-manifest/raw/v2.X/mtb-bsp-manifest.xml'
Finished download of file 'https://github.com/Infineon/mtb-bsp-manifest/raw/v2.X/mtb-bsp-capabilities-manifest.json'
Finished download of file 'https://github.com/Infineon/mtb-bsp-manifest/raw/v2.X/mtb-bsp-manifest-fv2.xml'
Finished download of file 'https://github.com/Infineon/mtb-bsp-manifest/raw/v2.X/mtb-bsp-dependencies-manifest.xml'
Finished download of file 'https://github.com/Infineon/mtb-bt-bsp-manifest/raw/v2.X/mtb-bt-bsp-manifest.xml'
Finished download of file 'https://github.com/Infineon/mtb-bt-bsp-manifest/raw/v2.X/mtb-bt-bsp-manifest-fv2.xml'
Finished download of file 'https://github.com/Infineon/mtb-bt-bsp-manifest/raw/v2.X/mtb-bt-bsp-dependencies-manifest.xml'
Finished download of file 'https://github.com/Inventek/inventek-bsp-manifest/raw/main/inventek-bsp-manifest-fv2.xml'
Finished download of file 'https://github.com/Inventek/inventek-bsp-manifest/raw/main/inventek-bsp-dependencies-manifest.xml'
Finished download of file 'https://github.com/RutronikSystemSolutions/rutronik-bsp-manifest/raw/main/rutronik-bsp-manifest-fv2.xml'
Finished download of file 'https://github.com/RutronikSystemSolutions/rutronik-bsp-manifest/raw/main/rutronik-bsp-dependencies-manifest.xml'
Finished download of file 'https://github.com/Infineon/mtb-mw-manifest/raw/v2.X/mtb-mw-manifest.xml'
Finished download of file 'https://github.com/Infineon/mtb-mw-manifest/raw/v2.X/mtb-mw-manifest-fv2.xml'
Finished download of file 'https://github.com/Infineon/mtb-mw-manifest/raw/v2.X/mtb-mw-dependencies-manifest.xml'
Finished download of file 'https://github.com/Infineon/mtb-t2g-mw-manifest/raw/main/mtb-t2g-mw-manifest-fv2.xml'
Finished download of file 'https://github.com/Infineon/mtb-t2g-mw-manifest/raw/main/mtb-t2g-mw-dependencies-manifest.xml'
Finished download of file 'https://github.com/Infineon/mtb-bt-mw-manifest/raw/v2.X/mtb-bt-mw-manifest.xml'
Finished download of file 'https://github.com/Infineon/mtb-bt-mw-manifest/raw/v2.X/mtb-bt-mw-manifest-fv2.xml'
Finished download of file 'https://github.com/Infineon/mtb-bt-mw-manifest/raw/v2.X/mtb-bt-mw-dependencies-manifest.xml'
Finished download of file 'https://github.com/Infineon/mtb-wifi-mw-manifest/raw/v2.X/mtb-wifi-mw-manifest.xml'
Finished download of file 'https://github.com/Infineon/mtb-wifi-mw-manifest/raw/v2.X/mtb-wifi-mw-manifest-fv2.xml'
Finished download of file 'https://github.com/Infineon/mtb-wifi-mw-manifest/raw/v2.X/mtb-wifi-mw-dependencies-manifest.xml'
Finished download of file 'https://github.com/avnet-iotconnect/avnet-iotc-mtb-mw-manifest/raw/main/avnet-iotc-mtb-mw-manifest-fv2.xml'
Finished download of file 'https://github.com/CyberonEBU/cyberon-mtb-mw-manifest/raw/main/cyberon-mtb-mw-manifest-fv2.xml'
Finished download of file 'https://github.com/golioth/mtb-golioth-mw-manifest/raw/main/mtb-golioth-mw-manifest-fv2.xml'
Finished download of file 'https://github.com/rtlabs-com/mtb-rtlabs-manifest/raw/main/rtlabs-mtb-mw-manifest-fw2-rtlabs.xml'
Finished download of file 'https://github.com/Infineon/mtb-sdk-20829-json/raw/main/mtb-sdk-manifest-20829b1.json'
Starting to parse SDK manifest with URL 'https://github.com/Infineon/mtb-sdk-20829-json/raw/main/mtb-sdk-manifest-20829b1.json'
Finished parsing SDK manifest with URL 'https://github.com/Infineon/mtb-sdk-20829-json/raw/main/mtb-sdk-manifest-20829b1.json'
Finished download of file 'https://github.com/Infineon/mtb-sdk-55513EVK-json/raw/main/mtb-sdk-manifest-55513.json'
Starting to parse SDK manifest with URL 'https://github.com/Infineon/mtb-sdk-55513EVK-json/raw/main/mtb-sdk-manifest-55513.json'
Finished parsing SDK manifest with URL 'https://github.com/Infineon/mtb-sdk-55513EVK-json/raw/main/mtb-sdk-manifest-55513.json'
Finished loading the manifest data (1982 ms)
No SDK-based filtering is applied to the manifest database contents.
For dependency records within the same domain, with the same depender ID, version, and dependee ID, the dependee with the highest version takes precedence. Discarded record(s): "ml-middleware(release-v2.0.1) depends on ml-tflite-micro(release-v2.0.0)[SYSTEM]". Retained record: "ml-middleware(release-v2.0.1) depends on ml-tflite-micro(release-v2.0.1)[SYSTEM]".

0 error(s), 0 warning(s)

Summary: 

BSP: KIT_PSE84_AI
Template Application(s): PSOC Edge Bluetooth LE FindMe
Application(s) Root Path: C:/Desktop/PSOC_Edge_AI/Demo/01_WiFi_BLE

Press "Create" to create the selected application(s).

Collecting application data...

Info: The following entered on the command line will create the exact same project as that created with the GUI tool:
C:/Users/User/ModusToolbox/tools_3.9/project-creator/project-creator-cli.exe --board-id KIT_PSE84_AI --board-uri https://github.com/Infineon/TARGET_KIT_PSE84_AI --board-commit latest-v1.X --app-id mtb-example-psoc-edge-btstack-findme --app-uri https://github.com/Infineon/mtb-example-psoc-edge-btstack-findme --app-commit latest-v2.X --target-dir C:/Desktop/PSOC_Edge_AI/Demo/01_WiFi_BLE --user-app-name PSOC_Edge_Bluetooth_LE_FindMe --use-modus-shell
Starting application creation for 'C:/Desktop/PSOC_Edge_AI/Demo/01_WiFi_BLE/PSOC_Edge_Bluetooth_LE_FindMe'.
Acquiring the application source 'https://github.com/Infineon/mtb-example-psoc-edge-btstack-findme'.
Git#0>Cloning into 'PSOC_Edge_Bluetooth_LE_FindMe'...
Git#0>remote: Enumerating objects: 56, done.        
Git#0>remote: Counting objects:   1% (1/56)        
Git#0>remote: Counting objects:   3% (2/56)        
Git#0>remote: Counting objects:   5% (3/56)        
Git#0>remote: Counting objects:   7% (4/56)        
Git#0>remote: Counting objects:   8% (5/56)        
Git#0>remote: Counting objects:  10% (6/56)        
Git#0>remote: Counting objects:  12% (7/56)        
Git#0>remote: Counting objects:  14% (8/56)        
Git#0>remote: Counting objects:  16% (9/56)        
Git#0>remote: Counting objects:  17% (10/56)        
Git#0>remote: Counting objects:  19% (11/56)        
Git#0>remote: Counting objects:  21% (12/56)        
Git#0>remote: Counting objects:  23% (13/56)        
Git#0>remote: Counting objects:  25% (14/56)        
Git#0>remote: Counting objects:  26% (15/56)        
Git#0>remote: Counting objects:  28% (16/56)        
Git#0>remote: Counting objects:  30% (17/56)        
Git#0>remote: Counting objects:  32% (18/56)        
Git#0>remote: Counting objects:  33% (19/56)        
Git#0>remote: Counting objects:  35% (20/56)        
Git#0>remote: Counting objects:  37% (21/56)        
Git#0>remote: Counting objects:  39% (22/56)        
Git#0>remote: Counting objects:  41% (23/56)        
Git#0>remote: Counting objects:  42% (24/56)        
Git#0>remote: Counting objects:  44% (25/56)        
Git#0>remote: Counting objects:  46% (26/56)        
Git#0>remote: Counting objects:  48% (27/56)        
Git#0>remote: Counting objects:  50% (28/56)        
Git#0>remote: Counting objects:  51% (29/56)        
Git#0>remote: Counting objects:  53% (30/56)        
Git#0>remote: Counting objects:  55% (31/56)        
Git#0>remote: Counting objects:  57% (32/56)        
Git#0>remote: Counting objects:  58% (33/56)        
Git#0>remote: Counting objects:  60% (34/56)        
Git#0>remote: Counting objects:  62% (35/56)        
Git#0>remote: Counting objects:  64% (36/56)        
Git#0>remote: Counting objects:  66% (37/56)        
Git#0>remote: Counting objects:  67% (38/56)        
Git#0>remote: Counting objects:  69% (39/56)        
Git#0>remote: Counting objects:  71% (40/56)        
Git#0>remote: Counting objects:  73% (41/56)        
Git#0>remote: Counting objects:  75% (42/56)        
Git#0>remote: Counting objects:  76% (43/56)        
Git#0>remote: Counting objects:  78% (44/56)        
Git#0>remote: Counting objects:  80% (45/56)        
Git#0>remote: Counting objects:  82% (46/56)        
Git#0>remote: Counting objects:  83% (47/56)        
Git#0>remote: Counting objects:  85% (48/56)        
Git#0>remote: Counting objects:  87% (49/56)        
Git#0>remote: Counting objects:  89% (50/56)        
Git#0>remote: Counting objects:  91% (51/56)        
Git#0>remote: Counting objects:  92% (52/56)        
Git#0>remote: Counting objects:  94% (53/56)        
Git#0>remote: Counting objects:  96% (54/56)        
Git#0>remote: Counting objects:  98% (55/56)        
Git#0>remote: Counting objects: 100% (56/56)        
Git#0>remote: Counting objects: 100% (56/56), done.        
Git#0>remote: Compressing objects:   3% (1/32)        
Git#0>remote: Compressing objects:   6% (2/32)        
Git#0>remote: Compressing objects:   9% (3/32)        
Git#0>remote: Compressing objects:  12% (4/32)        
Git#0>remote: Compressing objects:  15% (5/32)        
Git#0>remote: Compressing objects:  18% (6/32)        
Git#0>remote: Compressing objects:  21% (7/32)        
Git#0>remote: Compressing objects:  25% (8/32)        
Git#0>remote: Compressing objects:  28% (9/32)        
Git#0>remote: Compressing objects:  31% (10/32)        
Git#0>remote: Compressing objects:  34% (11/32)        
Git#0>remote: Compressing objects:  37% (12/32)        
Git#0>remote: Compressing objects:  40% (13/32)        
Git#0>remote: Compressing objects:  43% (14/32)        
Git#0>remote: Compressing objects:  46% (15/32)        
Git#0>remote: Compressing objects:  50% (16/32)        
Git#0>remote: Compressing objects:  53% (17/32)        
Git#0>remote: Compressing objects:  56% (18/32)        
Git#0>remote: Compressing objects:  59% (19/32)        
Git#0>remote: Compressing objects:  62% (20/32)        
Git#0>remote: Compressing objects:  65% (21/32)        
Git#0>remote: Compressing objects:  68% (22/32)        
Git#0>remote: Compressing objects:  71% (23/32)        
Git#0>remote: Compressing objects:  75% (24/32)        
Git#0>remote: Compressing objects:  78% (25/32)        
Git#0>remote: Compressing objects:  81% (26/32)        
Git#0>remote: Compressing objects:  84% (27/32)        
Git#0>remote: Compressing objects:  87% (28/32)        
Git#0>remote: Compressing objects:  90% (29/32)        
Git#0>remote: Compressing objects:  93% (30/32)        
Git#0>remote: Compressing objects:  96% (31/32)        
Git#0>remote: Compressing objects: 100% (32/32)        
Git#0>remote: Compressing objects: 100% (32/32), done.        
Git#0>remote: Total 56 (delta 9), reused 53 (delta 6), pack-reused 0 (from 0)        
Git#0>Receiving objects:   1% (1/56)
Git#0>Receiving objects:   3% (2/56)
Git#0>Receiving objects:   5% (3/56)
Git#0>Receiving objects:   7% (4/56)
Git#0>Receiving objects:   8% (5/56)
Git#0>Receiving objects:  10% (6/56)
Git#0>Receiving objects:  12% (7/56)
Git#0>Receiving objects:  14% (8/56)
Git#0>Receiving objects:  16% (9/56)
Git#0>Receiving objects:  17% (10/56)
Git#0>Receiving objects:  19% (11/56)
Git#0>Receiving objects:  21% (12/56)
Git#0>Receiving objects:  23% (13/56)
Git#0>Receiving objects:  25% (14/56)
Git#0>Receiving objects:  26% (15/56)
Git#0>Receiving objects:  28% (16/56)
Git#0>Receiving objects:  30% (17/56)
Git#0>Receiving objects:  32% (18/56)
Git#0>Receiving objects:  33% (19/56)
Receiving objects: 
Git#0> 35% (20/56)
Git#0>Receiving objects:  37% (21/56)
Git#0>Receiving objects:  39% (22/56)
Git#0>Receiving objects:  41% (23/56)
Git#0>Receiving objects:  42% (24/56)
Git#0>Receiving objects:  44% (25/56)
Git#0>Receiving objects:  46% (26/56)
Git#0>Receiving objects:  48% (27/56)
Git#0>Receiving objects:  50% (28/56)
Git#0>Receiving objects:  51% (29/56)
Git#0>Receiving objects:  53% (30/56)
Git#0>Receiving objects:  55% (31/56)
Git#0>Receiving objects:  57% (32/56)
Git#0>Receiving objects:  58% (33/56)
Git#0>Receiving objects:  60% (34/56)
Git#0>Receiving objects:  62% (35/56)
Git#0>Receiving objects:  64% (36/56)
Git#0>Receiving objects:  66% (37/56)
Git#0>Receiving objects:  67% (38/56)
Git#0>Receiving objects:  69% (39/56)
Git#0>Receiving objects:  71% (40/56)
Git#0>Receiving objects:  73% (41/56)
Git#0>Receiving objects:  75% (42/56)
Git#0>Receiving objects:  76% (43/56)
Git#0>Receiving objects:  78% (44/56)
Git#0>Receiving objects:  80% (45/56)
Git#0>Receiving objects:  82% (46/56)
Git#0>Receiving objects:  83% (47/56)
Git#0>Receiving objects:  85% (48/56)
Git#0>Receiving objects:  87% (49/56)
Git#0>Receiving objects:  89% (50/56)
Git#0>Receiving objects:  91% (51/56)
Git#0>Receiving objects:  92% (52/56)
Git#0>Receiving objects:  94% (53/56)
Git#0>Receiving objects:  96% (54/56)
Git#0>Receiving objects:  98% (55/56)
Git#0>Receiving objects: 100% (56/56)
Git#0>Receiving objects: 100% (56/56), 5.65 KiB | 1.88 MiB/s, done.
Git#0>Resolving deltas:   0% (0/9)
Git#0>Resolving deltas:  11% (1/9)
Git#0>Resolving deltas:  22% (2/9)
Git#0>Resolving deltas:  33% (3/9)
Git#0>Resolving deltas:  44% (4/9)
Git#0>Resolving deltas:  55% (5/9)
Git#0>Resolving deltas:  66% (6/9)
Git#0>Resolving deltas:  77% (7/9)
Git#0>Resolving deltas:  88% (8/9)
Git#0>Resolving deltas: 100% (9/9)
Git#0>Resolving deltas: 100% (9/9), done.
Git#1>Updating files:  43% (17/39)
Git#1>Updating files:  46% (18/39)
Git#1>Updating files:  48% (19/39)
Git#1>Updating files:  51% (20/39)
Git#1>Updating files:  53% (21/39)
Git#1>Updating files:  56% (22/39)
Git#1>Updating files:  58% (23/39)
Git#1>Updating files:  61% (24/39)
Git#1>Updating files:  64% (25/39)
Git#1>Updating files:  66% (26/39)
Git#1>Updating files:  69% (27/39)
Git#1>Updating files:  71% (28/39)
Git#1>Updating files:  74% (29/39)
Git#1>Updating files:  76% (30/39)
Git#1>Updating files:  79% (31/39)
Git#1>Updating files:  82% (32/39)
Git#1>Updating files:  84% (33/39)
Git#1>Updating files:  87% (34/39)
Git#1>Updating files:  89% (35/39)
Git#1>Updating files:  92% (36/39)
Git#1>Updating files:  94% (37/39)
Git#1>Updating files:  97% (38/39)
Git#1>Updating files: 100% (39/39)
Git#1>Updating files: 100% (39/39), done.
Git#1>HEAD is now at ea2a19f Upload mtb-example-psoc-edge-btstack-findme 2.3.1.617 [5446]
Acquired application source successfully.
Loading the application.
Loaded the application successfully.
Processing project 'proj_cm33_ns'.
Starting to commit changes to the filesystem and project 'proj_cm33_ns'.
Writing mtb file for asset 'KIT_PSE84_AI' to the folder 'C:/Desktop/PSOC_Edge_AI/Demo/01_WiFi_BLE/PSOC_Edge_Bluetooth_LE_FindMe/proj_cm33_ns/deps'.
Writing mtb file for asset 'freertos' to the folder 'C:/Desktop/PSOC_Edge_AI/Demo/01_WiFi_BLE/PSOC_Edge_Bluetooth_LE_FindMe/proj_cm33_ns/libs'.
Writing mtb file for asset 'btstack' to the folder 'C:/Desktop/PSOC_Edge_AI/Demo/01_WiFi_BLE/PSOC_Edge_Bluetooth_LE_FindMe/proj_cm33_ns/libs'.
Writing mtb file for asset 'clib-support' to the folder 'C:/Desktop/PSOC_Edge_AI/Demo/01_WiFi_BLE/PSOC_Edge_Bluetooth_LE_FindMe/proj_cm33_ns/libs'.
Writing mtb file for asset 'abstraction-rtos' to the folder 'C:/Desktop/PSOC_Edge_AI/Demo/01_WiFi_BLE/PSOC_Edge_Bluetooth_LE_FindMe/proj_cm33_ns/libs'.
Writing mtb file for asset 'mtb-srf' to the folder 'C:/Desktop/PSOC_Edge_AI/Demo/01_WiFi_BLE/PSOC_Edge_Bluetooth_LE_FindMe/proj_cm33_ns/libs'.
Writing mtb file for asset 'mtb-dsl-pse8xxgp' to the folder 'C:/Desktop/PSOC_Edge_AI/Demo/01_WiFi_BLE/PSOC_Edge_Bluetooth_LE_FindMe/proj_cm33_ns/libs'.
Writing mtb file for asset 'mtb-ipc' to the folder 'C:/Desktop/PSOC_Edge_AI/Demo/01_WiFi_BLE/PSOC_Edge_Bluetooth_LE_FindMe/proj_cm33_ns/libs'.
Writing mtb file for asset 'se-rt-services-utils' to the folder 'C:/Desktop/PSOC_Edge_AI/Demo/01_WiFi_BLE/PSOC_Edge_Bluetooth_LE_FindMe/proj_cm33_ns/libs'.
Writing mtb file for asset 'core-lib' to the folder 'C:/Desktop/PSOC_Edge_AI/Demo/01_WiFi_BLE/PSOC_Edge_Bluetooth_LE_FindMe/proj_cm33_ns/libs'.
Writing mtb file for asset 'bt-fw-mur-cyw55513' to the folder 'C:/Desktop/PSOC_Edge_AI/Demo/01_WiFi_BLE/PSOC_Edge_Bluetooth_LE_FindMe/proj_cm33_ns/libs'.
Writing mtb file for asset 'core-make' to the folder 'C:/Desktop/PSOC_Edge_AI/Demo/01_WiFi_BLE/PSOC_Edge_Bluetooth_LE_FindMe/proj_cm33_ns/libs'.
Writing mtb file for asset 'async-transfer' to the folder 'C:/Desktop/PSOC_Edge_AI/Demo/01_WiFi_BLE/PSOC_Edge_Bluetooth_LE_FindMe/proj_cm33_ns/libs'.
Writing mtb file for asset 'device-db' to the folder 'C:/Desktop/PSOC_Edge_AI/Demo/01_WiFi_BLE/PSOC_Edge_Bluetooth_LE_FindMe/proj_cm33_ns/libs'.
Writing mtb file for asset 'cmsis' to the folder 'C:/Desktop/PSOC_Edge_AI/Demo/01_WiFi_BLE/PSOC_Edge_Bluetooth_LE_FindMe/proj_cm33_ns/libs'.
Writing mtb file for asset 'btstack-integration' to the folder 'C:/Desktop/PSOC_Edge_AI/Demo/01_WiFi_BLE/PSOC_Edge_Bluetooth_LE_FindMe/proj_cm33_ns/deps'.
Writing mtb file for asset 'retarget-io' to the folder 'C:/Desktop/PSOC_Edge_AI/Demo/01_WiFi_BLE/PSOC_Edge_Bluetooth_LE_FindMe/proj_cm33_ns/deps'.
Git#2>Starting: git -C C:/Desktop/PSOC_Edge_AI/Demo/01_WiFi_BLE/PSOC_Edge_Bluetooth_LE_FindMe/proj_cm33_ns/libs clone --progress --origin cypress --no-checkout --filter=blob:none https://github.com/Infineon/TARGET_KIT_PSE84_AI TARGET_KIT_PSE84_AI
Git#3>Starting: git -C C:/Desktop/PSOC_Edge_AI/Demo/01_WiFi_BLE/mtb_shared/btstack-integration clone --progress --origin cypress --no-checkout --filter=blob:none https://github.com/Infineon/btstack-integration release-v7.0.2
Git#4>Starting: git -C C:/Desktop/PSOC_Edge_AI/Demo/01_WiFi_BLE/mtb_shared/retarget-io clone --progress --origin cypress --no-checkout --filter=blob:none https://github.com/cypresssemiconductorco/retarget-io release-v1.10.0
Git#5>Starting: git -C C:/Desktop/PSOC_Edge_AI/Demo/01_WiFi_BLE/mtb_shared/freertos clone --progress --origin cypress --no-checkout --filter=blob:none https://github.com/cypresssemiconductorco/freertos release-v10.6.203
Git#2>Cloning into 'TARGET_KIT_PSE84_AI'...
Git#3>Cloning into 'release-v7.0.2'...
Git#4>Cloning into 'release-v1.10.0'...
Git#5>Cloning into 'release-v10.6.203'...
Git#5>remote: Enumerating objects: 328, done.        
Git#5>remote: Counting objects:   0% (1/306)        
Git#5>remote: Counting objects:   1% (4/306)        
Git#5>remote: Counting objects:   2% (7/306)        
Git#5>remote: Counting objects:   3% (10/306)        
Git#5>remote: Counting objects:   4% (13/306)        
Git#5>remote: Counting objects:   5% (16/306)        
Git#5>remote: Counting objects:   6% (19/306)        
Git#5>remote: Counting objects:   7% (22/306)        
Git#5>remote: Counting objects:   8% (25/306)        
Git#5>remote: Counting objects:   9% (28/306)        
Git#5>remote: Counting objects:  10% (31/306)        
Git#5>remote: Counting objects:  11% (34/306)        
Git#5>remote: Counting objects:  12% (37/306)        
Git#5>remote: Counting objects:  13% (40/306)        
Git#5>remote: Counting objects:  14% (43/306)        
Git#5>remote: Counting objects:  15% (46/306)        
Git#5>remote: Counting objects:  16% (49/306)        
Git#5>remote: Counting objects:  17% (53/306)        
Git#5>remote: Counting objects:  18% (56/306)        
Git#5>remote: Counting objects:  19% (59/306)        
Git#5>remote: Counting objects:  20% (62/306)        
Git#5>remote: Counting objects:  21% (65/306)        
Git#5>remote: Counting objects:  22% (68/306)        
Git#5>remote: Counting objects:  23% (71/306)        
Git#5>remote: Counting objects:  24% (74/306)        
Git#5>remote: Counting objects:  25% (77/306)        
Git#5>remote: Counting objects:  26% (80/306)        
Git#5>remote: Counting objects:  27% (83/306)        
Git#5>remote: Counting objects:  28% (86/306)        
Git#5>remote: Counting objects:  29% (89/306)        
Git#5>remote: Counting objects:  30% (92/306)        
Git#5>remote: Counting objects:  31% (95/306)        
Git#5>remote: Counting objects:  32% (98/306)        
Git#5>remote: Counting objects:  33% (101/306)        
Git#5>remote: Counting objects:  34% (105/306)        
Git#5>remote: Counting objects:  35% (108/306)        
Git#5>remote: Counting objects:  36% (111/306)        
Git#5>remote: Counting objects:  37% (114/306)        
Git#5>remote: Counting objects:  38% (117/306)        
Git#5>remote: Counting objects:  39% (120/306)        
Git#5>remote: Counting objects:  40% (123/306)        
Git#5>remote: Counting objects:  41% (126/306)        
Git#5>remote: Counting objects:  42% (129/306)        
Git#5>remote: Counting objects:  43% (132/306)        
Git#5>remote: Counting objects:  44% (135/306)        
Git#5>remote: Counting objects:  45% (138/306)        
Git#5>remote: Counting objects:  46% (141/306)        
Git#5>remote: Counting objects:  47% (144/306)        
Git#5>remote: Counting objects:  48% (147/306)        
Git#5>remote: Counting objects:  49% (150/306)        
Git#5>remote: Counting objects:  50% (153/306)        
Git#5>remote: Counting objects:  51% (157/306)        
Git#5>remote: Counting objects:  52% (160/306)        
Git#5>remote: Counting objects:  53% (163/306)        
Git#5>remote: Counting objects:  54% (166/306)        
Git#5>remote: Counting objects:  55% (169/306)        
Git#5>remote: Counting objects:  56% (172/306)        
Git#5>remote: Counting objects:  57% (175/306)        
Git#5>remote: Counting objects:  58% (178/306)        
Git#5>remote: Counting objects:  59% (181/306)        
Git#5>remote: Counting objects:  60% (184/306)        
Git#5>remote: Counting objects:  61% (187/306)        
Git#5>remote: Counting objects:  62% (190/306)        
Git#5>remote: Counting objects:  63% (193/306)        
Git#5>remote: Counting objects:  64% (196/306)        
Git#5>remote: Counting objects:  65% (199/306)        
Git#5>remote: Counting objects:  66% (202/306)        
Git#5>remote: Counting objects:  67% (206/306)        
Git#5>remote: Counting objects:  68% (209/306)        
Git#5>remote: Counting objects:  69% (212/306)        
Git#5>remote: Counting objects:  70% (215/306)        
Git#5>remote: Counting objects:  71% (218/306)        
Git#5>remote: Counting objects:  72% (221/306)        
Git#5>remote: Counting objects:  73% (224/306)        
Git#5>remote: Counting objects:  74% (227/306)        
Git#5>remote: Counting objects:  75% (230/306)        
Git#5>remote: Counting objects:  76% (233/306)        
Git#5>remote: Counting objects:  77% (236/306)        
Git#5>remote: Counting objects:  78% (239/306)        
Git#5>remote: Counting objects:  79% (242/306)        
Git#5>remote: Counting objects:  80% (245/306)        
Git#5>remote: Counting objects:  81% (248/306)        
Git#5>remote: Counting objects:  82% (251/306)        
Git#5>remote: Counting objects:  83% (254/306)        
Git#5>remote: Counting objects:  84% (258/306)        
Git#5>remote: Counting objects:  85% (261/306)        
Git#5>remote: Counting objects:  86% (264/306)        
Git#5>remote: Counting objects:  87% (267/306)        
Git#5>remote: Counting objects:  88% (270/306)        
Git#5>remote: Counting objects:  89% (273/306)        
Git#5>remote: Counting objects:  90% (276/306)        
Git#5>remote: Counting objects:  91% (279/306)        
Git#5>remote: Counting objects:  92% (282/306)        
Git#5>remote: Counting objects:  93% (285/306)        
Git#5>remote: Counting objects:  94% (288/306)        
Git#5>remote: Counting objects:  95% (291/306)        
Git#5>remote: Counting objects:  96% (294/306)        
Git#5>remote: Counting objects:  97% (297/306)        
Git#5>remote: Counting objects:  98% (300/306)        
Git#5>remote: Counting objects:  99% (303/306)        
Git#5>remote: Counting objects: 100% (306/306)        
Git#5>remote: Counting objects: 100% (306/306), done.        
Git#5>remote: Compressing objects:   0% (1/241)        
Git#5>remote: Compressing objects:   1% (3/241)        
Git#5>remote: Compressing objects:   2% (5/241)        
Git#5>remote: Compressing objects:   3% (8/241)        
Git#5>remote: Compressing objects:   4% (10/241)        
Git#5>remote: Compressing objects:   5% (13/241)        
Git#5>remote: Compressing objects:   6% (15/241)        
Git#5>remote: Compressing objects:   7% (17/241)        
Git#5>remote: Compressing objects:   8% (20/241)        
Git#5>remote: Compressing objects:   9% (22/241)        
Git#5>remote: Compressing objects:  10% (25/241)        
Git#5>remote: Compressing objects:  11% (27/241)        
Git#5>remote: Compressing objects:  12% (29/241)        
Git#5>remote: Compressing objects:  13% (32/241)        
Git#5>remote: Compressing objects:  14% (34/241)        
Git#5>remote: Compressing objects:  15% (37/241)        
Git#5>remote: Compressing objects:  16% (39/241)        
Git#5>remote: Compressing objects:  17% (41/241)        
Git#5>remote: Compressing objects:  18% (44/241)        
Git#5>remote: Compressing objects:  19% (46/241)        
Git#5>remote: Compressing objects:  20% (49/241)        
Git#5>remote: Compressing objects:  21% (51/241)        
Git#5>remote: Compressing objects:  22% (54/241)        
Git#5>remote: Compressing objects:  23% (56/241)        
Git#5>remote: Compressing objects:  24% (58/241)        
Git#5>remote: Compressing objects:  25% (61/241)        
Git#5>remote: Compressing objects:  26% (63/241)        
Git#5>remote: Compressing objects:  27% (66/241)        
Git#5>remote: Compressing objects:  28% (68/241)        
Git#5>remote: Compressing objects:  29% (70/241)        
Git#5>remote: Compressing objects:  30% (73/241)        
Git#5>remote: Compressing objects:  31% (75/241)        
Git#5>remote: Compressing objects:  32% (78/241)        
Git#5>remote: Compressing objects:  33% (80/241)        
Git#5>remote: Compressing objects:  34% (82/241)        
Git#5>remote: Compressing objects:  35% (85/241)        
Git#5>remote: Compressing objects:  36% (87/241)        
Git#5>remote: Compressing objects:  37% (90/241)        
Git#5>remote: Compressing objects:  38% (92/241)        
Git#5>remote: Compressing objects:  39% (94/241)        
Git#5>remote: Compressing objects:  40% (97/241)        
Git#5>remote: Compressing objects:  41% (99/241)        
Git#5>remote: Compressing objects:  42% (102/241)        
Git#5>remote: Compressing objects:  43% (104/241)        
Git#5>remote: Compressing objects:  44% (107/241)        
Git#5>remote: Compressing objects:  45% (109/241)        
Git#5>remote: Compressing objects:  46% (111/241)        
Git#5>remote: Compressing objects:  47% (114/241)        
Git#5>remote: Compressing objects:  48% (116/241)        
Git#5>remote: Compressing objects:  49% (119/241)        
Git#5>remote: Compressing objects:  50% (121/241)        
Git#5>remote: Compressing objects:  51% (123/241)        
Git#5>remote: Compressing objects:  52% (126/241)        
Git#5>remote: Compressing objects:  53% (128/241)        
Git#5>remote: Compressing objects:  54% (131/241)        
Git#5>remote: Compressing objects:  55% (133/241)        
Git#5>remote: Compressing objects:  56% (135/241)        
Git#5>remote: Compressing objects:  57% (138/241)        
Git#5>remote: Compressing objects:  58% (140/241)        
Git#5>remote: Compressing objects:  59% (143/241)        
Git#5>remote: Compressing objects:  60% (145/241)        
Git#5>remote: Compressing objects:  61% (148/241)        
Git#5>remote: Compressing objects:  62% (150/241)        
Git#5>remote: Compressing objects:  63% (152/241)        
Git#5>remote: Compressing objects:  64% (155/241)        
Git#5>remote: Compressing objects:  65% (157/241)        
Git#5>remote: Compressing objects:  66% (160/241)        
Git#5>remote: Compressing objects:  67% (162/241)        
Git#5>remote: Compressing objects:  68% (164/241)        
Git#5>remote: Compressing objects:  69% (167/241)        
Git#5>remote: Compressing objects:  70% (169/241)        
Git#5>remote: Compressing objects:  71% (172/241)        
Git#5>remote: Compressing objects:  72% (174/241)        
Git#5>remote: Compressing objects:  73% (176/241)        
Git#5>remote: Compressing objects:  74% (179/241)        
Git#5>remote: Compressing objects:  75% (181/241)        
Git#5>remote: Compressing objects:  76% (184/241)        
Git#5>remote: Compressing objects:  77% (186/241)        
Git#5>remote: Compressing objects:  78% (188/241)        
Git#5>remote: Compressing objects:  79% (191/241)        
Git#5>remote: Compressing objects:  80% (193/241)        
Git#5>remote: Compressing objects:  81% (196/241)        
Git#5>remote: Compressing objects:  82% (198/241)        
Git#5>remote: Compressing objects:  83% (201/241)        
Git#5>remote: Compressing objects:  84% (203/241)        
Git#5>remote: Compressing objects:  85% (205/241)        
Git#5>remote: Compressing objects:  86% (208/241)        
Git#5>remote: Compressing objects:  87% (210/241)        
Git#5>remote: Compressing objects:  88% (213/241)        
Git#5>remote: Compressing objects:  89% (215/241)        
Git#5>remote: Compressing objects:  90% (217/241)        
Git#5>remote: Compressing objects:  91% (220/241)        
Git#5>remote: Compressing objects:  92% (222/241)        
Git#5>remote: Compressing objects:  93% (225/241)        
Git#5>remote: Compressing objects:  94% (227/241)        
Git#5>remote: Compressing objects:  95% (229/241)        
Git#5>remote: Compressing objects:  96% (232/241)        
Git#5>remote: Compressing objects:  97% (234/241)        
Git#5>remote: Compressing objects:  98% (237/241)        
Git#5>remote: Compressing objects:  99% (239/241)        
Git#5>remote: Compressing objects: 100% (241/241)        
Git#5>remote: Compressing objects: 100% (241/241), done.        
Git#5>Receiving objects:   0% (1/328)
Git#5>Receiving objects:   1% (4/328)
Git#5>Receiving objects:   2% (7/328)
Git#5>Receiving objects:   3% (10/328)
Git#5>Receiving objects:   4% (14/328)
Git#5>Receiving objects:   5% (17/328)
Git#5>Receiving objects:   6% (20/328)
Git#5>Receiving objects:   7% (23/328)
Git#5>Receiving objects:   8% (27/328)
Git#5>Receiving objects:   9% (30/328)
Git#5>Receiving objects:  10% (33/328)
Git#5>Receiving objects:  11% (37/328)
Git#5>Receiving objects:  12% (40/328)
Git#5>Receiving objects:  13% (43/328)
Git#5>Receiving objects:  14% (46/328)
Git#5>Receiving objects:  15% (50/328)
Git#5>Receiving objects:  16% (53/328)
Git#5>Receiving objects:  17% (56/328)
Git#5>Receiving objects:  18% (60/328)
Git#5>Receiving objects:  19% (63/328)
Git#5>Receiving objects:  20% (66/328)
Git#5>Receiving objects:  21% (69/328)
Git#5>Receiving objects:  22% (73/328)
Git#5>Receiving objects:  23% (76/328)
Git#5>Receiving objects:  24% (79/328)
Git#5>Receiving objects:  25% (82/328)
Git#5>Receiving objects:  26% (86/328)
Git#5>Receiving objects:  27% (89/328)
Git#5>Receiving objects:  28% (92/328)
Git#5>Receiving objects:  29% (96/328)
Git#5>Receiving objects:  30% (99/328)
Git#5>Receiving objects:  31% (102/328)
Git#5>Receiving objects:  32% (105/328)
Git#5>Receiving objects:  33% (109/328)
Git#5>Receiving objects:  34% (112/328)
Git#5>Receiving objects:  35% (115/328)
Git#5>Receiving objects:  36% (119/328)
Git#5>Receiving objects:  37% (122/328)
Git#5>Receiving objects:  38% (125/328)
Git#5>Receiving objects:  39% (128/328)
Git#5>Receiving objects:  40% (132/328)
Git#5>Receiving objects:  41% (135/328)
Git#5>Receiving objects:  42% (138/328)
Git#5>Receiving objects:  43% (142/328)
Git#5>Receiving objects:  44% (145/328)
Git#4>remote: Enumerating objects: 76, done.        
Git#4>remote: Counting objects:   2% (1/47)        
Git#4>remote: Counting objects:   4% (2/47)        
Git#4>remote: Counting objects:   6% (3/47)        
Git#4>remote: Counting objects:   8% (4/47)        
Git#4>remote: Counting objects:  10% (5/47)        
Git#4>remote: Counting objects:  12% (6/47)        
Git#4>remote: Counting objects:  14% (7/47)        
Git#4>remote: Counting objects:  17% (8/47)        
Git#4>remote: Counting objects:  19% (9/47)        
Git#4>remote: Counting objects:  21% (10/47)        
Git#4>remote: Counting objects:  23% (11/47)        
Git#4>remote: Counting objects:  25% (12/47)        
Git#4>remote: Counting objects:  27% (13/47)        
Git#4>remote: Counting objects:  29% (14/47)        
Git#4>remote: Counting objects:  31% (15/47)        
Git#4>remote: Counting objects:  34% (16/47)        
Git#4>remote: Counting objects:  36% (17/47)        
Git#4>remote: Counting objects:  38% (18/47)        
Git#4>remote: Counting objects:  40% (19/47)        
Git#4>remote: Counting objects:  42% (20/47)        
Git#4>remote: Counting objects:  44% (21/47)        
Git#4>remote: Counting objects:  46% (22/47)        
Git#4>remote: Counting objects:  48% (23/47)        
Git#4>remote: Counting objects:  51% (24/47)        
Git#4>remote: Counting objects:  53% (25/47)        
Git#4>remote: Counting objects:  55% (26/47)        
Git#4>remote: Counting objects:  57% (27/47)        
Git#4>remote: Counting objects:  59% (28/47)        
Git#4>remote: Counting objects:  61% (29/47)        
Git#4>remote: Counting objects:  63% (30/47)        
Git#4>remote: Counting objects:  65% (31/47)        
Git#4>remote: Counting objects:  68% (32/47)        
Git#4>remote: Counting objects:  70% (33/47)        
Git#4>remote: Counting objects:  72% (34/47)        
Git#4>remote: Counting objects:  74% (35/47)        
Git#4>remote: Counting objects:  76% (36/47)        
Git#4>remote: Counting objects:  78% (37/47)        
Git#4>remote: Counting objects:  80% (38/47)        
Git#4>remote: Counting objects:  82% (39/47)        
Git#4>remote: Counting objects:  85% (40/47)        
Git#4>remote: Counting objects:  87% (41/47)        
Git#4>remote: Counting objects:  89% (42/47)        
Git#4>remote: Counting objects:  91% (43/47)        
Git#4>remote: Counting objects:  93% (44/47)        
Git#4>remote: Counting objects:  95% (45/47)        
Git#4>remote: Counting objects:  97% (46/47)        
Git#4>remote: Counting objects: 100% (47/47)        
Git#4>remote: Counting objects: 100% (47/47), done.        
Git#4>remote: Compressing objects:   3% (1/28)        
Git#4>remote: Compressing objects:   7% (2/28)        
Git#4>remote: Compressing objects:  10% (3/28)        
Git#4>remote: Compressing objects:  14% (4/28)        
Git#4>remote: Compressing objects:  17% (5/28)        
Git#4>remote: Compressing objects:  21% (6/28)        
Git#4>remote: Compressing objects:  25% (7/28)        
Git#4>remote: Compressing objects:  28% (8/28)        
Git#4>remote: Compressing objects:  32% (9/28)        
Git#4>remote: Compressing objects:  35% (10/28)        
Git#4>remote: Compressing objects:  39% (11/28)        
Git#4>remote: Compressing objects:  42% (12/28)        
Git#4>remote: Compressing objects:  46% (13/28)        
Git#4>remote: Compressing objects:  50% (14/28)        
Git#4>remote: Compressing objects:  53% (15/28)        
Git#4>remote: Compressing objects:  57% (16/28)        
Git#4>remote: Compressing objects:  60% (17/28)        
Git#4>remote: Compressing objects:  64% (18/28)        
Git#4>remote: Compressing objects:  67% (19/28)        
Git#4>remote: Compressing objects:  71% (20/28)        
Git#4>remote: Compressing objects:  75% (21/28)        
Git#4>remote: Compressing objects:  78% (22/28)        
Git#4>remote: Compressing objects:  82% (23/28)        
Git#4>remote: Compressing objects:  85% (24/28)        
Git#4>remote: Compressing objects:  89% (25/28)        
Git#4>remote: Compressing objects:  92% (26/28)        
Git#4>remote: Compressing objects:  96% (27/28)        
Git#4>remote: Compressing objects: 100% (28/28)        
Git#4>remote: Compressing objects: 100% (28/28), done.        
Git#3>remote: Enumerating objects: 555, done.        
Git#3>remote: Counting objects:   0% (1/555)        
Git#3>remote: Counting objects:   1% (6/555)        
Git#3>remote: Counting objects:   2% (12/555)        
Git#3>remote: Counting objects:   3% (17/555)        
Git#3>remote: Counting objects:   4% (23/555)        
Git#3>remote: Counting objects:   5% (28/555)        
Git#3>remote: Counting objects:   6% (34/555)        
Git#3>remote: Counting objects:   7% (39/555)        
Git#3>remote: Counting objects:   8% (45/555)        
Git#3>remote: Counting objects:   9% (50/555)        
Git#3>remote: Counting objects:  10% (56/555)        
Git#3>remote: Counting objects:  11% (62/555)        
Git#3>remote: Counting objects:  12% (67/555)        
Git#3>remote: Counting objects:  13% (73/555)        
Git#3>remote: Counting objects:  14% (78/555)        
Git#3>remote: Counting objects:  15% (84/555)        
Git#3>remote: Counting objects:  16% (89/555)        
Git#3>remote: Counting objects:  17% (95/555)        
Git#3>remote: Counting objects:  18% (100/555)        
Git#3>remote: Counting objects:  19% (106/555)        
Git#3>remote: Counting objects:  20% (111/555)        
Git#3>remote: Counting objects:  21% (117/555)        
Git#3>remote: Counting objects:  22% (123/555)        
Git#3>remote: Counting objects:  23% (128/555)        
Git#3>remote: Counting objects:  24% (134/555)        
Git#3>remote: Counting objects:  25% (139/555)        
Git#3>remote: Counting objects:  26% (145/555)        
Git#3>remote: Counting objects:  27% (150/555)        
Git#3>remote: Counting objects:  28% (156/555)        
Git#3>remote: Counting objects:  29% (161/555)        
Git#3>remote: Counting objects:  30% (167/555)        
Git#3>remote: Counting objects:  31% (173/555)        
Git#3>remote: Counting objects:  32% (178/555)        
Git#3>remote: Counting objects:  33% (184/555)        
Git#3>remote: Counting objects:  34% (189/555)        
Git#3>remote: Counting objects:  35% (195/555)        
Git#3>remote: Counting objects:  36% (200/555)        
Git#3>remote: Counting objects:  37% (206/555)        
Git#3>remote: Counting objects:  38% (211/555)        
Git#3>remote: Counting objects:  39% (217/555)        
Git#3>remote: Counting objects:  40% (222/555)        
Git#3>remote: Counting objects:  41% (228/555)        
Git#3>remote: Counting objects:  42% (234/555)        
Git#3>remote: Counting objects:  43% (239/555)        
Git#3>remote: Counting objects:  44% (245/555)        
Git#3>remote: Counting objects:  45% (250/555)        
Git#3>remote: Counting objects:  46% (256/555)        
Git#3>remote: Counting objects:  47% (261/555)        
Git#3>remote: Counting objects:  48% (267/555)        
Git#3>remote: Counting objects:  49% (272/555)        
Git#3>remote: Counting objects:  50% (278/555)        
Git#3>remote: Counting objects:  51% (284/555)        
Git#3>remote: Counting objects:  52% (289/555)        
Git#3>remote: Counting objects:  53% (295/555)        
Git#3>remote: Counting objects:  54% (300/555)        
Git#3>remote: Counting objects:  55% (306/555)        
Git#3>remote: Counting objects:  56% (311/555)        
Git#3>remote: Counting objects:  57% (317/555)        
Git#3>remote: Counting objects:  58% (322/555)        
Git#3>remote: Counting objects:  59% (328/555)        
Git#3>remote: Counting objects:  60% (333/555)        
Git#3>remote: Counting objects:  61% (339/555)        
Git#3>remote: Counting objects:  62% (345/555)        
Git#3>remote: Counting objects:  63% (350/555)        
Git#3>remote: Counting objects:  64% (356/555)        
Git#3>remote: Counting objects:  65% (361/555)        
Git#3>remote: Counting objects:  66% (367/555)        
Git#3>remote: Counting objects:  67% (372/555)        
Git#3>remote: Counting objects:  68% (378/555)        
Git#3>remote: Counting objects:  69% (383/555)        
Git#3>remote: Counting objects:  70% (389/555)        
Git#3>remote: Counting objects:  71% (395/555)        
Git#3>remote: Counting objects:  72% (400/555)        
Git#3>remote: Counting objects:  73% (406/555)        
Git#3>remote: Counting objects:  74% (411/555)        
Git#3>remote: Counting objects:  75% (417/555)        
Git#3>remote: Counting objects:  76% (422/555)        
Git#3>remote: Counting objects:  77% (428/555)        
Git#3>remote: Counting objects:  78% (433/555)        
Git#3>remote: Counting objects:  79% (439/555)        
Git#3>remote: Counting objects:  80% (444/555)        
Git#3>remote: Counting objects:  81% (450/555)        
Git#3>remote: Counting objects:  82% (456/555)        
Git#3>remote: Counting objects:  83% (461/555)        
Git#3>remote: Counting objects:  84% (467/555)        
Git#3>remote: Counting objects:  85% (472/555)        
Git#3>remote: Counting objects:  86% (478/555)        
Git#3>remote: Counting objects:  87% (483/555)        
Git#3>remote: Counting objects:  88% (489/555)        
Git#3>remote: Counting objects:  89% (494/555)        
Git#3>remote: Counting objects:  90% (500/555)        
Git#3>remote: Counting objects:  91% (506/555)        
Git#3>remote: Counting objects:  92% (511/555)        
Git#3>remote: Counting objects:  93% (517/555)        
Git#3>remote: Counting objects:  94% (522/555)        
Git#3>remote: Counting objects:  95% (528/555)        
Git#3>remote: Counting objects:  96% (533/555)        
Git#3>remote: Counting objects:  97% (539/555)        
Git#3>remote: Counting objects:  98% (544/555)        
Git#3>remote: Counting objects:  99% (550/555)        
Git#3>remote: Counting objects: 100% (555/555)        
Git#3>remote: Counting objects: 100% (555/555), done.        
Git#3>remote: Compressing objects:   0% (1/327)        
Git#3>remote: Compressing objects:   1% (4/327)        
Git#3>remote: Compressing objects:   2% (7/327)        
Git#3>remote: Compressing objects:   3% (10/327)        
Git#3>remote: Compressing objects:   4% (14/327)        
Git#3>remote: Compressing objects:   5% (17/327)        
Git#3>remote: Compressing objects:   6% (20/327)        
Git#3>remote: Compressing objects:   7% (23/327)        
Git#3>remote: Compressing objects:   8% (27/327)        
Git#3>remote: Compressing objects:   9% (30/327)        
Git#3>remote: Compressing objects:  10% (33/327)        
Git#3>remote: Compressing objects:  11% (36/327)        
Git#3>remote: Compressing objects:  12% (40/327)        
Git#3>remote: Compressing objects:  13% (43/327)        
Git#3>remote: Compressing objects:  14% (46/327)        
Git#3>remote: Compressing objects:  15% (50/327)        
Git#3>remote: Compressing objects:  16% (53/327)        
Git#3>remote: Compressing objects:  17% (56/327)        
Git#3>remote: Compressing objects:  18% (59/327)        
Git#3>remote: Compressing objects:  19% (63/327)        
Git#3>remote: Compressing objects:  20% (66/327)        
Git#3>remote: Compressing objects:  21% (69/327)        
Git#3>remote: Compressing objects:  22% (72/327)        
Git#3>remote: Compressing objects:  23% (76/327)        
Git#3>remote: Compressing objects:  24% (79/327)        
Git#3>remote: Compressing objects:  25% (82/327)        
Git#3>remote: Compressing objects:  26% (86/327)        
Git#3>remote: Compressing objects:  27% (89/327)        
Git#3>remote: Compressing objects:  28% (92/327)        
Git#3>remote: Compressing objects:  29% (95/327)        
Git#3>remote: Compressing objects:  30% (99/327)        
Git#3>remote: Compressing objects:  31% (102/327)        
Git#3>remote: Compressing objects:  32% (105/327)        
Git#3>remote: Compressing objects:  33% (108/327)        
Git#3>remote: Compressing objects:  34% (112/327)        
Git#3>remote: Compressing objects:  35% (115/327)        
Git#3>remote: Compressing objects:  36% (118/327)        
Git#3>remote: Compressing objects:  37% (121/327)        
Git#3>remote: Compressing objects:  38% (125/327)        
Git#3>remote: Compressing objects:  39% (128/327)        
Git#3>remote: Compressing objects:  40% (131/327)        
Git#3>remote: Compressing objects:  41% (135/327)        
Git#3>remote: Compressing objects:  42% (138/327)        
Git#3>remote: Compressing objects:  43% (141/327)        
Git#3>remote: Compressing objects:  44% (144/327)        
Git#3>remote: Compressing objects:  45% (148/327)        
Git#3>remote: Compressing objects:  46% (151/327)        
Git#3>remote: Compressing objects:  47% (154/327)        
Git#3>remote: Compressing objects:  48% (157/327)        
Git#3>remote: Compressing objects:  49% (161/327)        
Git#3>remote: Compressing objects:  50% (164/327)        
Git#3>remote: Compressing objects:  51% (167/327)        
Git#3>remote: Compressing objects:  52% (171/327)        
Git#3>remote: Compressing objects:  53% (174/327)        
Git#3>remote: Compressing objects:  54% (177/327)        
Git#3>remote: Compressing objects:  55% (180/327)        
Git#3>remote: Compressing objects:  56% (184/327)        
Git#3>remote: Compressing objects:  57% (187/327)        
Git#3>remote: Compressing objects:  58% (190/327)        
Git#3>remote: Compressing objects:  59% (193/327)        
Git#3>remote: Compressing objects:  60% (197/327)        
Git#3>remote: Compressing objects:  61% (200/327)        
Git#3>remote: Compressing objects:  62% (203/327)        
Git#3>remote: Compressing objects:  63% (207/327)        
Git#3>remote: Compressing objects:  64% (210/327)        
Git#3>remote: Compressing objects:  65% (213/327)        
Git#3>remote: Compressing objects:  66% (216/327)        
Git#3>remote: Compressing objects:  67% (220/327)        
Git#3>remote: Compressing objects:  68% (223/327)        
Git#3>remote: Compressing objects:  69% (226/327)        
Git#3>remote: Compressing objects:  70% (229/327)        
Git#3>remote: Compressing objects:  71% (233/327)        
Git#3>remote: Compressing objects:  72% (236/327)        
Git#3>remote: Compressing objects:  73% (239/327)        
Git#3>remote: Compressing objects:  74% (242/327)        
Git#3>remote: Compressing objects:  75% (246/327)        
Git#3>remote: Compressing objects:  76% (249/327)        
Git#3>remote: Compressing objects:  77% (252/327)        
Git#3>remote: Compressing objects:  78% (256/327)        
Git#3>remote: Compressing objects:  79% (259/327)        
Git#3>remote: Compressing objects:  80% (262/327)        
Git#3>remote: Compressing objects:  81% (265/327)        
Git#3>remote: Compressing objects:  82% (269/327)        
Git#3>remote: Compressing objects:  83% (272/327)        
Git#3>remote: Compressing objects:  84% (275/327)        
Git#3>remote: Compressing objects:  85% (278/327)        
Git#3>remote: Compressing objects:  86% (282/327)        
Git#3>remote: Compressing objects:  87% (285/327)        
Git#3>remote: Compressing objects:  88% (288/327)        
Git#3>remote: Compressing objects:  89% (292/327)        
Git#3>remote: Compressing objects:  90% (295/327)        
Git#3>remote: Compressing objects:  91% (298/327)        
Git#3>remote: Compressing objects:  92% (301/327)        
Git#3>remote: Compressing objects:  93% (305/327)        
Git#3>remote: Compressing objects:  94% (308/327)        
Git#3>remote: Compressing objects:  95% (311/327)        
Git#3>remote: Compressing objects:  96% (314/327)        
Git#3>remote: Compressing objects:  97% (318/327)        
Git#3>remote: Compressing objects:  98% (321/327)        
Git#3>remote: Compressing objects:  99% (324/327)        
Git#3>remote: Compressing objects: 100% (327/327)        
Git#3>remote: Compressing objects: 100% (327/327), done.        
Git#5>Receiving objects:  45% (148/328)
Git#5>remote: Total 328 (delta 90), reused 280 (delta 65), pack-reused 22 (from 1)        
Git#5>Receiving objects:  46% (151/328)
Git#5>Receiving objects:  47% (155/328)
Git#5>Receiving objects:  48% (158/328)
Git#5>Receiving objects:  49% (161/328)
Git#5>Receiving objects:  50% (164/328)
Git#5>Receiving objects:  51% (168/328)
Git#5>Receiving objects:  52% (171/328)
Git#5>Receiving objects:  53% (174/328)
Git#5>Receiving objects:  54% (178/328)
Git#5>Receiving objects:  55% (181/328)
Git#5>Receiving objects:  56% (184/328)
Git#5>Receiving objects:  57% (187/328)
Git#5>Receiving objects:  58% (191/328)
Git#5>Receiving objects:  59% (194/328)
Git#5>Receiving objects:  60% (197/328)
Git#5>Receiving objects:  61% (201/328)
Git#5>Receiving objects:  62% (204/328)
Git#5>Receiving objects:  63% (207/328)
Git#5>Receiving objects:  64% (210/328)
Git#5>Receiving objects:  65% (214/328)
Git#5>Receiving objects:  66% (217/328)
Git#5>Receiving objects:  67% (220/328)
Git#5>Receiving objects:  68% (224/328)
Git#5>Receiving objects:  69% (227/328)
Git#5>Receiving objects:  70% (230/328)
Git#5>Receiving objects:  71% (233/328)
Git#5>Receiving objects:  72% (237/328)
Git#5>Receiving objects:  73% (240/328)
Git#5>Receiving objects:  74% (243/328)
Git#5>Receiving objects:  75% (246/328)
Git#5>Receiving objects:  76% (250/328)
Git#5>Receiving objects:  77% (253/328)
Git#5>Receiving objects:  78% (256/328)
Git#5>Receiving objects:  79% (260/328)
Git#5>Receiving objects:  80% (263/328)
Git#5>Receiving objects:  81% (266/328)
Git#5>Receiving objects:  82% (269/328)
Git#5>Receiving objects:  83% (273/328)
Git#5>Receiving objects:  84% (276/328)
Git#5>Receiving objects:  85% (279/328)
Git#5>Receiving objects:  86% (283/328)
Git#5>Receiving objects:  87% (286/328)
Git#5>Receiving objects:  88% (289/328)
Git#5>Receiving objects:  89% (292/328)
Git#5>Receiving objects:  90% (296/328)
Git#5>Receiving objects:  91% (299/328)
Git#5>Receiving objects:  92% (302/328)
Git#5>Receiving objects:  93% (306/328)
Git#5>Receiving objects:  94% (309/328)
Git#5>Receiving objects:  95% (312/328)
Git#5>Receiving objects:  96% (315/328)
Git#5>Receiving objects:  97% (319/328)
Git#5>Receiving objects:  98% (322/328)
Git#5>Receiving objects:  99% (325/328)
Git#5>Receiving objects: 100% (328/328)
Git#5>Receiving objects: 100% (328/328), 45.36 KiB | 1.08 MiB/s, done.
Git#5>Resolving deltas:   0% (0/90)
Git#5>Resolving deltas:   1% (1/90)
Git#5>Resolving deltas:   2% (2/90)
Git#5>Resolving deltas:   3% (3/90)
Git#5>Resolving deltas:   4% (4/90)
Git#5>Resolving deltas:   5% (5/90)
Git#5>Resolving deltas:   6% (6/90)
Git#5>Resolving deltas:   7% (7/90)
Git#5>Resolving deltas:   8% (8/90)
Git#5>Resolving deltas:  10% (9/90)
Git#5>Resolving deltas:  11% (10/90)
Git#5>Resolving deltas:  12% (11/90)
Git#5>Resolving deltas:  13% (12/90)
Git#5>Resolving deltas:  16% (15/90)
Git#5>Resolving deltas:  17% (16/90)
Git#5>Resolving deltas:  21% (19/90)
Git#5>Resolving deltas:  22% (20/90)
Git#5>Resolving deltas:  23% (21/90)
Git#5>Resolving deltas:  24% (22/90)
Git#5>Resolving deltas:  25% (23/90)
Git#5>Resolving deltas:  26% (24/90)
Git#5>Resolving deltas:  27% (25/90)
Git#5>Resolving deltas:  28% (26/90)
Git#5>Resolving deltas:  32% (29/90)
Git#5>Resolving deltas:  33% (30/90)
Git#5>Resolving deltas:  34% (31/90)
Git#5>Resolving deltas:  35% (32/90)
Git#5>Resolving deltas:  36% (33/90)
Git#5>Resolving deltas:  37% (34/90)
Git#5>Resolving deltas:  38% (35/90)
Git#5>Resolving deltas:  41% (37/90)
Git#5>Resolving deltas:  44% (40/90)
Git#5>Resolving deltas:  45% (41/90)
Git#5>Resolving deltas:  46% (42/90)
Git#5>Resolving deltas:  47% (43/90)
Git#5>Resolving deltas:  48% (44/90)
Git#5>Resolving deltas:  52% (47/90)
Git#5>Resolving deltas:  53% (48/90)
Git#5>Resolving deltas:  54% (49/90)
Git#5>Resolving deltas:  55% (50/90)
Git#5>Resolving deltas:  58% (53/90)
Git#5>Resolving deltas:  60% (54/90)
Git#5>Resolving deltas:  61% (55/90)
Git#5>Resolving deltas:  62% (56/90)
Git#5>Resolving deltas:  63% (57/90)
Git#5>Resolving deltas:  64% (58/90)
Git#5>Resolving deltas:  66% (60/90)
Git#5>Resolving deltas:  67% (61/90)
Git#5>Resolving deltas:  68% (62/90)
Git#5>Resolving deltas:  70% (63/90)
Git#5>Resolving deltas:  71% (64/90)
Git#5>Resolving deltas:  72% (65/90)
Git#5>Resolving deltas:  75% (68/90)
Git#5>Resolving deltas:  76% (69/90)
Git#5>Resolving deltas:  77% (70/90)
Git#5>Resolving deltas:  83% (75/90)
Git#5>Resolving deltas:  84% (76/90)
Git#5>Resolving deltas:  85% (77/90)
Git#5>Resolving deltas:  86% (78/90)
Git#5>Resolving deltas:  88% (80/90)
Git#5>Resolving deltas:  90% (81/90)
Git#5>Resolving deltas:  91% (82/90)
Git#5>Resolving deltas:  92% (83/90)
Git#5>Resolving deltas:  93% (84/90)
Git#5>Resolving deltas:  94% (85/90)
Git#5>Resolving deltas:  95% (86/90)
Git#5>Resolving deltas:  96% (87/90)
Git#5>Resolving deltas:  97% (88/90)
Git#5>Resolving deltas:  98% (89/90)
Git#5>Resolving deltas: 100% (90/90)
Git#5>Resolving deltas: 100% (90/90), done.
Git#4>remote: Total 76 (delta 10), reused 44 (delta 9), pack-reused 29 (from 1)        
Git#4>Receiving objects:   1% (1/76)
Git#4>Receiving objects:   2% (2/76)
Git#4>Receiving objects:   3% (3/76)
Git#4>Receiving objects:   5% (4/76)
Git#4>Receiving objects:   6% (5/76)
Git#4>Receiving objects:   7% (6/76)
Git#4>Receiving objects:   9% (7/76)
Git#4>Receiving objects:  10% (8/76)
Git#4>Receiving objects:  11% (9/76)
Git#4>Receiving objects:  13% (10/76)
Git#4>Receiving objects:  14% (11/76)
Git#4>Receiving objects:  15% (12/76)
Git#4>Receiving objects:  17% (13/76)
Git#4>Receiving objects:  18% (14/76)
Git#4>Receiving objects:  19% (15/76)
Git#4>Receiving objects:  21% (16/76)
Git#4>Receiving objects:  22% (17/76)
Git#4>Receiving objects:  23% (18/76)
Git#4>Receiving objects:  25% (19/76)
Git#4>Receiving objects:  26% (20/76)
Git#4>Receiving objects:  27% (21/76)
Git#4>Receiving objects:  28% (22/76)
Git#4>Receiving objects:  30% (23/76)
Git#4>Receiving objects:  31% (24/76)
Git#4>Receiving objects:  32% (25/76)
Git#4>Receiving objects:  34% (26/76)
Git#4>Receiving objects:  35% (27/76)
Git#4>Receiving objects:  36% (28/76)
Git#4>Receiving objects:  38% (29/76)
Git#4>Receiving objects:  39% (30/76)
Git#4>Receiving objects:  40% (31/76)
Git#4>Receiving objects:  42% (32/76)
Git#4>Receiving objects:  43% (33/76)
Git#4>Receiving objects:  44% (34/76)
Git#4>Receiving objects:  46% (35/76)
Git#4>Receiving objects:  47% (36/76)
Git#4>Receiving objects:  48% (37/76)
Git#4>Receiving objects:  50% (38/76)
Git#4>Receiving objects:  51% (39/76)
Git#4>Receiving objects:  52% (40/76)
Git#4>Receiving objects:  53% (41/76)
Git#4>Receiving objects:  55% (42/76)
Git#4>Receiving objects:  56% (43/76)
Git#4>Receiving objects:  57% (44/76)
Git#4>Receiving objects:  59% (45/76)
Git#4>Receiving objects:  60% (46/76)
Git#4>Receiving objects:  61% (47/76)
Git#4>Receiving objects:  63% (48/76)
Git#4>Receiving objects:  64% (49/76)
Git#4>Receiving objects:  65% (50/76)
Git#4>Receiving objects:  67% (51/76)
Git#4>Receiving objects:  68% (52/76)
Git#4>Receiving objects:  69% (53/76)
Git#4>Receiving objects:  71% (54/76)
Git#4>Receiving objects:  72% (55/76)
Git#4>Receiving objects:  73% (56/76)
Git#4>Receiving objects:  75% (57/76)
Git#4>Receiving objects:  76% (58/76)
Git#4>Receiving objects:  77% (59/76)
Git#4>Receiving objects:  78% (60/76)
Git#4>Receiving objects:  80% (61/76)
Git#4>Receiving objects:  81% (62/76)
Git#4>Receiving objects:  82% (63/76)
Git#4>Receiving objects:  84% (64/76)
Git#4>Receiving objects:  85% (65/76)
Git#4>Receiving objects:  86% (66/76)
Git#4>Receiving objects:  88% (67/76)
Git#4>Receiving objects:  89% (68/76)
Git#4>Receiving objects:  90% (69/76)
Git#4>Receiving objects:  92% (70/76)
Git#4>Receiving objects:  93% (71/76)
Git#4>Receiving objects:  94% (72/76)
Git#4>Receiving objects:  96% (73/76)
Git#4>Receiving objects:  97% (74/76)
Git#4>Receiving objects:  98% (75/76)
Git#4>Receiving objects: 100% (76/76)
Git#4>Receiving objects: 100% (76/76), 15.10 KiB | 2.52 MiB/s, done.
Git#3>Receiving objects:   0% (1/555)
Git#3>Receiving objects:   1% (6/555)
Git#3>Receiving objects:   2% (12/555)
Git#3>Receiving objects:   3% (17/555)
Git#3>Receiving objects:   4% (23/555)
Git#3>Receiving objects:   5% (28/555)
Git#3>Receiving objects:   6% (34/555)
Git#3>Receiving objects:   7% (39/555)
Git#3>Receiving objects:   8% (45/555)
Git#3>Receiving objects:   9% (50/555)
Git#4>Resolving deltas:   0% (0/17)
Git#4>Resolving deltas:   5% (1/17)
Git#4>Resolving deltas:  11% (2/17)
Git#4>Resolving deltas:  17% (3/17)
Git#4>Resolving deltas:  23% (4/17)
Git#4>Resolving deltas:  29% (5/17)
Git#4>Resolving deltas:  35% (6/17)
Git#4>Resolving deltas:  41% (7/17)
Git#4>Resolving deltas:  47% (8/17)
Git#4>Resolving deltas:  52% (9/17)
Git#4>Resolving deltas:  58% (10/17)
Git#4>Resolving deltas:  64% (11/17)
Git#4>Resolving deltas:  70% (12/17)
Git#4>Resolving deltas:  76% (13/17)
Git#4>Resolving deltas:  82% (14/17)
Git#4>Resolving deltas:  88% (15/17)
Git#4>Resolving deltas:  94% (16/17)
Git#4>Resolving deltas: 100% (17/17)
Git#4>Resolving deltas: 100% (17/17), done.
Git#3>Receiving objects:  10% (56/555)
Git#3>Receiving objects:  11% (62/555)
Git#3>Receiving objects:  12% (67/555)
Git#3>Receiving objects:  13% (73/555)
Git#3>Receiving objects:  14% (78/555)
Git#3>Receiving objects:  15% (84/555)
Git#3>Receiving objects:  16% (89/555)
Git#3>Receiving objects:  17% (95/555)
Git#3>Receiving objects:  18% (100/555)
Git#3>Receiving objects:  19% (106/555)
Git#3>Receiving objects:  20% (111/555)
Git#3>Receiving objects:  21% (117/555)
Git#3>Receiving objects:  22% (123/555)
Git#3>Receiving objects:  23% (128/555)
Git#3>Receiving objects:  24% (134/555)
Git#3>Receiving objects:  25% (139/555)
Git#3>Receiving objects:  26% (145/555)
Git#3>Receiving objects:  27% (150/555)
Git#3>Receiving objects:  28% (156/555)
Git#3>Receiving objects:  29% (161/555)
Git#3>Receiving objects:  30% (167/555)
Git#3>Receiving objects:  31% (173/555)
Git#3>Receiving objects:  32% (178/555)
Git#3>Receiving objects:  33% (184/555)
Git#3>Receiving objects:  34% (189/555)
Git#2>remote: Enumerating objects: 64, done.        
Git#2>remote: Counting objects:   1% (1/64)        
Git#2>remote: Counting objects:   3% (2/64)        
Git#2>remote: Counting objects:   4% (3/64)        
Git#2>remote: Counting objects:   6% (4/64)        
Git#2>remote: Counting objects:   7% (5/64)        
Git#2>remote: Counting objects:   9% (6/64)        
Git#2>remote: Counting objects:  10% (7/64)        
Git#2>remote: Counting objects:  12% (8/64)        
Git#2>remote: Counting objects:  14% (9/64)        
Git#2>remote: Counting objects:  15% (10/64)        
Git#2>remote: Counting objects:  17% (11/64)        
Git#2>remote: Counting objects:  18% (12/64)        
Git#2>remote: Counting objects:  20% (13/64)        
Git#2>remote: Counting objects:  21% (14/64)        
Git#2>remote: Counting objects:  23% (15/64)        
Git#2>remote: Counting objects:  25% (16/64)        
Git#2>remote: Counting objects:  26% (17/64)        
Git#2>remote: Counting objects:  28% (18/64)        
Git#2>remote: Counting objects:  29% (19/64)        
Git#2>remote: Counting objects:  31% (20/64)        
Git#2>remote: Counting objects:  32% (21/64)        
Git#2>remote: Counting objects:  34% (22/64)        
Git#2>remote: Counting objects:  35% (23/64)        
Git#2>remote: Counting objects:  37% (24/64)        
Git#2>remote: Counting objects:  39% (25/64)        
Git#2>remote: Counting objects:  40% (26/64)        
Git#2>remote: Counting objects:  42% (27/64)        
Git#2>remote: Counting objects:  43% (28/64)        
Git#2>remote: Counting objects:  45% (29/64)        
Git#2>remote: Counting objects:  46% (30/64)        
Git#2>remote: Counting objects:  48% (31/64)        
Git#2>remote: Counting objects:  50% (32/64)        
Git#2>remote: Counting objects:  51% (33/64)        
Git#2>remote: Counting objects:  53% (34/64)        
Git#2>remote: Counting objects:  54% (35/64)        
Git#2>remote: Counting objects:  56% (36/64)        
Git#2>remote: Counting objects:  57% (37/64)        
Git#2>remote: Counting objects:  59% (38/64)        
Git#2>remote: Counting objects:  60% (39/64)        
Git#2>remote: Counting objects:  62% (40/64)        
Git#2>remote: Counting objects:  64% (41/64)        
Git#2>remote: Counting objects:  65% (42/64)        
Git#2>remote: Counting objects:  67% (43/64)        
Git#2>remote: Counting objects:  68% (44/64)        
Git#2>remote: Counting objects:  70% (45/64)        
Git#2>remote: Counting objects:  71% (46/64)        
Git#2>remote: Counting objects:  73% (47/64)        
Git#2>remote: Counting objects:  75% (48/64)        
Git#2>remote: Counting objects:  76% (49/64)        
Git#2>remote: Counting objects:  78% (50/64)        
Git#2>remote: Counting objects:  79% (51/64)        
Git#2>remote: Counting objects:  81% (52/64)        
Git#2>remote: Counting objects:  82% (53/64)        
Git#2>remote: Counting objects:  84% (54/64)        
Git#2>remote: Counting objects:  85% (55/64)        
Git#2>remote: Counting objects:  87% (56/64)        
Git#2>remote: Counting objects:  89% (57/64)        
Git#2>remote: Counting objects:  90% (58/64)        
Git#2>remote: Counting objects:  92% (59/64)        
Git#2>remote: Counting objects:  93% (60/64)        
Git#2>remote: Counting objects:  95% (61/64)        
Git#2>remote: Counting objects:  96% (62/64)        
Git#2>remote: Counting objects:  98% (63/64)        
Git#2>remote: Counting objects: 100% (64/64)        
Git#2>remote: Counting objects: 100% (64/64), done.        
Git#2>remote: Compressing objects:   2% (1/40)        
Git#2>remote: Compressing objects:   5% (2/40)        
Git#2>remote: Compressing objects:   7% (3/40)        
Git#2>remote: Compressing objects:  10% (4/40)        
Git#2>remote: Compressing objects:  12% (5/40)        
Git#2>remote: Compressing objects:  15% (6/40)        
Git#2>remote: Compressing objects:  17% (7/40)        
Git#2>remote: Compressing objects:  20% (8/40)        
Git#2>remote: Compressing objects:  22% (9/40)        
Git#2>remote: Compressing objects:  25% (10/40)        
Git#2>remote: Compressing objects:  27% (11/40)        
Git#2>remote: Compressing objects:  30% (12/40)        
Git#2>remote: Compressing objects:  32% (13/40)        
Git#2>remote: Compressing objects:  35% (14/40)        
Git#2>remote: Compressing objects:  37% (15/40)        
Git#2>remote: Compressing objects:  40% (16/40)        
Git#2>remote: Compressing objects:  42% (17/40)        
Git#2>remote: Compressing objects:  45% (18/40)        
Git#2>remote: Compressing objects:  47% (19/40)        
Git#2>remote: Compressing objects:  50% (20/40)        
Git#2>remote: Compressing objects:  52% (21/40)        
Git#2>remote: Compressing objects:  55% (22/40)        
Git#2>remote: Compressing objects:  57% (23/40)        
Git#2>remote: Compressing objects:  60% (24/40)        
Git#2>remote: Compressing objects:  62% (25/40)        
Git#2>remote: Compressing objects:  65% (26/40)        
Git#2>remote: Compressing objects:  67% (27/40)        
Git#2>remote: Compressing objects:  70% (28/40)        
Git#2>remote: Compressing objects:  72% (29/40)        
Git#2>remote: Compressing objects:  75% (30/40)        
Git#2>remote: Compressing objects:  77% (31/40)        
Git#2>remote: Compressing objects:  80% (32/40)        
Git#2>remote: Compressing objects:  82% (33/40)        
Git#2>remote: Compressing objects:  85% (34/40)        
Git#2>remote: Compressing objects:  87% (35/40)        
Git#2>remote: Compressing objects:  90% (36/40)        
Git#2>remote: Compressing objects:  92% (37/40)        
Git#2>remote: Compressing objects:  95% (38/40)        
Git#2>remote: Compressing objects:  97% (39/40)        
Git#2>remote: Compressing objects: 100% (40/40)        
Git#2>remote: Compressing objects: 100% (40/40), done.        
Git#3>Receiving objects:  35% (195/555)
Git#3>Receiving objects:  36% (200/555)
Git#3>Receiving objects:  37% (206/555)
Git#3>Receiving objects:  38% (211/555)
Git#3>Receiving objects:  39% (217/555)
Git#3>Receiving objects:  40% (222/555)
Git#3>Receiving objects:  41% (228/555)
Git#3>Receiving objects:  42% (234/555)
Git#3>Receiving objects:  43% (239/555)
Git#3>Receiving objects:  44% (245/555)
Git#3>Receiving objects:  45% (250/555)
Git#3>Receiving objects:  46% (256/555)
Git#3>Receiving objects:  47% (261/555)
Git#3>Receiving objects:  48% (267/555)
Git#3>Receiving objects:  49% (272/555)
Git#3>remote: Total 555 (delta 256), reused 501 (delta 204), pack-reused 0 (from 0)        
Git#3>Receiving objects:  50% (278/555)
Git#3>Receiving objects:  51% (284/555)
Git#3>Receiving objects:  52% (289/555)
Git#3>Receiving objects:  53% (295/555)
Git#3>Receiving objects:  54% (300/555)
Git#3>Receiving objects:  55% (306/555)
Git#3>Receiving objects:  56% (311/555)
Git#3>Receiving objects:  57% (317/555)
Git#3>Receiving objects:  58% (322/555)
Git#3>Receiving objects:  59% (328/555)
Git#3>Receiving objects:  60% (333/555)
Git#3>Receiving objects:  61% (339/555)
Git#3>Receiving objects:  62% (345/555)
Git#3>Receiving objects:  63% (350/555)
Git#3>Receiving objects:  64% (356/555)
Git#3>Receiving objects:  65% (361/555)
Git#3>Receiving objects:  66% (367/555)
Git#3>Receiving objects:  67% (372/555)
Git#3>Receiving objects:  68% (378/555)
Git#3>Receiving objects:  69% (383/555)
Git#3>Receiving objects:  70% (389/555)
Git#3>Receiving objects:  71% (395/555)
Git#3>Receiving objects:  72% (400/555)
Git#3>Receiving objects:  73% (406/555)
Git#3>Receiving objects:  74% (411/555)
Git#3>Receiving objects:  75% (417/555)
Git#3>Receiving objects:  76% (422/555)
Git#3>Receiving objects:  77% (428/555)
Git#3>Receiving objects:  78% (433/555)
Git#3>Receiving objects:  79% (439/555)
Git#3>Receiving objects:  80% (444/555)
Git#3>Receiving objects:  81% (450/555)
Git#3>Receiving objects:  82% (456/555)
Git#3>Receiving objects:  83% (461/555)
Git#3>Receiving objects:  84% (467/555)
Git#3>Receiving objects:  85% (472/555)
Git#3>Receiving objects:  86% (478/555)
Git#3>Receiving objects:  87% (483/555)
Git#3>Receiving objects:  88% (489/555)
Git#3>Receiving objects:  89% (494/555)
Git#3>Receiving objects:  90% (500/555)
Git#3>Receiving objects:  91% (506/555)
Git#3>Receiving objects:  92% (511/555)
Git#3>Receiving objects:  93% (517/555)
Git#3>Receiving objects:  94% (522/555)
Git#3>Receiving objects:  95% (528/555)
Git#3>Receiving objects:  96% (533/555)
Git#3>Receiving objects:  97% (539/555)
Git#3>Receiving objects:  98% (544/555)
Git#3>Receiving objects:  99% (550/555)
Git#3>Receiving objects: 100% (555/555)
Git#3>Receiving objects: 100% (555/555), 78.52 KiB | 1.60 MiB/s, done.
Git#3>Resolving deltas:   0% (0/256)
Git#3>Resolving deltas:   1% (3/256)
Git#3>Resolving deltas:   2% (6/256)
Git#3>Resolving deltas:   3% (8/256)
Git#3>Resolving deltas:   4% (11/256)
Git#3>Resolving deltas:   5% (14/256)
Git#3>Resolving deltas:   6% (17/256)
Git#3>Resolving deltas:   7% (18/256)
Git#3>Resolving deltas:   8% (21/256)
Git#3>Resolving deltas:   9% (24/256)
Git#3>Resolving deltas:  10% (26/256)
Git#3>Resolving deltas:  11% (29/256)
Git#3>Resolving deltas:  12% (31/256)
Git#3>Resolving deltas:  13% (34/256)
Git#3>Resolving deltas:  14% (36/256)
Git#3>Resolving deltas:  15% (39/256)
Git#3>Resolving deltas:  16% (41/256)
Git#3>Resolving deltas:  17% (44/256)
Git#3>Resolving deltas:  18% (47/256)
Git#3>Resolving deltas:  20% (52/256)
Git#3>Resolving deltas:  21% (54/256)
Git#3>Resolving deltas:  22% (57/256)
Git#3>Resolving deltas:  23% (61/256)
Git#3>Resolving deltas:  24% (62/256)
Git#3>Resolving deltas:  25% (64/256)
Git#3>Resolving deltas:  26% (67/256)
Git#3>Resolving deltas:  27% (70/256)
Git#3>Resolving deltas:  28% (73/256)
Git#3>Resolving deltas:  29% (75/256)
Git#3>Resolving deltas:  30% (77/256)
Git#3>Resolving deltas:  31% (80/256)
Git#3>Resolving deltas:  32% (82/256)
Git#3>Resolving deltas:  33% (85/256)
Git#3>Resolving deltas:  34% (88/256)
Git#3>Resolving deltas:  35% (90/256)
Git#3>Resolving deltas:  36% (93/256)
Git#3>Resolving deltas:  37% (95/256)
Git#3>Resolving deltas:  38% (99/256)
Git#3>Resolving deltas:  39% (100/256)
Git#3>Resolving deltas:  40% (103/256)
Git#3>Resolving deltas:  41% (105/256)
Git#3>Resolving deltas:  42% (108/256)
Git#3>Resolving deltas:  43% (111/256)
Git#3>Resolving deltas:  44% (113/256)
Git#3>Resolving deltas:  45% (116/256)
Git#3>Resolving deltas:  46% (119/256)
Git#3>Resolving deltas:  47% (121/256)
Git#3>Resolving deltas:  48% (123/256)
Git#3>Resolving deltas:  49% (126/256)
Git#3>Resolving deltas:  50% (128/256)
Git#3>Resolving deltas:  51% (132/256)
Git#3>Resolving deltas:  52% (134/256)
Git#3>Resolving deltas:  53% (138/256)
Git#3>Resolving deltas:  54% (139/256)
Git#3>Resolving deltas:  55% (141/256)
Git#3>Resolving deltas:  57% (146/256)
Git#3>Resolving deltas:  58% (151/256)
Git#3>Resolving deltas:  59% (153/256)
Git#3>Resolving deltas:  60% (154/256)
Git#3>Resolving deltas:  62% (160/256)
Git#3>Resolving deltas:  63% (163/256)
Git#3>Resolving deltas:  64% (164/256)
Git#3>Resolving deltas:  65% (167/256)
Git#3>Resolving deltas:  66% (171/256)
Git#3>Resolving deltas:  68% (175/256)
Git#3>Resolving deltas:  69% (178/256)
Git#3>Resolving deltas:  70% (181/256)
Git#3>Resolving deltas:  71% (182/256)
Git#3>Resolving deltas:  72% (185/256)
Git#3>Resolving deltas:  73% (187/256)
Git#3>Resolving deltas:  74% (191/256)
Git#3>Resolving deltas:  75% (192/256)
Git#3>Resolving deltas:  76% (195/256)
Git#3>Resolving deltas:  77% (198/256)
Git#3>Resolving deltas:  78% (200/256)
Git#3>Resolving deltas:  79% (203/256)
Git#3>Resolving deltas:  80% (206/256)
Git#3>Resolving deltas:  81% (208/256)
Git#3>Resolving deltas:  82% (210/256)
Git#3>Resolving deltas:  83% (215/256)
Git#3>Resolving deltas:  84% (216/256)
Git#3>Resolving deltas:  85% (218/256)
Git#3>Resolving deltas:  86% (221/256)
Git#3>Resolving deltas:  87% (223/256)
Git#3>Resolving deltas:  88% (226/256)
Git#3>Resolving deltas:  89% (228/256)
Git#3>Resolving deltas:  90% (232/256)
Git#3>Resolving deltas:  91% (235/256)
Git#3>Resolving deltas:  92% (236/256)
Git#3>Resolving deltas:  93% (240/256)
Git#3>Resolving deltas:  95% (244/256)
Git#3>Resolving deltas:  96% (246/256)
Git#3>Resolving deltas:  97% (250/256)
Git#3>Resolving deltas:  98% (251/256)
Git#3>Resolving deltas:  99% (254/256)
Git#3>Resolving deltas: 100% (256/256)
Git#3>Resolving deltas: 100% (256/256), done.
Git#2>Receiving objects:   1% (1/64)
Git#2>Receiving objects:   3% (2/64)
Git#2>Receiving objects:   4% (3/64)
Git#2>Receiving objects:   6% (4/64)
Git#2>Receiving objects:   7% (5/64)
Git#2>Receiving objects:   9% (6/64)
Git#2>Receiving objects:  10% (7/64)
Git#2>Receiving objects:  12% (8/64)
Git#2>Receiving objects:  14% (9/64)
Git#2>Receiving objects:  15% (10/64)
Git#2>Receiving objects:  17% (11/64)
Git#2>Receiving objects:  18% (12/64)
Git#2>Receiving objects:  20% (13/64)
Git#2>Receiving objects:  21% (14/64)
Git#2>Receiving objects:  23% (15/64)
Git#2>Receiving objects:  25% (16/64)
Git#2>Receiving objects:  26% (17/64)
Git#2>Receiving objects:  28% (18/64)
Git#2>Receiving objects:  29% (19/64)
Git#2>Receiving objects:  31% (20/64)
Git#2>Receiving objects:  32% (21/64)
Git#2>Receiving objects:  34% (22/64)
Git#2>Receiving objects:  35% (23/64)
Git#2>Receiving objects:  37% (24/64)
Git#2>Receiving objects:  39% (25/64)
Git#2>Receiving objects:  40% (26/64)
Git#2>Receiving objects:  42% (27/64)
Git#2>Receiving objects:  43% (28/64)
Git#2>Receiving objects:  45% (29/64)
Git#2>remote: Total 64 (delta 24), reused 55 (delta 15), pack-reused 0 (from 0)        
Git#2>Receiving objects:  46% (30/64)
Git#2>Receiving objects:  48% (31/64)
Git#2>Receiving objects:  50% (32/64)
Git#2>Receiving objects:  51% (33/64)
Git#2>Receiving objects:  53% (34/64)
Git#2>Receiving objects:  54% (35/64)
Git#2>Receiving objects:  56% (36/64)
Git#2>Receiving objects:  57% (37/64)
Git#2>Receiving objects:  59% (38/64)
Git#2>Receiving objects:  60% (39/64)
Git#2>Receiving objects:  62% (40/64)
Git#2>Receiving objects:  64% (41/64)
Git#2>Receiving objects:  65% (42/64)
Git#2>Receiving objects:  67% (43/64)
Git#2>Receiving objects:  68% (44/64)
Git#2>Receiving objects:  70% (45/64)
Git#2>Receiving objects:  71% (46/64)
Git#2>Receiving objects:  73% (47/64)
Git#2>Receiving objects:  75% (48/64)
Git#2>Receiving objects:  76% (49/64)
Git#2>Receiving objects:  78% (50/64)
Git#2>Receiving objects:  79% (51/64)
Git#2>Receiving objects:  81% (52/64)
Git#2>Receiving objects:  82% (53/64)
Git#2>Receiving objects:  84% (54/64)
Git#2>Receiving objects:  85% (55/64)
Git#2>Receiving objects:  87% (56/64)
Git#2>Receiving objects:  89% (57/64)
Git#2>Receiving objects:  90% (58/64)
Git#2>Receiving objects:  92% (59/64)
Git#2>Receiving objects:  93% (60/64)
Git#2>Receiving objects:  95% (61/64)
Git#2>Receiving objects:  96% (62/64)
Git#2>Receiving objects:  98% (63/64)
Git#2>Receiving objects: 100% (64/64)
Git#2>Receiving objects: 100% (64/64), 21.89 KiB | 4.38 MiB/s, done.
Git#5>Success: git -C C:/Desktop/PSOC_Edge_AI/Demo/01_WiFi_BLE/mtb_shared/freertos clone --progress --origin cypress --no-checkout --filter=blob:none https://github.com/cypresssemiconductorco/freertos release-v10.6.203
Git#6>Starting: git -C C:/Desktop/PSOC_Edge_AI/Demo/01_WiFi_BLE/mtb_shared/btstack clone --progress --origin cypress --no-checkout --filter=blob:none https://github.com/cypresssemiconductorco/btstack release-v5.0.6
Git#2>Resolving deltas:   0% (0/24)
Git#2>Resolving deltas:   4% (1/24)
Git#2>Resolving deltas:   8% (2/24)
Git#2>Resolving deltas:  12% (3/24)
Git#2>Resolving deltas:  16% (4/24)
Git#2>Resolving deltas:  20% (5/24)
Git#2>Resolving deltas:  25% (6/24)
Git#2>Resolving deltas:  29% (7/24)
Git#2>Resolving deltas:  33% (8/24)
Git#2>Resolving deltas:  37% (9/24)
Git#2>Resolving deltas:  41% (10/24)
Git#2>Resolving deltas:  45% (11/24)
Git#2>Resolving deltas:  50% (12/24)
Git#2>Resolving deltas:  54% (13/24)
Git#2>Resolving deltas:  58% (14/24)
Git#2>Resolving deltas:  62% (15/24)
Git#2>Resolving deltas:  66% (16/24)
Git#2>Resolving deltas:  70% (17/24)
Git#2>Resolving deltas:  75% (18/24)
Git#2>Resolving deltas:  79% (19/24)
Git#2>Resolving deltas:  83% (20/24)
Git#2>Resolving deltas:  87% (21/24)
Git#2>Resolving deltas:  91% (22/24)
Git#2>Resolving deltas:  95% (23/24)
Git#2>Resolving deltas: 100% (24/24)
Git#2>Resolving deltas: 100% (24/24), done.
Git#4>Success: git -C C:/Desktop/PSOC_Edge_AI/Demo/01_WiFi_BLE/mtb_shared/retarget-io clone --progress --origin cypress --no-checkout --filter=blob:none https://github.com/cypresssemiconductorco/retarget-io release-v1.10.0
Git#7>Starting: git -C C:/Desktop/PSOC_Edge_AI/Demo/01_WiFi_BLE/mtb_shared/clib-support clone --progress --origin cypress --no-checkout --filter=blob:none https://github.com/cypresssemiconductorco/clib-support release-v1.9.0
Git#6>Cloning into 'release-v5.0.6'...
Git#7>Cloning into 'release-v1.9.0'...
Git#3>Success: git -C C:/Desktop/PSOC_Edge_AI/Demo/01_WiFi_BLE/mtb_shared/btstack-integration clone --progress --origin cypress --no-checkout --filter=blob:none https://github.com/Infineon/btstack-integration release-v7.0.2
Git#8>Starting: git -C C:/Desktop/PSOC_Edge_AI/Demo/01_WiFi_BLE/mtb_shared/abstraction-rtos clone --progress --origin cypress --no-checkout --filter=blob:none https://github.com/cypresssemiconductorco/abstraction-rtos release-v1.13.0
Git#2>Success: git -C C:/Desktop/PSOC_Edge_AI/Demo/01_WiFi_BLE/PSOC_Edge_Bluetooth_LE_FindMe/proj_cm33_ns/libs clone --progress --origin cypress --no-checkout --filter=blob:none https://github.com/Infineon/TARGET_KIT_PSE84_AI TARGET_KIT_PSE84_AI
Git#9>Starting: git -C C:/Desktop/PSOC_Edge_AI/Demo/01_WiFi_BLE/mtb_shared/mtb-srf clone --progress --origin cypress --no-checkout --filter=blob:none https://github.com/Infineon/mtb-srf release-v1.2.1
Git#8>Cloning into 'release-v1.13.0'...
Git#9>Cloning into 'release-v1.2.1'...
Git#8>remote: Enumerating objects: 246, done.        
Git#8>remote: Counting objects:   0% (1/134)        
Git#8>remote: Counting objects:   1% (2/134)        
Git#8>remote: Counting objects:   2% (3/134)        
Git#8>remote: Counting objects:   3% (5/134)        
Git#8>remote: Counting objects:   4% (6/134)        
Git#8>remote: Counting objects:   5% (7/134)        
Git#8>remote: Counting objects:   6% (9/134)        
Git#8>remote: Counting objects:   7% (10/134)        
Git#8>remote: Counting objects:   8% (11/134)        
Git#8>remote: Counting objects:   9% (13/134)        
Git#8>remote: Counting objects:  10% (14/134)        
Git#8>remote: Counting objects:  11% (15/134)        
Git#8>remote: Counting objects:  12% (17/134)        
Git#8>remote: Counting objects:  13% (18/134)        
Git#8>remote: Counting objects:  14% (19/134)        
Git#8>remote: Counting objects:  15% (21/134)        
Git#8>remote: Counting objects:  16% (22/134)        
Git#8>remote: Counting objects:  17% (23/134)        
Git#8>remote: Counting objects:  18% (25/134)        
Git#8>remote: Counting objects:  19% (26/134)        
Git#8>remote: Counting objects:  20% (27/134)        
Git#8>remote: Counting objects:  21% (29/134)        
Git#8>remote: Counting objects:  22% (30/134)        
Git#8>remote: Counting objects:  23% (31/134)        
Git#8>remote: Counting objects:  24% (33/134)        
Git#8>remote: Counting objects:  25% (34/134)        
Git#8>remote: Counting objects:  26% (35/134)        
Git#8>remote: Counting objects:  27% (37/134)        
Git#8>remote: Counting objects:  28% (38/134)        
Git#8>remote: Counting objects:  29% (39/134)        
Git#8>remote: Counting objects:  30% (41/134)        
Git#8>remote: Counting objects:  31% (42/134)        
Git#8>remote: Counting objects:  32% (43/134)        
Git#8>remote: Counting objects:  33% (45/134)        
Git#8>remote: Counting objects:  34% (46/134)        
Git#8>remote: Counting objects:  35% (47/134)        
Git#8>remote: Counting objects:  36% (49/134)        
Git#8>remote: Counting objects:  37% (50/134)        
Git#8>remote: Counting objects:  38% (51/134)        
Git#8>remote: Counting objects:  39% (53/134)        
Git#8>remote: Counting objects:  40% (54/134)        
Git#8>remote: Counting objects:  41% (55/134)        
Git#8>remote: Counting objects:  42% (57/134)        
Git#8>remote: Counting objects:  43% (58/134)        
Git#8>remote: Counting objects:  44% (59/134)        
Git#8>remote: Counting objects:  45% (61/134)        
Git#8>remote: Counting objects:  46% (62/134)        
Git#8>remote: Counting objects:  47% (63/134)        
Git#8>remote: Counting objects:  48% (65/134)        
Git#8>remote: Counting objects:  49% (66/134)        
Git#8>remote: Counting objects:  50% (67/134)        
Git#8>remote: Counting objects:  51% (69/134)        
Git#8>remote: Counting objects:  52% (70/134)        
Git#8>remote: Counting objects:  53% (72/134)        
Git#8>remote: Counting objects:  54% (73/134)        
Git#8>remote: Counting objects:  55% (74/134)        
Git#8>remote: Counting objects:  56% (76/134)        
Git#8>remote: Counting objects:  57% (77/134)        
Git#8>remote: Counting objects:  58% (78/134)        
Git#8>remote: Counting objects:  59% (80/134)        
Git#8>remote: Counting objects:  60% (81/134)        
Git#8>remote: Counting objects:  61% (82/134)        
Git#8>remote: Counting objects:  62% (84/134)        
Git#8>remote: Counting objects:  63% (85/134)        
Git#8>remote: Counting objects:  64% (86/134)        
Git#8>remote: Counting objects:  65% (88/134)        
Git#8>remote: Counting objects:  66% (89/134)        
Git#8>remote: Counting objects:  67% (90/134)        
Git#8>remote: Counting objects:  68% (92/134)        
Git#8>remote: Counting objects:  69% (93/134)        
Git#8>remote: Counting objects:  70% (94/134)        
Git#8>remote: Counting objects:  71% (96/134)        
Git#8>remote: Counting objects:  72% (97/134)        
Git#8>remote: Counting objects:  73% (98/134)        
Git#8>remote: Counting objects:  74% (100/134)        
Git#8>remote: Counting objects:  75% (101/134)        
Git#8>remote: Counting objects:  76% (102/134)        
Git#8>remote: Counting objects:  77% (104/134)        
Git#8>remote: Counting objects:  78% (105/134)        
Git#8>remote: Counting objects:  79% (106/134)        
Git#8>remote: Counting objects:  80% (108/134)        
Git#8>remote: Counting objects:  81% (109/134)        
Git#8>remote: Counting objects:  82% (110/134)        
Git#8>remote: Counting objects:  83% (112/134)        
Git#8>remote: Counting objects:  84% (113/134)        
Git#8>remote: Counting objects:  85% (114/134)        
Git#8>remote: Counting objects:  86% (116/134)        
Git#8>remote: Counting objects:  87% (117/134)        
Git#8>remote: Counting objects:  88% (118/134)        
Git#8>remote: Counting objects:  89% (120/134)        
Git#8>remote: Counting objects:  90% (121/134)        
Git#8>remote: Counting objects:  91% (122/134)        
Git#8>remote: Counting objects:  92% (124/134)        
Git#8>remote: Counting objects:  93% (125/134)        
Git#8>remote: Counting objects:  94% (126/134)        
Git#8>remote: Counting objects:  95% (128/134)        
Git#8>remote: Counting objects:  96% (129/134)        
Git#8>remote: Counting objects:  97% (130/134)        
Git#8>remote: Counting objects:  98% (132/134)        
Git#8>remote: Counting objects:  99% (133/134)        
Git#8>remote: Counting objects: 100% (134/134)        
Git#8>remote: Counting objects: 100% (134/134), done.        
Git#8>remote: Compressing objects:   0% (1/104)        
Git#8>remote: Compressing objects:   1% (2/104)        
Git#8>remote: Compressing objects:   2% (3/104)        
Git#8>remote: Compressing objects:   3% (4/104)        
Git#8>remote: Compressing objects:   4% (5/104)        
Git#8>remote: Compressing objects:   5% (6/104)        
Git#8>remote: Compressing objects:   6% (7/104)        
Git#8>remote: Compressing objects:   7% (8/104)        
Git#8>remote: Compressing objects:   8% (9/104)        
Git#8>remote: Compressing objects:   9% (10/104)        
Git#8>remote: Compressing objects:  10% (11/104)        
Git#8>remote: Compressing objects:  11% (12/104)        
Git#8>remote: Compressing objects:  12% (13/104)        
Git#8>remote: Compressing objects:  13% (14/104)        
Git#8>remote: Compressing objects:  14% (15/104)        
Git#8>remote: Compressing objects:  15% (16/104)        
Git#8>remote: Compressing objects:  16% (17/104)        
Git#8>remote: Compressing objects:  17% (18/104)        
Git#8>remote: Compressing objects:  18% (19/104)        
Git#8>remote: Compressing objects:  19% (20/104)        
Git#8>remote: Compressing objects:  20% (21/104)        
Git#8>remote: Compressing objects:  21% (22/104)        
Git#8>remote: Compressing objects:  22% (23/104)        
Git#8>remote: Compressing objects:  23% (24/104)        
Git#8>remote: Compressing objects:  24% (25/104)        
Git#8>remote: Compressing objects:  25% (26/104)        
Git#8>remote: Compressing objects:  26% (28/104)        
Git#8>remote: Compressing objects:  27% (29/104)        
Git#8>remote: Compressing objects:  28% (30/104)        
Git#8>remote: Compressing objects:  29% (31/104)        
Git#8>remote: Compressing objects:  30% (32/104)        
Git#8>remote: Compressing objects:  31% (33/104)        
Git#8>remote: Compressing objects:  32% (34/104)        
Git#8>remote: Compressing objects:  33% (35/104)        
Git#8>remote: Compressing objects:  34% (36/104)        
Git#8>remote: Compressing objects:  35% (37/104)        
Git#8>remote: Compressing objects:  36% (38/104)        
Git#8>remote: Compressing objects:  37% (39/104)        
Git#8>remote: Compressing objects:  38% (40/104)        
Git#8>remote: Compressing objects:  39% (41/104)        
Git#8>remote: Compressing objects:  40% (42/104)        
Git#8>remote: Compressing objects:  41% (43/104)        
Git#8>remote: Compressing objects:  42% (44/104)        
Git#8>remote: Compressing objects:  43% (45/104)        
Git#8>remote: Compressing objects:  44% (46/104)        
Git#8>remote: Compressing objects:  45% (47/104)        
Git#8>remote: Compressing objects:  46% (48/104)        
Git#8>remote: Compressing objects:  47% (49/104)        
Git#8>remote: Compressing objects:  48% (50/104)        
Git#8>remote: Compressing objects:  49% (51/104)        
Git#8>remote: Compressing objects:  50% (52/104)        
Git#8>remote: Compressing objects:  51% (54/104)        
Git#8>remote: Compressing objects:  52% (55/104)        
Git#8>remote: Compressing objects:  53% (56/104)        
Git#8>remote: Compressing objects:  54% (57/104)        
Git#8>remote: Compressing objects:  55% (58/104)        
Git#8>remote: Compressing objects:  56% (59/104)        
Git#8>remote: Compressing objects:  57% (60/104)        
Git#8>remote: Compressing objects:  58% (61/104)        
Git#8>remote: Compressing objects:  59% (62/104)        
Git#8>remote: Compressing objects:  60% (63/104)        
Git#8>remote: Compressing objects:  61% (64/104)        
Git#8>remote: Compressing objects:  62% (65/104)        
Git#8>remote: Compressing objects:  63% (66/104)        
Git#8>remote: Compressing objects:  64% (67/104)        
Git#8>remote: Compressing objects:  65% (68/104)        
Git#8>remote: Compressing objects:  66% (69/104)        
Git#8>remote: Compressing objects:  67% (70/104)        
Git#8>remote: Compressing objects:  68% (71/104)        
Git#8>remote: Compressing objects:  69% (72/104)        
Git#8>remote: Compressing objects:  70% (73/104)        
Git#8>remote: Compressing objects:  71% (74/104)        
Git#8>remote: Compressing objects:  72% (75/104)        
Git#8>remote: Compressing objects:  73% (76/104)        
Git#8>remote: Compressing objects:  74% (77/104)        
Git#8>remote: Compressing objects:  75% (78/104)        
Git#8>remote: Compressing objects:  76% (80/104)        
Git#8>remote: Compressing objects:  77% (81/104)        
Git#8>remote: Compressing objects:  78% (82/104)        
Git#8>remote: Compressing objects:  79% (83/104)        
Git#8>remote: Compressing objects:  80% (84/104)        
Git#8>remote: Compressing objects:  81% (85/104)        
Git#9>remote: Enumerating objects: 43, done.        
Git#9>remote: Counting objects:   2% (1/43)        
Git#9>remote: Counting objects:   4% (2/43)        
Git#9>remote: Counting objects:   6% (3/43)        
Git#9>remote: Counting objects:   9% (4/43)        
Git#9>remote: Counting objects:  11% (5/43)        
Git#9>remote: Counting objects:  13% (6/43)        
Git#9>remote: Counting objects:  16% (7/43)        
Git#9>remote: Counting objects:  18% (8/43)        
Git#9>remote: Counting objects:  20% (9/43)        
Git#9>remote: Counting objects:  23% (10/43)        
Git#9>remote: Counting objects:  25% (11/43)        
Git#9>remote: Counting objects:  27% (12/43)        
Git#9>remote: Counting objects:  30% (13/43)        
Git#9>remote: Counting objects:  32% (14/43)        
Git#9>remote: Counting objects:  34% (15/43)        
Git#9>remote: Counting objects:  37% (16/43)        
Git#9>remote: Counting objects:  39% (17/43)        
Git#9>remote: Counting objects:  41% (18/43)        
Git#9>remote: Counting objects:  44% (19/43)        
Git#9>remote: Counting objects:  46% (20/43)        
Git#9>remote: Counting objects:  48% (21/43)        
Git#9>remote: Counting objects:  51% (22/43)        
Git#9>remote: Counting objects:  53% (23/43)        
Git#9>remote: Counting objects:  55% (24/43)        
Git#9>remote: Counting objects:  58% (25/43)        
Git#9>remote: Counting objects:  60% (26/43)        
Git#9>remote: Counting objects:  62% (27/43)        
Git#9>remote: Counting objects:  65% (28/43)        
Git#9>remote: Counting objects:  67% (29/43)        
Git#9>remote: Counting objects:  69% (30/43)        
Git#9>remote: Counting objects:  72% (31/43)        
Git#9>remote: Counting objects:  74% (32/43)        
Git#9>remote: Counting objects:  76% (33/43)        
Git#9>remote: Counting objects:  79% (34/43)        
Git#9>remote: Counting objects:  81% (35/43)        
Git#9>remote: Counting objects:  83% (36/43)        
Git#9>remote: Counting objects:  86% (37/43)        
Git#9>remote: Counting objects:  88% (38/43)        
Git#9>remote: Counting objects:  90% (39/43)        
Git#9>remote: Counting objects:  93% (40/43)        
Git#9>remote: Counting objects:  95% (41/43)        
Git#9>remote: Counting objects:  97% (42/43)        
Git#9>remote: Counting objects: 100% (43/43)        
Git#9>remote: Counting objects: 100% (43/43), done.        
Git#7>remote: Enumerating objects: 99, done.        
Git#7>remote: Counting objects:   1% (1/99)        
Git#7>remote: Counting objects:   2% (2/99)        
Git#7>remote: Counting objects:   3% (3/99)        
Git#7>remote: Counting objects:   4% (4/99)        
Git#7>remote: Counting objects:   5% (5/99)        
Git#7>remote: Counting objects:   6% (6/99)        
Git#7>remote: Counting objects:   7% (7/99)        
Git#7>remote: Counting objects:   8% (8/99)        
Git#7>remote: Counting objects:   9% (9/99)        
Git#7>remote: Counting objects:  10% (10/99)        
Git#7>remote: Counting objects:  11% (11/99)        
Git#7>remote: Counting objects:  12% (12/99)        
Git#7>remote: Counting objects:  13% (13/99)        
Git#7>remote: Counting objects:  14% (14/99)        
Git#7>remote: Counting objects:  15% (15/99)        
Git#7>remote: Counting objects:  16% (16/99)        
Git#7>remote: Counting objects:  17% (17/99)        
Git#7>remote: Counting objects:  18% (18/99)        
Git#7>remote: Counting objects:  19% (19/99)        
Git#7>remote: Counting objects:  20% (20/99)        
Git#7>remote: Counting objects:  21% (21/99)        
Git#7>remote: Counting objects:  22% (22/99)        
Git#7>remote: Counting objects:  23% (23/99)        
Git#7>remote: Counting objects:  24% (24/99)        
Git#7>remote: Counting objects:  25% (25/99)        
Git#7>remote: Counting objects:  26% (26/99)        
Git#7>remote: Counting objects:  27% (27/99)        
Git#7>remote: Counting objects:  28% (28/99)        
Git#7>remote: Counting objects:  29% (29/99)        
Git#7>remote: Counting objects:  30% (30/99)        
Git#7>remote: Counting objects:  31% (31/99)        
Git#7>remote: Counting objects:  32% (32/99)        
Git#7>remote: Counting objects:  33% (33/99)        
Git#7>remote: Counting objects:  34% (34/99)        
Git#9>remote: Compressing objects:   2% (1/36)        
Git#9>remote: Compressing objects:   5% (2/36)        
Git#9>remote: Compressing objects:   8% (3/36)        
Git#9>remote: Compressing objects:  11% (4/36)        
Git#9>remote: Compressing objects:  13% (5/36)        
Git#9>remote: Compressing objects:  16% (6/36)        
Git#9>remote: Compressing objects:  19% (7/36)        
Git#9>remote: Compressing objects:  22% (8/36)        
Git#9>remote: Compressing objects:  25% (9/36)        
Git#9>remote: Compressing objects:  27% (10/36)        
Git#9>remote: Compressing objects:  30% (11/36)        
Git#9>remote: Compressing objects:  33% (12/36)        
Git#9>remote: Compressing objects:  36% (13/36)        
Git#9>remote: Compressing objects:  38% (14/36)        
Git#9>remote: Compressing objects:  41% (15/36)        
Git#9>remote: Compressing objects:  44% (16/36)        
Git#9>remote: Compressing objects:  47% (17/36)        
Git#9>remote: Compressing objects:  50% (18/36)        
Git#9>remote: Compressing objects:  52% (19/36)        
Git#9>remote: Compressing objects:  55% (20/36)        
Git#9>remote: Compressing objects:  58% (21/36)        
Git#9>remote: Compressing objects:  61% (22/36)        
Git#9>remote: Compressing objects:  63% (23/36)        
Git#9>remote: Compressing objects:  66% (24/36)        
Git#9>remote: Compressing objects:  69% (25/36)        
Git#9>remote: Compressing objects:  72% (26/36)        
Git#9>remote: Compressing objects:  75% (27/36)        
Git#9>remote: Compressing objects:  77% (28/36)        
Git#9>remote: Compressing objects:  80% (29/36)        
Git#9>remote: Compressing objects:  83% (30/36)        
Git#9>remote: Compressing objects:  86% (31/36)        
Git#9>remote: Compressing objects:  88% (32/36)        
Git#9>remote: Compressing objects:  91% (33/36)        
Git#9>remote: Compressing objects:  94% (34/36)        
Git#9>remote: Compressing objects:  97% (35/36)        
Git#9>remote: Compressing objects: 100% (36/36)        
Git#9>remote: Compressing objects: 100% (36/36), done.        
Git#7>remote: Counting objects:  35% (35/99)        
Git#7>remote: Counting objects:  36% (36/99)        
Git#7>remote: Counting objects:  37% (37/99)        
Git#7>remote: Counting objects:  38% (38/99)        
Git#7>remote: Counting objects:  39% (39/99)        
Git#7>remote: Counting objects:  40% (40/99)        
Git#7>remote: Counting objects:  41% (41/99)        
Git#7>remote: Counting objects:  42% (42/99)        
Git#7>remote: Counting objects:  43% (43/99)        
Git#7>remote: Counting objects:  44% (44/99)        
Git#7>remote: Counting objects:  45% (45/99)        
Git#7>remote: Counting objects:  46% (46/99)        
Git#7>remote: Counting objects:  47% (47/99)        
Git#7>remote: Counting objects:  48% (48/99)        
Git#7>remote: Counting objects:  49% (49/99)        
Git#7>remote: Counting objects:  50% (50/99)        
Git#7>remote: Counting objects:  51% (51/99)        
Git#7>remote: Counting objects:  52% (52/99)        
Git#7>remote: Counting objects:  53% (53/99)        
Git#7>remote: Counting objects:  54% (54/99)        
Git#7>remote: Counting objects:  55% (55/99)        
Git#7>remote: Counting objects:  56% (56/99)        
Git#7>remote: Counting objects:  57% (57/99)        
Git#7>remote: Counting objects:  58% (58/99)        
Git#7>remote: Counting objects:  59% (59/99)        
Git#7>remote: Counting objects:  60% (60/99)        
Git#7>remote: Counting objects:  61% (61/99)        
Git#7>remote: Counting objects:  62% (62/99)        
Git#7>remote: Counting objects:  63% (63/99)        
Git#7>remote: Counting objects:  64% (64/99)        
Git#7>remote: Counting objects:  65% (65/99)        
Git#7>remote: Counting objects:  66% (66/99)        
Git#7>remote: Counting objects:  67% (67/99)        
Git#7>remote: Counting objects:  68% (68/99)        
Git#7>remote: Counting objects:  69% (69/99)        
Git#7>remote: Counting objects:  70% (70/99)        
Git#7>remote: Counting objects:  71% (71/99)        
Git#7>remote: Counting objects:  72% (72/99)        
Git#7>remote: Counting objects:  73% (73/99)        
Git#7>remote: Counting objects:  74% (74/99)        
Git#7>remote: Counting objects:  75% (75/99)        
Git#7>remote: Counting objects:  76% (76/99)        
Git#7>remote: Counting objects:  77% (77/99)        
Git#7>remote: Counting objects:  78% (78/99)        
Git#7>remote: Counting objects:  79% (79/99)        
Git#7>remote: Counting objects:  80% (80/99)        
Git#7>remote: Counting objects:  81% (81/99)        
Git#7>remote: Counting objects:  82% (82/99)        
Git#7>remote: Counting objects:  83% (83/99)        
Git#7>remote: Counting objects:  84% (84/99)        
Git#7>remote: Counting objects:  85% (85/99)        
Git#7>remote: Counting objects:  86% (86/99)        
Git#7>remote: Counting objects:  87% (87/99)        
Git#7>remote: Counting objects:  88% (88/99)        
Git#7>remote: Counting objects:  89% (89/99)        
Git#7>remote: Counting objects:  90% (90/99)        
Git#7>remote: Counting objects:  91% (91/99)        
Git#7>remote: Counting objects:  92% (92/99)        
Git#7>remote: Counting objects:  93% (93/99)        
Git#7>remote: Counting objects:  94% (94/99)        
Git#7>remote: Counting objects:  95% (95/99)        
Git#7>remote: Counting objects:  96% (96/99)        
Git#7>remote: Counting objects:  97% (97/99)        
Git#7>remote: Counting objects:  98% (98/99)        
Git#7>remote: Counting objects: 100% (99/99)        
Git#7>remote: Counting objects: 100% (99/99), done.        
Git#7>remote: Compressing objects:   1% (1/72)        
Git#7>remote: Compressing objects:   2% (2/72)        
Git#7>remote: Compressing objects:   4% (3/72)        
Git#7>remote: Compressing objects:   5% (4/72)        
Git#7>remote: Compressing objects:   6% (5/72)        
Git#7>remote: Compressing objects:   8% (6/72)        
Git#7>remote: Compressing objects:   9% (7/72)        
Git#7>remote: Compressing objects:  11% (8/72)        
Git#7>remote: Compressing objects:  12% (9/72)        
Git#7>remote: Compressing objects:  13% (10/72)        
Git#7>remote: Compressing objects:  15% (11/72)        
Git#7>remote: Compressing objects:  16% (12/72)        
Git#7>remote: Compressing objects:  18% (13/72)        
Git#7>remote: Compressing objects:  19% (14/72)        
Git#7>remote: Compressing objects:  20% (15/72)        
Git#7>remote: Compressing objects:  22% (16/72)        
Git#7>remote: Compressing objects:  23% (17/72)        
Git#7>remote: Compressing objects:  25% (18/72)        
Git#7>remote: Compressing objects:  26% (19/72)        
Git#7>remote: Compressing objects:  27% (20/72)        
Git#7>remote: Compressing objects:  29% (21/72)        
Git#7>remote: Compressing objects:  30% (22/72)        
Git#7>remote: Compressing objects:  31% (23/72)        
Git#7>remote: Compressing objects:  33% (24/72)        
Git#7>remote: Compressing objects:  34% (25/72)        
Git#7>remote: Compressing objects:  36% (26/72)        
Git#7>remote: Compressing objects:  37% (27/72)        
Git#7>remote: Compressing objects:  38% (28/72)        
Git#7>remote: Compressing objects:  40% (29/72)        
Git#7>remote: Compressing objects:  41% (30/72)        
Git#7>remote: Compressing objects:  43% (31/72)        
Git#7>remote: Compressing objects:  44% (32/72)        
Git#7>remote: Compressing objects:  45% (33/72)        
Git#7>remote: Compressing objects:  47% (34/72)        
Git#7>remote: Compressing objects:  48% (35/72)        
Git#7>remote: Compressing objects:  50% (36/72)        
Git#7>remote: Compressing objects:  51% (37/72)        
Git#7>remote: Compressing objects:  52% (38/72)        
Git#7>remote: Compressing objects:  54% (39/72)        
Git#7>remote: Compressing objects:  55% (40/72)        
Git#7>remote: Compressing objects:  56% (41/72)        
Git#7>remote: Compressing objects:  58% (42/72)        
Git#7>remote: Compressing objects:  59% (43/72)        
Git#7>remote: Compressing objects:  61% (44/72)        
Git#7>remote: Compressing objects:  62% (45/72)        
Git#7>remote: Compressing objects:  63% (46/72)        
Git#8>remote: Compressing objects:  82% (86/104)        
Git#8>remote: Compressing objects:  83% (87/104)        
Git#8>remote: Compressing objects:  84% (88/104)        
Git#8>remote: Compressing objects:  85% (89/104)        
Git#8>remote: Compressing objects:  86% (90/104)        
Git#8>remote: Compressing objects:  87% (91/104)        
Git#8>remote: Compressing objects:  88% (92/104)        
Git#8>remote: Compressing objects:  89% (93/104)        
Git#8>remote: Compressing objects:  90% (94/104)        
Git#8>remote: Compressing objects:  91% (95/104)        
Git#8>remote: Compressing objects:  92% (96/104)        
Git#8>remote: Compressing objects:  93% (97/104)        
Git#8>remote: Compressing objects:  94% (98/104)        
Git#8>remote: Compressing objects:  95% (99/104)        
Git#8>remote: Compressing objects:  96% (100/104)        
Git#8>remote: Compressing objects:  97% (101/104)        
Git#8>remote: Compressing objects:  98% (102/104)        
Git#8>remote: Compressing objects:  99% (103/104)        
Git#8>remote: Compressing objects: 100% (104/104)        
Git#8>remote: Compressing objects: 100% (104/104), done.        
Git#8>Receiving objects:   0% (1/246)
Git#8>Receiving objects:   1% (3/246)
Git#8>Receiving objects:   2% (5/246)
Git#8>Receiving objects:   3% (8/246)
Git#8>Receiving objects:   4% (10/246)
Git#8>Receiving objects:   5% (13/246)
Git#8>Receiving objects:   6% (15/246)
Git#8>Receiving objects:   7% (18/246)
Git#8>Receiving objects:   8% (20/246)
Git#8>Receiving objects:   9% (23/246)
Git#8>Receiving objects:  10% (25/246)
Git#8>Receiving objects:  11% (28/246)
Git#8>Receiving objects:  12% (30/246)
Git#8>Receiving objects:  13% (32/246)
Git#8>Receiving objects:  14% (35/246)
Git#8>Receiving objects:  15% (37/246)
Git#8>Receiving objects:  16% (40/246)
Git#8>Receiving objects:  17% (42/246)
Git#8>Receiving objects:  18% (45/246)
Git#8>Receiving objects:  19% (47/246)
Git#8>Receiving objects:  20% (50/246)
Git#8>Receiving objects:  21% (52/246)
Git#8>Receiving objects:  22% (55/246)
Git#8>Receiving objects:  23% (57/246)
Git#8>Receiving objects:  24% (60/246)
Git#8>Receiving objects:  25% (62/246)
Git#8>Receiving objects:  26% (64/246)
Git#8>Receiving objects:  27% (67/246)
Git#8>Receiving objects:  28% (69/246)
Git#8>Receiving objects:  29% (72/246)
Git#8>Receiving objects:  30% (74/246)
Git#8>Receiving objects:  31% (77/246)
Git#8>Receiving objects:  32% (79/246)
Git#8>Receiving objects:  33% (82/246)
Git#8>Receiving objects:  34% (84/246)
Git#8>Receiving objects:  35% (87/246)
Git#8>Receiving objects:  36% (89/246)
Git#8>Receiving objects:  37% (92/246)
Git#8>Receiving objects:  38% (94/246)
Git#8>Receiving objects:  39% (96/246)
Git#8>Receiving objects:  40% (99/246)
Git#8>Receiving objects:  41% (101/246)
Git#8>Receiving objects:  42% (104/246)
Git#8>Receiving objects:  43% (106/246)
Git#8>Receiving objects:  44% (109/246)
Git#8>Receiving objects:  45% (111/246)
Git#8>Receiving objects:  46% (114/246)
Git#8>Receiving objects:  47% (116/246)
Git#8>Receiving objects:  48% (119/246)
Git#8>Receiving objects:  49% (121/246)
Git#8>Receiving objects:  50% (123/246)
Git#8>Receiving objects:  51% (126/246)
Git#8>Receiving objects:  52% (128/246)
Git#8>Receiving objects:  53% (131/246)
Git#8>Receiving objects:  54% (133/246)
Git#8>Receiving objects:  55% (136/246)
Git#9>remote: Total 43 (delta 3), reused 43 (delta 3), pack-reused 0 (from 0)        
Git#9>Receiving objects:   2% (1/43)
Git#9>Receiving objects:   4% (2/43)
Git#9>Receiving objects:   6% (3/43)
Git#9>Receiving objects:   9% (4/43)
Git#9>Receiving objects:  11% (5/43)
Git#9>Receiving objects:  13% (6/43)
Git#9>Receiving objects:  16% (7/43)
Git#9>Receiving objects:  18% (8/43)
Git#9>Receiving objects:  20% (9/43)
Git#9>Receiving objects:  23% (10/43)
Git#9>Receiving objects:  25% (11/43)
Git#9>Receiving objects:  27% (12/43)
Git#9>Receiving objects:  30% (13/43)
Git#9>Receiving objects:  32% (14/43)
Git#9>Receiving objects:  34% (15/43)
Git#9>Receiving objects:  37% (16/43)
Git#9>Receiving objects:  39% (17/43)
Git#9>Receiving objects:  41% (18/43)
Git#9>Receiving objects:  44% (19/43)
Git#9>Receiving objects:  46% (20/43)
Git#9>Receiving objects:  48% (21/43)
Git#9>Receiving objects:  51% (22/43)
Git#9>Receiving objects:  53% (23/43)
Git#9>Receiving objects:  55% (24/43)
Git#9>Receiving objects:  58% (25/43)
Git#9>Receiving objects:  60% (26/43)
Git#9>Receiving objects:  62% (27/43)
Git#9>Receiving objects:  65% (28/43)
Git#9>Receiving objects:  67% (29/43)
Git#9>Receiving objects:  69% (30/43)
Git#9>Receiving objects:  72% (31/43)
Git#9>Receiving objects:  74% (32/43)
Git#9>Receiving objects:  76% (33/43)
Git#9>Receiving objects:  79% (34/43)
Git#9>Receiving objects:  81% (35/43)
Git#9>Receiving objects:  83% (36/43)
Git#9>Receiving objects:  86% (37/43)
Git#9>Receiving objects:  88% (38/43)
Git#9>Receiving objects:  90% (39/43)
Git#9>Receiving objects:  93% (40/43)
Git#9>Receiving objects:  95% (41/43)
Git#9>Receiving objects:  97% (42/43)
Git#9>Receiving objects: 100% (43/43)
Git#9>Receiving objects: 100% (43/43), 11.11 KiB | 3.70 MiB/s, done.
Git#7>remote: Compressing objects:  65% (47/72)        
Git#7>remote: Compressing objects:  66% (48/72)        
Git#7>remote: Compressing objects:  68% (49/72)        
Git#7>remote: Compressing objects:  69% (50/72)        
Git#7>remote: Compressing objects:  70% (51/72)        
Git#7>remote: Compressing objects:  72% (52/72)        
Git#7>remote: Compressing objects:  73% (53/72)        
Git#7>remote: Compressing objects:  75% (54/72)        
Git#7>remote: Compressing objects:  76% (55/72)        
Git#7>remote: Compressing objects:  77% (56/72)        
Git#7>remote: Compressing objects:  79% (57/72)        
Git#7>remote: Compressing objects:  80% (58/72)        
Git#7>remote: Compressing objects:  81% (59/72)        
Git#7>remote: Compressing objects:  83% (60/72)        
Git#7>remote: Compressing objects:  84% (61/72)        
Git#7>remote: Compressing objects:  86% (62/72)        
Git#7>remote: Compressing objects:  87% (63/72)        
Git#7>remote: Compressing objects:  88% (64/72)        
Git#7>remote: Compressing objects:  90% (65/72)        
Git#7>remote: Compressing objects:  91% (66/72)        
Git#7>remote: Compressing objects:  93% (67/72)        
Git#7>remote: Compressing objects:  94% (68/72)        
Git#7>remote: Compressing objects:  95% (69/72)        
Git#7>remote: Compressing objects:  97% (70/72)        
Git#7>remote: Compressing objects:  98% (71/72)        
Git#7>remote: Compressing objects: 100% (72/72)        
Git#7>remote: Compressing objects: 100% (72/72), done.        
Git#7>remote: Total 99 (delta 16), reused 96 (delta 15), pack-reused 0 (from 0)        
Git#7>Receiving objects:   1% (1/99)
Git#7>Receiving objects:   2% (2/99)
Git#7>Receiving objects:   3% (3/99)
Git#7>Receiving objects:   4% (4/99)
Git#7>Receiving objects:   5% (5/99)
Git#7>Receiving objects:   6% (6/99)
Git#7>Receiving objects:   7% (7/99)
Git#7>Receiving objects:   8% (8/99)
Git#7>Receiving objects:   9% (9/99)
Git#7>Receiving objects:  10% (10/99)
Git#7>Receiving objects:  11% (11/99)
Git#7>Receiving objects:  12% (12/99)
Git#7>Receiving objects:  13% (13/99)
Git#7>Receiving objects:  14% (14/99)
Git#7>Receiving objects:  15% (15/99)
Git#7>Receiving objects:  16% (16/99)
Git#7>Receiving objects:  17% (17/99)
Git#7>Receiving objects:  18% (18/99)
Git#7>Receiving objects:  19% (19/99)
Git#7>Receiving objects:  20% (20/99)
Git#7>Receiving objects:  21% (21/99)
Git#7>Receiving objects:  22% (22/99)
Git#7>Receiving objects:  23% (23/99)
Git#7>Receiving objects:  24% (24/99)
Git#7>Receiving objects:  25% (25/99)
Git#7>Receiving objects:  26% (26/99)
Git#7>Receiving objects:  27% (27/99)
Git#7>Receiving objects:  28% (28/99)
Git#7>Receiving objects:  29% (29/99)
Git#7>Receiving objects:  30% (30/99)
Git#7>Receiving objects:  31% (31/99)
Git#7>Receiving objects:  32% (32/99)
Git#7>Receiving objects:  33% (33/99)
Git#7>Receiving objects:  34% (34/99)
Git#7>Receiving objects:  35% (35/99)
Git#7>Receiving objects:  36% (36/99)
Git#7>Receiving objects:  37% (37/99)
Git#7>Receiving objects:  38% (38/99)
Git#7>Receiving objects:  39% (39/99)
Git#7>Receiving objects:  40% (40/99)
Git#7>Receiving objects:  41% (41/99)
Git#7>Receiving objects:  42% (42/99)
Git#7>Receiving objects:  43% (43/99)
Git#7>Receiving objects:  44% (44/99)
Git#7>Receiving objects:  45% (45/99)
Git#7>Receiving objects:  46% (46/99)
Git#7>Receiving objects:  47% (47/99)
Git#7>Receiving objects:  48% (48/99)
Git#7>Receiving objects:  49% (49/99)
Git#7>Receiving objects:  50% (50/99)
Git#7>Receiving objects:  51% (51/99)
Git#7>Receiving objects:  52% (52/99)
Git#7>Receiving objects:  53% (53/99)
Git#7>Receiving objects:  54% (54/99)
Git#7>Receiving objects:  55% (55/99)
Git#7>Receiving objects:  56% (56/99)
Git#7>Receiving objects:  57% (57/99)
Git#7>Receiving objects:  58% (58/99)
Git#7>Receiving objects:  59% (59/99)
Git#7>Receiving objects:  60% (60/99)
Git#7>Receiving objects:  61% (61/99)
Git#7>Receiving objects:  62% (62/99)
Git#7>Receiving objects:  63% (63/99)
Git#7>Receiving objects:  64% (64/99)
Git#7>Receiving objects:  65% (65/99)
Git#7>Receiving objects:  66% (66/99)
Git#7>Receiving objects:  67% (67/99)
Git#7>Receiving objects:  68% (68/99)
Git#7>Receiving objects:  69% (69/99)
Git#7>Receiving objects:  70% (70/99)
Git#7>Receiving objects:  71% (71/99)
Git#7>Receiving objects:  72% (72/99)
Git#7>Receiving objects:  73% (73/99)
Git#7>Receiving objects:  74% (74/99)
Git#7>Receiving objects:  75% (75/99)
Git#7>Receiving objects:  76% (76/99)
Git#7>Receiving objects:  77% (77/99)
Git#7>Receiving objects:  78% (78/99)
Git#7>Receiving objects:  79% (79/99)
Git#7>Receiving objects:  80% (80/99)
Git#7>Receiving objects:  81% (81/99)
Git#7>Receiving objects:  82% (82/99)
Git#7>Receiving objects:  83% (83/99)
Git#7>Receiving objects:  84% (84/99)
Git#7>Receiving objects:  85% (85/99)
Git#7>Receiving objects:  86% (86/99)
Git#7>Receiving objects:  87% (87/99)
Git#7>Receiving objects:  88% (88/99)
Git#7>Receiving objects:  89% (89/99)
Git#7>Receiving objects:  90% (90/99)
Git#9>Resolving deltas:   0% (0/3)
Git#9>Resolving deltas:  33% (1/3)
Git#9>Resolving deltas:  66% (2/3)
Git#9>Resolving deltas: 100% (3/3)
Git#9>Resolving deltas: 100% (3/3), done.
Git#8>remote: Total 246 (delta 51), reused 100 (delta 21), pack-reused 112 (from 1)        
Git#8>Receiving objects:  56% (138/246)
Git#8>Receiving objects:  57% (141/246)
Git#8>Receiving objects:  58% (143/246)
Git#8>Receiving objects:  59% (146/246)
Git#8>Receiving objects:  60% (148/246)
Git#8>Receiving objects:  61% (151/246)
Git#8>Receiving objects:  62% (153/246)
Git#8>Receiving objects:  63% (155/246)
Git#8>Receiving objects:  64% (158/246)
Git#8>Receiving objects:  65% (160/246)
Git#8>Receiving objects:  66% (163/246)
Git#8>Receiving objects:  67% (165/246)
Git#8>Receiving objects:  68% (168/246)
Git#8>Receiving objects:  69% (170/246)
Git#8>Receiving objects:  70% (173/246)
Git#8>Receiving objects:  71% (175/246)
Git#8>Receiving objects:  72% (178/246)
Git#8>Receiving objects:  73% (180/246)
Git#8>Receiving objects:  74% (183/246)
Git#8>Receiving objects:  75% (185/246)
Git#8>Receiving objects:  76% (187/246)
Git#8>Receiving objects:  77% (190/246)
Git#8>Receiving objects:  78% (192/246)
Git#8>Receiving objects:  79% (195/246)
Git#8>Receiving objects:  80% (197/246)
Git#8>Receiving objects:  81% (200/246)
Git#8>Receiving objects:  82% (202/246)
Git#8>Receiving objects:  83% (205/246)
Git#8>Receiving objects:  84% (207/246)
Git#8>Receiving objects:  85% (210/246)
Git#8>Receiving objects:  86% (212/246)
Git#8>Receiving objects:  87% (215/246)
Git#8>Receiving objects:  88% (217/246)
Git#8>Receiving objects:  89% (219/246)
Git#8>Receiving objects:  90% (222/246)
Git#8>Receiving objects:  91% (224/246)
Git#8>Receiving objects:  92% (227/246)
Git#8>Receiving objects:  93% (229/246)
Git#8>Receiving objects:  94% (232/246)
Git#8>Receiving objects:  95% (234/246)
Git#8>Receiving objects:  96% (237/246)
Git#8>Receiving objects:  97% (239/246)
Git#8>Receiving objects:  98% (242/246)
Git#8>Receiving objects:  99% (244/246)
Git#8>Receiving objects: 100% (246/246)
Git#8>Receiving objects: 100% (246/246), 40.90 KiB | 1021.00 KiB/s, done.
Git#7>Receiving objects:  91% (91/99)
Git#7>Receiving objects:  92% (92/99)
Git#7>Receiving objects:  93% (93/99)
Git#7>Receiving objects:  94% (94/99)
Git#7>Receiving objects:  95% (95/99)
Git#7>Receiving objects:  96% (96/99)
Git#7>Receiving objects:  97% (97/99)
Git#7>Receiving objects:  98% (98/99)
Git#7>Receiving objects: 100% (99/99)
Git#7>Receiving objects: 100% (99/99), 16.86 KiB | 2.41 MiB/s, done.
Git#7>Resolving deltas:   0% (0/16)
Git#7>Resolving deltas:   6% (1/16)
Git#7>Resolving deltas:  12% (2/16)
Git#7>Resolving deltas:  25% (4/16)
Git#7>Resolving deltas:  31% (5/16)
Git#7>Resolving deltas:  37% (6/16)
Git#7>Resolving deltas:  43% (7/16)
Git#7>Resolving deltas:  50% (8/16)
Git#7>Resolving deltas:  56% (9/16)
Git#7>Resolving deltas:  62% (10/16)
Git#7>Resolving deltas:  68% (11/16)
Git#7>Resolving deltas:  75% (12/16)
Git#7>Resolving deltas:  81% (13/16)
Git#7>Resolving deltas:  87% (14/16)
Git#7>Resolving deltas:  93% (15/16)
Git#7>Resolving deltas: 100% (16/16)
Git#7>Resolving deltas: 100% (16/16), done.
Git#8>Resolving deltas:   0% (0/74)
Git#8>Resolving deltas:   1% (1/74)
Git#8>Resolving deltas:   2% (2/74)
Git#8>Resolving deltas:   4% (3/74)
Git#8>Resolving deltas:   6% (5/74)
Git#8>Resolving deltas:   8% (6/74)
Git#8>Resolving deltas:   9% (7/74)
Git#8>Resolving deltas:  10% (8/74)
Git#8>Resolving deltas:  12% (9/74)
Git#8>Resolving deltas:  13% (10/74)
Git#8>Resolving deltas:  14% (11/74)
Git#8>Resolving deltas:  16% (12/74)
Git#8>Resolving deltas:  17% (13/74)
Git#8>Resolving deltas:  18% (14/74)
Git#8>Resolving deltas:  20% (15/74)
Git#8>Resolving deltas:  21% (16/74)
Git#8>Resolving deltas:  25% (19/74)
Git#8>Resolving deltas:  28% (21/74)
Git#8>Resolving deltas:  29% (22/74)
Git#8>Resolving deltas:  31% (23/74)
Git#8>Resolving deltas:  32% (24/74)
Git#8>Resolving deltas:  33% (25/74)
Git#8>Resolving deltas:  35% (26/74)
Git#8>Resolving deltas:  36% (27/74)
Git#8>Resolving deltas:  37% (28/74)
Git#8>Resolving deltas:  39% (29/74)
Git#8>Resolving deltas:  40% (30/74)
Git#8>Resolving deltas:  41% (31/74)
Git#8>Resolving deltas:  43% (32/74)
Git#8>Resolving deltas:  44% (33/74)
Git#8>Resolving deltas:  45% (34/74)
Git#8>Resolving deltas:  50% (37/74)
Git#8>Resolving deltas:  51% (38/74)
Git#8>Resolving deltas:  52% (39/74)
Git#8>Resolving deltas:  54% (40/74)
Git#8>Resolving deltas:  55% (41/74)
Git#8>Resolving deltas:  58% (43/74)
Git#8>Resolving deltas:  59% (44/74)
Git#8>Resolving deltas:  60% (45/74)
Git#8>Resolving deltas:  62% (46/74)
Git#8>Resolving deltas:  63% (47/74)
Git#8>Resolving deltas:  64% (48/74)
Git#8>Resolving deltas:  66% (49/74)
Git#8>Resolving deltas:  68% (51/74)
Git#8>Resolving deltas:  71% (53/74)
Git#8>Resolving deltas:  72% (54/74)
Git#8>Resolving deltas:  74% (55/74)
Git#8>Resolving deltas:  75% (56/74)
Git#8>Resolving deltas:  77% (57/74)
Git#8>Resolving deltas:  78% (58/74)
Git#8>Resolving deltas:  79% (59/74)
Git#8>Resolving deltas:  81% (60/74)
Git#8>Resolving deltas:  82% (61/74)
Git#8>Resolving deltas:  83% (62/74)
Git#8>Resolving deltas:  85% (63/74)
Git#8>Resolving deltas:  86% (64/74)
Git#8>Resolving deltas:  87% (65/74)
Git#8>Resolving deltas:  89% (66/74)
Git#8>Resolving deltas:  90% (67/74)
Git#8>Resolving deltas:  94% (70/74)
Git#8>Resolving deltas:  95% (71/74)
Git#8>Resolving deltas:  97% (72/74)
Git#8>Resolving deltas:  98% (73/74)
Git#8>Resolving deltas: 100% (74/74)
Git#8>Resolving deltas: 100% (74/74), done.
Git#9>Success: git -C C:/Desktop/PSOC_Edge_AI/Demo/01_WiFi_BLE/mtb_shared/mtb-srf clone --progress --origin cypress --no-checkout --filter=blob:none https://github.com/Infineon/mtb-srf release-v1.2.1
Git#10>Starting: git -C C:/Desktop/PSOC_Edge_AI/Demo/01_WiFi_BLE/mtb_shared/mtb-dsl-pse8xxgp clone --progress --origin cypress --no-checkout --filter=blob:none https://github.com/Infineon/mtb-dsl-pse8xxgp release-v1.7.0
Git#7>Success: git -C C:/Desktop/PSOC_Edge_AI/Demo/01_WiFi_BLE/mtb_shared/clib-support clone --progress --origin cypress --no-checkout --filter=blob:none https://github.com/cypresssemiconductorco/clib-support release-v1.9.0
Git#11>Starting: git -C C:/Desktop/PSOC_Edge_AI/Demo/01_WiFi_BLE/mtb_shared/mtb-ipc clone --progress --origin cypress --no-checkout --filter=blob:none https://github.com/Infineon/mtb-ipc release-v1.2.0
Git#8>Success: git -C C:/Desktop/PSOC_Edge_AI/Demo/01_WiFi_BLE/mtb_shared/abstraction-rtos clone --progress --origin cypress --no-checkout --filter=blob:none https://github.com/cypresssemiconductorco/abstraction-rtos release-v1.13.0
Git#12>Starting: git -C C:/Desktop/PSOC_Edge_AI/Demo/01_WiFi_BLE/mtb_shared/se-rt-services-utils clone --progress --origin cypress --no-checkout --filter=blob:none https://github.com/Infineon/se-rt-services-utils release-v1.4.0
Git#6>remote: Enumerating objects: 3485, done.        
Git#6>remote: Counting objects:   0% (1/129)        
Git#6>remote: Counting objects:   1% (2/129)        
Git#6>remote: Counting objects:   2% (3/129)        
Git#6>remote: Counting objects:   3% (4/129)        
Git#6>remote: Counting objects:   4% (6/129)        
Git#6>remote: Counting objects:   5% (7/129)        
Git#6>remote: Counting objects:   6% (8/129)        
Git#6>remote: Counting objects:   7% (10/129)        
Git#6>remote: Counting objects:   8% (11/129)        
Git#6>remote: Counting objects:   9% (12/129)        
Git#6>remote: Counting objects:  10% (13/129)        
Git#6>remote: Counting objects:  11% (15/129)        
Git#6>remote: Counting objects:  12% (16/129)        
Git#6>remote: Counting objects:  13% (17/129)        
Git#6>remote: Counting objects:  14% (19/129)        
Git#6>remote: Counting objects:  15% (20/129)        
Git#6>remote: Counting objects:  16% (21/129)        
Git#6>remote: Counting objects:  17% (22/129)        
Git#6>remote: Counting objects:  18% (24/129)        
Git#6>remote: Counting objects:  19% (25/129)        
Git#6>remote: Counting objects:  20% (26/129)        
Git#6>remote: Counting objects:  21% (28/129)        
Git#6>remote: Counting objects:  22% (29/129)        
Git#6>remote: Counting objects:  23% (30/129)        
Git#6>remote: Counting objects:  24% (31/129)        
Git#6>remote: Counting objects:  25% (33/129)        
Git#6>remote: Counting objects:  26% (34/129)        
Git#6>remote: Counting objects:  27% (35/129)        
Git#6>remote: Counting objects:  28% (37/129)        
Git#6>remote: Counting objects:  29% (38/129)        
Git#6>remote: Counting objects:  30% (39/129)        
Git#6>remote: Counting objects:  31% (40/129)        
Git#6>remote: Counting objects:  32% (42/129)        
Git#6>remote: Counting objects:  33% (43/129)        
Git#6>remote: Counting objects:  34% (44/129)        
Git#6>remote: Counting objects:  35% (46/129)        
Git#6>remote: Counting objects:  36% (47/129)        
Git#6>remote: Counting objects:  37% (48/129)        
Git#6>remote: Counting objects:  38% (50/129)        
Git#6>remote: Counting objects:  39% (51/129)        
Git#6>remote: Counting objects:  40% (52/129)        
Git#6>remote: Counting objects:  41% (53/129)        
Git#6>remote: Counting objects:  42% (55/129)        
Git#6>remote: Counting objects:  43% (56/129)        
Git#6>remote: Counting objects:  44% (57/129)        
Git#6>remote: Counting objects:  45% (59/129)        
Git#6>remote: Counting objects:  46% (60/129)        
Git#6>remote: Counting objects:  47% (61/129)        
Git#6>remote: Counting objects:  48% (62/129)        
Git#6>remote: Counting objects:  49% (64/129)        
Git#6>remote: Counting objects:  50% (65/129)        
Git#6>remote: Counting objects:  51% (66/129)        
Git#6>remote: Counting objects:  52% (68/129)        
Git#6>remote: Counting objects:  53% (69/129)        
Git#6>remote: Counting objects:  54% (70/129)        
Git#6>remote: Counting objects:  55% (71/129)        
Git#6>remote: Counting objects:  56% (73/129)        
Git#6>remote: Counting objects:  57% (74/129)        
Git#6>remote: Counting objects:  58% (75/129)        
Git#6>remote: Counting objects:  59% (77/129)        
Git#6>remote: Counting objects:  60% (78/129)        
Git#6>remote: Counting objects:  61% (79/129)        
Git#6>remote: Counting objects:  62% (80/129)        
Git#6>remote: Counting objects:  63% (82/129)        
Git#6>remote: Counting objects:  64% (83/129)        
Git#6>remote: Counting objects:  65% (84/129)        
Git#6>remote: Counting objects:  66% (86/129)        
Git#6>remote: Counting objects:  67% (87/129)        
Git#6>remote: Counting objects:  68% (88/129)        
Git#6>remote: Counting objects:  69% (90/129)        
Git#6>remote: Counting objects:  70% (91/129)        
Git#6>remote: Counting objects:  71% (92/129)        
Git#6>remote: Counting objects:  72% (93/129)        
Git#6>remote: Counting objects:  73% (95/129)        
Git#6>remote: Counting objects:  74% (96/129)        
Git#6>remote: Counting objects:  75% (97/129)        
Git#6>remote: Counting objects:  76% (99/129)        
Git#6>remote: Counting objects:  77% (100/129)        
Git#6>remote: Counting objects:  78% (101/129)        
Git#6>remote: Counting objects:  79% (102/129)        
Git#6>remote: Counting objects:  80% (104/129)        
Git#6>remote: Counting objects:  81% (105/129)        
Git#6>remote: Counting objects:  82% (106/129)        
Git#6>remote: Counting objects:  83% (108/129)        
Git#6>remote: Counting objects:  84% (109/129)        
Git#6>remote: Counting objects:  85% (110/129)        
Git#6>remote: Counting objects:  86% (111/129)        
Git#6>remote: Counting objects:  87% (113/129)        
Git#6>remote: Counting objects:  88% (114/129)        
Git#6>remote: Counting objects:  89% (115/129)        
Git#6>remote: Counting objects:  90% (117/129)        
Git#6>remote: Counting objects:  91% (118/129)        
Git#6>remote: Counting objects:  92% (119/129)        
Git#6>remote: Counting objects:  93% (120/129)        
Git#6>remote: Counting objects:  94% (122/129)        
Git#6>remote: Counting objects:  95% (123/129)        
Git#6>remote: Counting objects:  96% (124/129)        
Git#6>remote: Counting objects:  97% (126/129)        
Git#6>remote: Counting objects:  98% (127/129)        
Git#6>remote: Counting objects:  99% (128/129)        
Git#6>remote: Counting objects: 100% (129/129)        
Git#6>remote: Counting objects: 100% (129/129), done.        
Git#6>remote: Compressing objects:   2% (1/49)        
Git#6>remote: Compressing objects:   4% (2/49)        
Git#6>remote: Compressing objects:   6% (3/49)        
Git#6>remote: Compressing objects:   8% (4/49)        
Git#6>remote: Compressing objects:  10% (5/49)        
Git#6>remote: Compressing objects:  12% (6/49)        
Git#6>remote: Compressing objects:  14% (7/49)        
Git#6>remote: Compressing objects:  16% (8/49)        
Git#6>remote: Compressing objects:  18% (9/49)        
Git#6>remote: Compressing objects:  20% (10/49)        
Git#6>remote: Compressing objects:  22% (11/49)        
Git#6>remote: Compressing objects:  24% (12/49)        
Git#6>remote: Compressing objects:  26% (13/49)        
Git#6>remote: Compressing objects:  28% (14/49)        
Git#6>remote: Compressing objects:  30% (15/49)        
Git#6>remote: Compressing objects:  32% (16/49)        
Git#6>remote: Compressing objects:  34% (17/49)        
Git#6>remote: Compressing objects:  36% (18/49)        
Git#6>remote: Compressing objects:  38% (19/49)        
Git#6>remote: Compressing objects:  40% (20/49)        
Git#6>remote: Compressing objects:  42% (21/49)        
Git#6>remote: Compressing objects:  44% (22/49)        
Git#6>remote: Compressing objects:  46% (23/49)        
Git#6>remote: Compressing objects:  48% (24/49)        
Git#6>remote: Compressing objects:  51% (25/49)        
Git#6>remote: Compressing objects:  53% (26/49)        
Git#6>remote: Compressing objects:  55% (27/49)        
Git#6>remote: Compressing objects:  57% (28/49)        
Git#6>remote: Compressing objects:  59% (29/49)        
Git#6>remote: Compressing objects:  61% (30/49)        
Git#6>remote: Compressing objects:  63% (31/49)        
Git#6>remote: Compressing objects:  65% (32/49)        
Git#6>remote: Compressing objects:  67% (33/49)        
Git#6>remote: Compressing objects:  69% (34/49)        
Git#6>remote: Compressing objects:  71% (35/49)        
Git#6>remote: Compressing objects:  73% (36/49)        
Git#6>remote: Compressing objects:  75% (37/49)        
Git#6>remote: Compressing objects:  77% (38/49)        
Git#6>remote: Compressing objects:  79% (39/49)        
Git#6>remote: Compressing objects:  81% (40/49)        
Git#6>remote: Compressing objects:  83% (41/49)        
Git#6>remote: Compressing objects:  85% (42/49)        
Git#6>remote: Compressing objects:  87% (43/49)        
Git#6>remote: Compressing objects:  89% (44/49)        
Git#6>remote: Compressing objects:  91% (45/49)        
Git#6>remote: Compressing objects:  93% (46/49)        
Git#6>remote: Compressing objects:  95% (47/49)        
Git#6>remote: Compressing objects:  97% (48/49)        
Git#6>remote: Compressing objects: 100% (49/49)        
Git#6>remote: Compressing objects: 100% (49/49), done.        
Git#10>Cloning into 'release-v1.7.0'...
Git#11>Cloning into 'release-v1.2.0'...
Git#12>Cloning into 'release-v1.4.0'...
Git#6>Receiving objects:   0% (1/3485)
Git#6>Receiving objects:   1% (35/3485)
Git#6>Receiving objects:   2% (70/3485)
Git#6>Receiving objects:   3% (105/3485)
Git#6>Receiving objects:   4% (140/3485)
Git#6>Receiving objects:   5% (175/3485)
Git#6>Receiving objects:   6% (210/3485)
Git#6>Receiving objects:   7% (244/3485)
Git#6>Receiving objects:   8% (279/3485)
Git#6>Receiving objects:   9% (314/3485)
Git#6>Receiving objects:  10% (349/3485)
Git#6>Receiving objects:  11% (384/3485)
Git#6>Receiving objects:  12% (419/3485)
Git#6>Receiving objects:  13% (454/3485)
Git#6>Receiving objects:  14% (488/3485)
Git#6>Receiving objects:  15% (523/3485)
Git#6>Receiving objects:  16% (558/3485)
Git#6>Receiving objects:  17% (593/3485)
Git#6>Receiving objects:  18% (628/3485)
Git#6>Receiving objects:  19% (663/3485)
Git#6>Receiving objects:  20% (697/3485)
Git#6>Receiving objects:  21% (732/3485)
Git#6>Receiving objects:  22% (767/3485)
Git#6>Receiving objects:  23% (802/3485)
Git#6>Receiving objects:  24% (837/3485)
Git#6>Receiving objects:  25% (872/3485)
Git#6>Receiving objects:  26% (907/3485)
Git#6>Receiving objects:  27% (941/3485)
Git#6>Receiving objects:  28% (976/3485)
Git#6>Receiving objects:  29% (1011/3485)
Git#6>Receiving objects:  30% (1046/3485)
Git#6>Receiving objects:  31% (1081/3485)
Git#6>Receiving objects:  32% (1116/3485)
Git#6>Receiving objects:  33% (1151/3485)
Git#6>Receiving objects:  34% (1185/3485)
Git#6>Receiving objects:  35% (1220/3485)
Git#6>Receiving objects:  36% (1255/3485)
Git#6>Receiving objects:  37% (1290/3485)
Git#6>Receiving objects:  38% (1325/3485)
Git#6>Receiving objects:  39% (1360/3485)
Git#6>Receiving objects:  40% (1394/3485)
Git#6>Receiving objects:  41% (1429/3485)
Git#6>Receiving objects:  42% (1464/3485)
Git#6>Receiving objects:  43% (1499/3485)
Git#6>Receiving objects:  44% (1534/3485)
Git#6>Receiving objects:  45% (1569/3485)
Git#6>Receiving objects:  46% (1604/3485)
Git#6>Receiving objects:  47% (1638/3485)
Git#6>Receiving objects:  48% (1673/3485)
Git#6>Receiving objects:  49% (1708/3485)
Git#6>Receiving objects:  50% (1743/3485)
Git#6>Receiving objects:  51% (1778/3485)
Git#6>Receiving objects:  52% (1813/3485)
Git#6>Receiving objects:  53% (1848/3485)
Git#6>Receiving objects:  54% (1882/3485)
Git#6>Receiving objects:  55% (1917/3485)
Git#6>Receiving objects:  56% (1952/3485)
Git#6>Receiving objects:  57% (1987/3485)
Git#6>Receiving objects:  58% (2022/3485)
Git#6>Receiving objects:  59% (2057/3485)
Git#6>Receiving objects:  60% (2091/3485)
Git#6>Receiving objects:  61% (2126/3485)
Git#6>Receiving objects:  62% (2161/3485)
Git#6>Receiving objects:  63% (2196/3485)
Git#6>Receiving objects:  64% (2231/3485)
Git#6>Receiving objects:  65% (2266/3485)
Git#6>Receiving objects:  66% (2301/3485)
Git#6>Receiving objects:  67% (2335/3485)
Git#6>Receiving objects:  68% (2370/3485)
Git#6>Receiving objects:  69% (2405/3485)
Git#6>Receiving objects:  70% (2440/3485)
Git#6>Receiving objects:  71% (2475/3485)
Git#6>Receiving objects:  72% (2510/3485)
Git#6>Receiving objects:  73% (2545/3485)
Git#6>Receiving objects:  74% (2579/3485)
Git#6>Receiving objects:  75% (2614/3485)
Git#6>Receiving objects:  76% (2649/3485)
Git#6>Receiving objects:  77% (2684/3485)
Git#6>Receiving objects:  78% (2719/3485)
Git#6>Receiving objects:  79% (2754/3485)
Git#6>Receiving objects:  80% (2788/3485)
Git#6>Receiving objects:  81% (2823/3485)
Git#6>Receiving objects:  82% (2858/3485)
Git#6>Receiving objects:  83% (2893/3485)
Git#6>Receiving objects:  84% (2928/3485)
Git#6>Receiving objects:  85% (2963/3485)
Git#6>Receiving objects:  86% (2998/3485)
Git#6>Receiving objects:  87% (3032/3485)
Git#6>Receiving objects:  88% (3067/3485)
Git#6>Receiving objects:  89% (3102/3485)
Git#6>Receiving objects:  90% (3137/3485)
Git#6>Receiving objects:  91% (3172/3485)
Git#6>remote: Total 3485 (delta 3), reused 123 (delta 2), pack-reused 3356 (from 2)        
Git#6>Receiving objects:  92% (3207/3485)
Git#6>Receiving objects:  93% (3242/3485)
Git#6>Receiving objects:  94% (3276/3485)
Git#6>Receiving objects:  95% (3311/3485)
Git#6>Receiving objects:  96% (3346/3485)
Git#6>Receiving objects:  97% (3381/3485)
Git#6>Receiving objects:  98% (3416/3485)
Git#6>Receiving objects:  99% (3451/3485)
Git#6>Receiving objects: 100% (3485/3485)
Git#6>Receiving objects: 100% (3485/3485), 712.06 KiB | 5.84 MiB/s, done.
Git#6>Resolving deltas:   0% (0/276)
Git#6>Resolving deltas:   1% (3/276)
Git#6>Resolving deltas:   2% (7/276)
Git#6>Resolving deltas:   3% (9/276)
Git#6>Resolving deltas:   4% (13/276)
Git#6>Resolving deltas:   5% (14/276)
Git#6>Resolving deltas:   6% (19/276)
Git#6>Resolving deltas:   7% (20/276)
Git#6>Resolving deltas:   8% (23/276)
Git#6>Resolving deltas:   9% (25/276)
Git#6>Resolving deltas:  10% (29/276)
Git#6>Resolving deltas:  13% (36/276)
Git#6>Resolving deltas:  15% (42/276)
Git#6>Resolving deltas:  17% (48/276)
Git#6>Resolving deltas:  19% (54/276)
Git#6>Resolving deltas:  21% (58/276)
Git#6>Resolving deltas:  22% (63/276)
Git#6>Resolving deltas:  23% (64/276)
Git#6>Resolving deltas:  24% (67/276)
Git#6>Resolving deltas:  25% (71/276)
Git#6>Resolving deltas:  26% (72/276)
Git#6>Resolving deltas:  27% (76/276)
Git#6>Resolving deltas:  28% (78/276)
Git#6>Resolving deltas:  29% (81/276)
Git#6>Resolving deltas:  30% (84/276)
Git#6>Resolving deltas:  31% (87/276)
Git#6>Resolving deltas:  32% (90/276)
Git#6>Resolving deltas:  33% (92/276)
Git#6>Resolving deltas:  34% (95/276)
Git#6>Resolving deltas:  35% (97/276)
Git#6>Resolving deltas:  36% (100/276)
Git#6>Resolving deltas:  38% (106/276)
Git#6>Resolving deltas:  39% (108/276)
Git#6>Resolving deltas:  40% (111/276)
Git#6>Resolving deltas:  42% (116/276)
Git#6>Resolving deltas:  43% (120/276)
Git#6>Resolving deltas:  44% (122/276)
Git#6>Resolving deltas:  45% (126/276)
Git#6>Resolving deltas:  46% (129/276)
Git#6>Resolving deltas:  48% (135/276)
Git#6>Resolving deltas:  51% (141/276)
Git#6>Resolving deltas:  53% (147/276)
Git#6>Resolving deltas:  55% (153/276)
Git#6>Resolving deltas:  57% (159/276)
Git#6>Resolving deltas:  58% (162/276)
Git#6>Resolving deltas:  59% (163/276)
Git#6>Resolving deltas:  60% (167/276)
Git#6>Resolving deltas:  61% (169/276)
Git#6>Resolving deltas:  62% (172/276)
Git#6>Resolving deltas:  63% (174/276)
Git#6>Resolving deltas:  64% (177/276)
Git#6>Resolving deltas:  65% (181/276)
Git#6>Resolving deltas:  66% (183/276)
Git#6>Resolving deltas:  67% (185/276)
Git#6>Resolving deltas:  68% (188/276)
Git#6>Resolving deltas:  69% (192/276)
Git#6>Resolving deltas:  70% (194/276)
Git#6>Resolving deltas:  71% (196/276)
Git#6>Resolving deltas:  72% (201/276)
Git#6>Resolving deltas:  73% (202/276)
Git#6>Resolving deltas:  74% (205/276)
Git#6>Resolving deltas:  75% (207/276)
Git#6>Resolving deltas:  76% (211/276)
Git#6>Resolving deltas:  77% (213/276)
Git#6>Resolving deltas:  78% (216/276)
Git#6>Resolving deltas:  79% (219/276)
Git#6>Resolving deltas:  81% (224/276)
Git#6>Resolving deltas:  83% (230/276)
Git#6>Resolving deltas:  84% (233/276)
Git#6>Resolving deltas:  86% (238/276)
Git#6>Resolving deltas:  87% (242/276)
Git#6>Resolving deltas:  88% (243/276)
Git#6>Resolving deltas:  89% (246/276)
Git#6>Resolving deltas:  90% (250/276)
Git#6>Resolving deltas:  91% (252/276)
Git#6>Resolving deltas:  92% (254/276)
Git#6>Resolving deltas:  93% (257/276)
Git#6>Resolving deltas:  94% (260/276)
Git#6>Resolving deltas:  95% (264/276)
Git#6>Resolving deltas:  96% (266/276)
Git#6>Resolving deltas:  97% (268/276)
Git#6>Resolving deltas:  98% (271/276)
Git#6>Resolving deltas:  99% (274/276)
Git#6>Resolving deltas: 100% (276/276)
Git#6>Resolving deltas: 100% (276/276), done.
Git#6>Success: git -C C:/Desktop/PSOC_Edge_AI/Demo/01_WiFi_BLE/mtb_shared/btstack clone --progress --origin cypress --no-checkout --filter=blob:none https://github.com/cypresssemiconductorco/btstack release-v5.0.6
Git#13>Starting: git -C C:/Desktop/PSOC_Edge_AI/Demo/01_WiFi_BLE/mtb_shared/core-lib clone --progress --origin cypress --no-checkout --filter=blob:none https://github.com/cypresssemiconductorco/core-lib release-v1.8.0
Git#13>Cloning into 'release-v1.8.0'...
Git#11>remote: Enumerating objects: 21, done.        
Git#11>remote: Counting objects:   4% (1/21)        
Git#11>remote: Counting objects:   9% (2/21)        
Git#11>remote: Counting objects:  14% (3/21)        
Git#11>remote: Counting objects:  19% (4/21)        
Git#11>remote: Counting objects:  23% (5/21)        
Git#11>remote: Counting objects:  28% (6/21)        
Git#11>remote: Counting objects:  33% (7/21)        
Git#11>remote: Counting objects:  38% (8/21)        
Git#11>remote: Counting objects:  42% (9/21)        
Git#11>remote: Counting objects:  47% (10/21)        
Git#11>remote: Counting objects:  52% (11/21)        
Git#11>remote: Counting objects:  57% (12/21)        
Git#11>remote: Counting objects:  61% (13/21)        
Git#11>remote: Counting objects:  66% (14/21)        
Git#11>remote: Counting objects:  71% (15/21)        
Git#11>remote: Counting objects:  76% (16/21)        
Git#11>remote: Counting objects:  80% (17/21)        
Git#11>remote: Counting objects:  85% (18/21)        
Git#11>remote: Counting objects:  90% (19/21)        
Git#11>remote: Counting objects:  95% (20/21)        
Git#11>remote: Counting objects: 100% (21/21)        
Git#11>remote: Counting objects: 100% (21/21), done.        
Git#11>remote: Compressing objects:   7% (1/14)        
Git#11>remote: Compressing objects:  14% (2/14)        
Git#11>remote: Compressing objects:  21% (3/14)        
Git#11>remote: Compressing objects:  28% (4/14)        
Git#11>remote: Compressing objects:  35% (5/14)        
Git#11>remote: Compressing objects:  42% (6/14)        
Git#11>remote: Compressing objects:  50% (7/14)        
Git#11>remote: Compressing objects:  57% (8/14)        
Git#11>remote: Compressing objects:  64% (9/14)        
Git#11>remote: Compressing objects:  71% (10/14)        
Git#11>remote: Compressing objects:  78% (11/14)        
Git#11>remote: Compressing objects:  85% (12/14)        
Git#11>remote: Compressing objects:  92% (13/14)        
Git#11>remote: Compressing objects: 100% (14/14)        
Git#11>remote: Compressing objects: 100% (14/14), done.        
Git#11>remote: Total 21 (delta 4), reused 21 (delta 4), pack-reused 0 (from 0)        
Git#11>Receiving objects:   4% (1/21)
Git#11>Receiving objects:   9% (2/21)
Git#11>Receiving objects:  14% (3/21)
Git#11>Receiving objects:  19% (4/21)
Git#11>Receiving objects:  23% (5/21)
Git#11>Receiving objects:  28% (6/21)
Git#11>Receiving objects:  33% (7/21)
Git#11>Receiving objects:  38% (8/21)
Git#11>Receiving objects:  42% (9/21)
Git#11>Receiving objects:  47% (10/21)
Git#11>Receiving objects:  52% (11/21)
Git#11>Receiving objects:  57% (12/21)
Git#11>Receiving objects:  61% (13/21)
Git#11>Receiving objects:  66% (14/21)
Git#11>Receiving objects:  71% (15/21)
Git#11>Receiving objects:  76% (16/21)
Git#11>Receiving objects:  80% (17/21)
Git#11>Receiving objects:  85% (18/21)
Git#11>Receiving objects:  90% (19/21)
Git#11>Receiving objects:  95% (20/21)
Git#11>Receiving objects: 100% (21/21)
Git#11>Receiving objects: 100% (21/21), 5.82 KiB | 2.91 MiB/s, done.
Git#10>remote: Enumerating objects: 699, done.        
Git#10>remote: Counting objects:   0% (1/206)        
Git#10>remote: Counting objects:   1% (3/206)        
Git#10>remote: Counting objects:   2% (5/206)        
Git#10>remote: Counting objects:   3% (7/206)        
Git#10>remote: Counting objects:   4% (9/206)        
Git#10>remote: Counting objects:   5% (11/206)        
Git#10>remote: Counting objects:   6% (13/206)        
Git#10>remote: Counting objects:   7% (15/206)        
Git#10>remote: Counting objects:   8% (17/206)        
Git#10>remote: Counting objects:   9% (19/206)        
Git#10>remote: Counting objects:  10% (21/206)        
Git#10>remote: Counting objects:  11% (23/206)        
Git#10>remote: Counting objects:  12% (25/206)        
Git#10>remote: Counting objects:  13% (27/206)        
Git#10>remote: Counting objects:  14% (29/206)        
Git#10>remote: Counting objects:  15% (31/206)        
Git#10>remote: Counting objects:  16% (33/206)        
Git#10>remote: Counting objects:  17% (36/206)        
Git#10>remote: Counting objects:  18% (38/206)        
Git#10>remote: Counting objects:  19% (40/206)        
Git#10>remote: Counting objects:  20% (42/206)        
Git#10>remote: Counting objects:  21% (44/206)        
Git#10>remote: Counting objects:  22% (46/206)        
Git#10>remote: Counting objects:  23% (48/206)        
Git#10>remote: Counting objects:  24% (50/206)        
Git#10>remote: Counting objects:  25% (52/206)        
Git#10>remote: Counting objects:  26% (54/206)        
Git#10>remote: Counting objects:  27% (56/206)        
Git#10>remote: Counting objects:  28% (58/206)        
Git#10>remote: Counting objects:  29% (60/206)        
Git#10>remote: Counting objects:  30% (62/206)        
Git#10>remote: Counting objects:  31% (64/206)        
Git#10>remote: Counting objects:  32% (66/206)        
Git#10>remote: Counting objects:  33% (68/206)        
Git#10>remote: Counting objects:  34% (71/206)        
Git#10>remote: Counting objects:  35% (73/206)        
Git#10>remote: Counting objects:  36% (75/206)        
Git#10>remote: Counting objects:  37% (77/206)        
Git#10>remote: Counting objects:  38% (79/206)        
Git#10>remote: Counting objects:  39% (81/206)        
Git#10>remote: Counting objects:  40% (83/206)        
Git#10>remote: Counting objects:  41% (85/206)        
Git#10>remote: Counting objects:  42% (87/206)        
Git#10>remote: Counting objects:  43% (89/206)        
Git#10>remote: Counting objects:  44% (91/206)        
Git#10>remote: Counting objects:  45% (93/206)        
Git#10>remote: Counting objects:  46% (95/206)        
Git#10>remote: Counting objects:  47% (97/206)        
Git#10>remote: Counting objects:  48% (99/206)        
Git#10>remote: Counting objects:  49% (101/206)        
Git#10>remote: Counting objects:  50% (103/206)        
Git#10>remote: Counting objects:  51% (106/206)        
Git#10>remote: Counting objects:  52% (108/206)        
Git#10>remote: Counting objects:  53% (110/206)        
Git#10>remote: Counting objects:  54% (112/206)        
Git#10>remote: Counting objects:  55% (114/206)        
Git#10>remote: Counting objects:  56% (116/206)        
Git#10>remote: Counting objects:  57% (118/206)        
Git#10>remote: Counting objects:  58% (120/206)        
Git#10>remote: Counting objects:  59% (122/206)        
Git#10>remote: Counting objects:  60% (124/206)        
Git#10>remote: Counting objects:  61% (126/206)        
Git#10>remote: Counting objects:  62% (128/206)        
Git#10>remote: Counting objects:  63% (130/206)        
Git#10>remote: Counting objects:  64% (132/206)        
Git#10>remote: Counting objects:  65% (134/206)        
Git#10>remote: Counting objects:  66% (136/206)        
Git#10>remote: Counting objects:  67% (139/206)        
Git#10>remote: Counting objects:  68% (141/206)        
Git#10>remote: Counting objects:  69% (143/206)        
Git#10>remote: Counting objects:  70% (145/206)        
Git#10>remote: Counting objects:  71% (147/206)        
Git#10>remote: Counting objects:  72% (149/206)        
Git#10>remote: Counting objects:  73% (151/206)        
Git#10>remote: Counting objects:  74% (153/206)        
Git#10>remote: Counting objects:  75% (155/206)        
Git#10>remote: Counting objects:  76% (157/206)        
Git#10>remote: Counting objects:  77% (159/206)        
Git#10>remote: Counting objects:  78% (161/206)        
Git#10>remote: Counting objects:  79% (163/206)        
Git#10>remote: Counting objects:  80% (165/206)        
Git#10>remote: Counting objects:  81% (167/206)        
Git#10>remote: Counting objects:  82% (169/206)        
Git#10>remote: Counting objects:  83% (171/206)        
Git#10>remote: Counting objects:  84% (174/206)        
Git#10>remote: Counting objects:  85% (176/206)        
Git#10>remote: Counting objects:  86% (178/206)        
Git#10>remote: Counting objects:  87% (180/206)        
Git#10>remote: Counting objects:  88% (182/206)        
Git#10>remote: Counting objects:  89% (184/206)        
Git#10>remote: Counting objects:  90% (186/206)        
Git#10>remote: Counting objects:  91% (188/206)        
Git#10>remote: Counting objects:  92% (190/206)        
Git#10>remote: Counting objects:  93% (192/206)        
Git#10>remote: Counting objects:  94% (194/206)        
Git#10>remote: Counting objects:  95% (196/206)        
Git#10>remote: Counting objects:  96% (198/206)        
Git#10>remote: Counting objects:  97% (200/206)        
Git#10>remote: Counting objects:  98% (202/206)        
Git#10>remote: Counting objects:  99% (204/206)        
Git#10>remote: Counting objects: 100% (206/206)        
Git#10>remote: Counting objects: 100% (206/206), done.        
Git#10>remote: Compressing objects:   0% (1/149)        
Git#10>remote: Compressing objects:   1% (2/149)        
Git#10>remote: Compressing objects:   2% (3/149)        
Git#10>remote: Compressing objects:   3% (5/149)        
Git#10>remote: Compressing objects:   4% (6/149)        
Git#10>remote: Compressing objects:   5% (8/149)        
Git#10>remote: Compressing objects:   6% (9/149)        
Git#10>remote: Compressing objects:   7% (11/149)        
Git#10>remote: Compressing objects:   8% (12/149)        
Git#10>remote: Compressing objects:   9% (14/149)        
Git#10>remote: Compressing objects:  10% (15/149)        
Git#10>remote: Compressing objects:  11% (17/149)        
Git#10>remote: Compressing objects:  12% (18/149)        
Git#10>remote: Compressing objects:  13% (20/149)        
Git#10>remote: Compressing objects:  14% (21/149)        
Git#10>remote: Compressing objects:  15% (23/149)        
Git#10>remote: Compressing objects:  16% (24/149)        
Git#10>remote: Compressing objects:  17% (26/149)        
Git#10>remote: Compressing objects:  18% (27/149)        
Git#10>remote: Compressing objects:  19% (29/149)        
Git#10>remote: Compressing objects:  20% (30/149)        
Git#10>remote: Compressing objects:  21% (32/149)        
Git#10>remote: Compressing objects:  22% (33/149)        
Git#10>remote: Compressing objects:  23% (35/149)        
Git#10>remote: Compressing objects:  24% (36/149)        
Git#10>remote: Compressing objects:  25% (38/149)        
Git#10>remote: Compressing objects:  26% (39/149)        
Git#10>remote: Compressing objects:  27% (41/149)        
Git#10>remote: Compressing objects:  28% (42/149)        
Git#10>remote: Compressing objects:  29% (44/149)        
Git#10>remote: Compressing objects:  30% (45/149)        
Git#10>remote: Compressing objects:  31% (47/149)        
Git#10>remote: Compressing objects:  32% (48/149)        
Git#10>remote: Compressing objects:  33% (50/149)        
Git#10>remote: Compressing objects:  34% (51/149)        
Git#10>remote: Compressing objects:  35% (53/149)        
Git#10>remote: Compressing objects:  36% (54/149)        
Git#10>remote: Compressing objects:  37% (56/149)        
Git#10>remote: Compressing objects:  38% (57/149)        
Git#10>remote: Compressing objects:  39% (59/149)        
Git#10>remote: Compressing objects:  40% (60/149)        
Git#10>remote: Compressing objects:  41% (62/149)        
Git#10>remote: Compressing objects:  42% (63/149)        
Git#10>remote: Compressing objects:  43% (65/149)        
Git#10>remote: Compressing objects:  44% (66/149)        
Git#10>remote: Compressing objects:  45% (68/149)        
Git#10>remote: Compressing objects:  46% (69/149)        
Git#10>remote: Compressing objects:  47% (71/149)        
Git#10>remote: Compressing objects:  48% (72/149)        
Git#10>remote: Compressing objects:  49% (74/149)        
Git#10>remote: Compressing objects:  50% (75/149)        
Git#10>remote: Compressing objects:  51% (76/149)        
Git#10>remote: Compressing objects:  52% (78/149)        
Git#10>remote: Compressing objects:  53% (79/149)        
Git#10>remote: Compressing objects:  54% (81/149)        
Git#10>remote: Compressing objects:  55% (82/149)        
Git#10>remote: Compressing objects:  56% (84/149)        
Git#10>remote: Compressing objects:  57% (85/149)        
Git#10>remote: Compressing objects:  58% (87/149)        
Git#10>remote: Compressing objects:  59% (88/149)        
Git#10>remote: Compressing objects:  60% (90/149)        
Git#10>remote: Compressing objects:  61% (91/149)        
Git#10>remote: Compressing objects:  62% (93/149)        
Git#10>remote: Compressing objects:  63% (94/149)        
Git#10>remote: Compressing objects:  64% (96/149)        
Git#10>remote: Compressing objects:  65% (97/149)        
Git#10>remote: Compressing objects:  66% (99/149)        
Git#10>remote: Compressing objects:  67% (100/149)        
Git#10>remote: Compressing objects:  68% (102/149)        
Git#10>remote: Compressing objects:  69% (103/149)        
Git#10>remote: Compressing objects:  70% (105/149)        
Git#10>remote: Compressing objects:  71% (106/149)        
Git#10>remote: Compressing objects:  72% (108/149)        
Git#10>remote: Compressing objects:  73% (109/149)        
Git#10>remote: Compressing objects:  74% (111/149)        
Git#10>remote: Compressing objects:  75% (112/149)        
Git#10>remote: Compressing objects:  76% (114/149)        
Git#10>remote: Compressing objects:  77% (115/149)        
Git#10>remote: Compressing objects:  78% (117/149)        
Git#10>remote: Compressing objects:  79% (118/149)        
Git#10>remote: Compressing objects:  80% (120/149)        
Git#10>remote: Compressing objects:  81% (121/149)        
Git#10>remote: Compressing objects:  82% (123/149)        
Git#10>remote: Compressing objects:  83% (124/149)        
Git#10>remote: Compressing objects:  84% (126/149)        
Git#10>remote: Compressing objects:  85% (127/149)        
Git#10>remote: Compressing objects:  86% (129/149)        
Git#10>remote: Compressing objects:  87% (130/149)        
Git#10>remote: Compressing objects:  88% (132/149)        
Git#10>remote: Compressing objects:  89% (133/149)        
Git#10>remote: Compressing objects:  90% (135/149)        
Git#10>remote: Compressing objects:  91% (136/149)        
Git#10>remote: Compressing objects:  92% (138/149)        
Git#10>remote: Compressing objects:  93% (139/149)        
Git#10>remote: Compressing objects:  94% (141/149)        
Git#10>remote: Compressing objects:  95% (142/149)        
Git#10>remote: Compressing objects:  96% (144/149)        
Git#10>remote: Compressing objects:  97% (145/149)        
Git#10>remote: Compressing objects:  98% (147/149)        
Git#10>remote: Compressing objects:  99% (148/149)        
Git#10>remote: Compressing objects: 100% (149/149)        
Git#10>remote: Compressing objects: 100% (149/149), done.        
Git#11>Resolving deltas:   0% (0/4)
Git#11>Resolving deltas:  25% (1/4)
Git#11>Resolving deltas:  50% (2/4)
Git#11>Resolving deltas:  75% (3/4)
Git#11>Resolving deltas: 100% (4/4)
Git#11>Resolving deltas: 100% (4/4), done.
Git#12>remote: Enumerating objects: 10, done.        
Git#12>remote: Counting objects:  10% (1/10)        
Git#12>remote: Counting objects:  20% (2/10)        
Git#12>remote: Counting objects:  30% (3/10)        
Git#12>remote: Counting objects:  40% (4/10)        
Git#12>remote: Counting objects:  50% (5/10)        
Git#12>remote: Counting objects:  60% (6/10)        
Git#12>remote: Counting objects:  70% (7/10)        
Git#12>remote: Counting objects:  80% (8/10)        
Git#12>remote: Counting objects:  90% (9/10)        
Git#12>remote: Counting objects: 100% (10/10)        
Git#12>remote: Counting objects: 100% (10/10), done.        
Git#12>remote: Compressing objects:  12% (1/8)        
Git#12>remote: Compressing objects:  25% (2/8)        
Git#12>remote: Compressing objects:  37% (3/8)        
Git#12>remote: Compressing objects:  50% (4/8)        
Git#12>remote: Compressing objects:  62% (5/8)        
Git#12>remote: Compressing objects:  75% (6/8)        
Git#12>remote: Compressing objects:  87% (7/8)        
Git#12>remote: Compressing objects: 100% (8/8)        
Git#12>remote: Compressing objects: 100% (8/8), done.        
Git#12>remote: Total 10 (delta 2), reused 10 (delta 2), pack-reused 0 (from 0)        
Git#10>Receiving objects:   0% (1/699)
Git#12>Receiving objects:  10% (1/10)
Git#12>Receiving objects:  20% (2/10)
Git#12>Receiving objects:  30% (3/10)
Git#12>Receiving objects:  40% (4/10)
Git#12>Receiving objects:  50% (5/10)
Git#12>Receiving objects:  60% (6/10)
Git#12>Receiving objects:  70% (7/10)
Git#12>Receiving objects:  80% (8/10)
Git#12>Receiving objects:  90% (9/10)
Git#12>Receiving objects: 100% (10/10)
Git#10>Receiving objects:   1% (7/699)
Git#12>Receiving objects: 100% (10/10), 8.42 KiB | 8.42 MiB/s, done.
Git#10>Receiving objects:   2% (14/699)
Git#10>Receiving objects:   3% (21/699)
Git#12>Resolving deltas:   0% (0/2)
Git#12>Resolving deltas:  50% (1/2)
Git#12>Resolving deltas: 100% (2/2)
Git#12>Resolving deltas: 100% (2/2), done.
Git#11>Success: git -C C:/Desktop/PSOC_Edge_AI/Demo/01_WiFi_BLE/mtb_shared/mtb-ipc clone --progress --origin cypress --no-checkout --filter=blob:none https://github.com/Infineon/mtb-ipc release-v1.2.0
Git#14>Starting: git -C C:/Desktop/PSOC_Edge_AI/Demo/01_WiFi_BLE/mtb_shared/bt-fw-mur-cyw55513 clone --progress --origin cypress --no-checkout --filter=blob:none https://github.com/Infineon/bt-fw-mur-cyw55513 release-v1.0.0
Git#12>Success: git -C C:/Desktop/PSOC_Edge_AI/Demo/01_WiFi_BLE/mtb_shared/se-rt-services-utils clone --progress --origin cypress --no-checkout --filter=blob:none https://github.com/Infineon/se-rt-services-utils release-v1.4.0
Git#15>Starting: git -C C:/Desktop/PSOC_Edge_AI/Demo/01_WiFi_BLE/mtb_shared/core-make clone --progress --origin cypress --no-checkout --filter=blob:none https://github.com/cypresssemiconductorco/core-make release-v3.10.0
Git#10>Receiving objects:   4% (28/699)
Git#10>Receiving objects:   5% (35/699)
Git#10>Receiving objects:   6% (42/699)
Git#10>Receiving objects:   7% (49/699)
Git#10>Receiving objects:   8% (56/699)
Git#10>Receiving objects:   9% (63/699)
Git#10>Receiving objects:  10% (70/699)
Git#10>Receiving objects:  11% (77/699)
Git#10>Receiving objects:  12% (84/699)
Git#10>Receiving objects:  13% (91/699)
Git#14>Cloning into 'release-v1.0.0'...
Git#10>Receiving objects:  14% (98/699)
Git#10>Receiving objects:  15% (105/699)
Git#10>Receiving objects:  16% (112/699)
Git#10>Receiving objects:  17% (119/699)
Git#10>Receiving objects:  18% (126/699)
Git#10>Receiving objects:  19% (133/699)
Git#10>Receiving objects:  20% (140/699)
Git#10>Receiving objects:  21% (147/699)
Git#10>Receiving objects:  22% (154/699)
Git#10>Receiving objects:  23% (161/699)
Git#10>Receiving objects:  24% (168/699)
Git#10>Receiving objects:  25% (175/699)
Git#10>Receiving objects:  26% (182/699)
Git#10>Receiving objects:  27% (189/699)
Git#10>Receiving objects:  28% (196/699)
Git#10>Receiving objects:  29% (203/699)
Git#10>Receiving objects:  30% (210/699)
Git#10>Receiving objects:  31% (217/699)
Git#10>Receiving objects:  32% (224/699)
Git#10>Receiving objects:  33% (231/699)
Git#10>Receiving objects:  34% (238/699)
Git#10>Receiving objects:  35% (245/699)
Git#10>Receiving objects:  36% (252/699)
Git#10>Receiving objects:  37% (259/699)
Git#10>Receiving objects:  38% (266/699)
Git#10>Receiving objects:  39% (273/699)
Git#10>Receiving objects:  40% (280/699)
Git#10>Receiving objects:  41% (287/699)
Git#10>Receiving objects:  42% (294/699)
Git#10>Receiving objects:  43% (301/699)
Git#10>Receiving objects:  44% (308/699)
Git#10>Receiving objects:  45% (315/699)
Git#10>Receiving objects:  46% (322/699)
Git#10>Receiving objects:  47% (329/699)
Git#10>Receiving objects:  48% (336/699)
Git#15>Cloning into 'release-v3.10.0'...
Git#10>Receiving objects:  49% (343/699)
Git#10>Receiving objects:  50% (350/699)
Git#10>Receiving objects:  51% (357/699)
Git#10>Receiving objects:  52% (364/699)
Git#10>Receiving objects:  53% (371/699)
Git#10>Receiving objects:  54% (378/699)
Git#10>Receiving objects:  55% (385/699)
Git#10>Receiving objects:  56% (392/699)
Git#10>Receiving objects:  57% (399/699)
Git#10>Receiving objects:  58% (406/699)
Git#10>Receiving objects:  59% (413/699)
Git#10>Receiving objects:  60% (420/699)
Git#10>Receiving objects:  61% (427/699)
Git#10>Receiving objects:  62% (434/699)
Git#10>Receiving objects:  63% (441/699)
Git#10>Receiving objects:  64% (448/699)
Git#10>Receiving objects:  65% (455/699)
Git#10>Receiving objects:  66% (462/699)
Git#10>Receiving objects:  67% (469/699)
Git#10>Receiving objects:  68% (476/699)
Git#10>Receiving objects:  69% (483/699)
Git#10>Receiving objects:  70% (490/699)
Git#10>Receiving objects:  71% (497/699)
Git#10>Receiving objects:  72% (504/699)
Git#10>Receiving objects:  73% (511/699)
Git#10>Receiving objects:  74% (518/699)
Git#10>Receiving objects:  75% (525/699)
Git#10>Receiving objects:  76% (532/699)
Git#10>Receiving objects:  77% (539/699)
Git#10>Receiving objects:  78% (546/699)
Git#10>Receiving objects:  79% (553/699)
Git#10>Receiving objects:  80% (560/699)
Git#10>Receiving objects:  81% (567/699)
Git#10>Receiving objects:  82% (574/699)
Git#10>Receiving objects:  83% (581/699)
Git#10>Receiving objects:  84% (588/699)
Git#10>Receiving objects:  85% (595/699)
Git#10>Receiving objects:  86% (602/699)
Git#10>Receiving objects:  87% (609/699)
Git#10>Receiving objects:  88% (616/699)
Git#10>Receiving objects:  89% (623/699)
Git#10>Receiving objects:  90% (630/699)
Git#10>Receiving objects:  91% (637/699)
Git#10>remote: Total 699 (delta 32), reused 184 (delta 30), pack-reused 493 (from 1)        
Git#10>Receiving objects:  92% (644/699)
Git#10>Receiving objects:  93% (651/699)
Git#10>Receiving objects:  94% (658/699)
Git#10>Receiving objects:  95% (665/699)
Git#10>Receiving objects:  96% (672/699)
Git#10>Receiving objects:  97% (679/699)
Git#10>Receiving objects:  98% (686/699)
Git#10>Receiving objects:  99% (693/699)
Git#10>Receiving objects: 100% (699/699)
Git#10>Receiving objects: 100% (699/699), 531.72 KiB | 3.22 MiB/s, done.
Git#10>Resolving deltas:   0% (0/135)
Git#10>Resolving deltas:   1% (2/135)
Git#10>Resolving deltas:   2% (3/135)
Git#10>Resolving deltas:   3% (5/135)
Git#10>Resolving deltas:   4% (6/135)
Git#10>Resolving deltas:   5% (7/135)
Git#10>Resolving deltas:   6% (9/135)
Git#10>Resolving deltas:   7% (10/135)
Git#10>Resolving deltas:   8% (11/135)
Git#10>Resolving deltas:  10% (14/135)
Git#10>Resolving deltas:  11% (15/135)
Git#10>Resolving deltas:  13% (18/135)
Git#10>Resolving deltas:  15% (21/135)
Git#10>Resolving deltas:  16% (22/135)
Git#10>Resolving deltas:  17% (23/135)
Git#10>Resolving deltas:  18% (25/135)
Git#10>Resolving deltas:  19% (26/135)
Git#10>Resolving deltas:  20% (28/135)
Git#10>Resolving deltas:  21% (29/135)
Git#10>Resolving deltas:  22% (30/135)
Git#10>Resolving deltas:  24% (33/135)
Git#10>Resolving deltas:  25% (35/135)
Git#10>Resolving deltas:  28% (38/135)
Git#10>Resolving deltas:  31% (42/135)
Git#10>Resolving deltas:  32% (44/135)
Git#10>Resolving deltas:  33% (45/135)
Git#10>Resolving deltas:  34% (46/135)
Git#10>Resolving deltas:  35% (48/135)
Git#10>Resolving deltas:  36% (49/135)
Git#10>Resolving deltas:  38% (52/135)
Git#10>Resolving deltas:  40% (54/135)
Git#10>Resolving deltas:  41% (56/135)
Git#10>Resolving deltas:  42% (57/135)
Git#10>Resolving deltas:  45% (61/135)
Git#10>Resolving deltas:  47% (64/135)
Git#10>Resolving deltas:  48% (66/135)
Git#10>Resolving deltas:  49% (67/135)
Git#10>Resolving deltas:  50% (68/135)
Git#10>Resolving deltas:  51% (69/135)
Git#10>Resolving deltas:  54% (73/135)
Git#10>Resolving deltas:  55% (75/135)
Git#10>Resolving deltas:  57% (77/135)
Git#10>Resolving deltas:  58% (79/135)
Git#10>Resolving deltas:  59% (80/135)
Git#10>Resolving deltas:  60% (81/135)
Git#10>Resolving deltas:  61% (83/135)
Git#10>Resolving deltas:  62% (85/135)
Git#10>Resolving deltas:  65% (89/135)
Git#10>Resolving deltas:  66% (90/135)
Git#10>Resolving deltas:  67% (91/135)
Git#10>Resolving deltas:  71% (96/135)
Git#10>Resolving deltas:  72% (98/135)
Git#10>Resolving deltas:  74% (101/135)
Git#10>Resolving deltas:  75% (102/135)
Git#10>Resolving deltas:  76% (103/135)
Git#10>Resolving deltas:  77% (104/135)
Git#10>Resolving deltas:  78% (106/135)
Git#10>Resolving deltas:  80% (109/135)
Git#10>Resolving deltas:  81% (110/135)
Git#10>Resolving deltas:  82% (112/135)
Git#10>Resolving deltas:  83% (113/135)
Git#10>Resolving deltas:  85% (115/135)
Git#10>Resolving deltas:  86% (117/135)
Git#10>Resolving deltas:  88% (120/135)
Git#10>Resolving deltas:  91% (123/135)
Git#10>Resolving deltas:  94% (127/135)
Git#10>Resolving deltas:  95% (129/135)
Git#10>Resolving deltas:  96% (130/135)
Git#10>Resolving deltas:  97% (131/135)
Git#10>Resolving deltas:  98% (133/135)
Git#10>Resolving deltas:  99% (134/135)
Git#10>Resolving deltas: 100% (135/135)
Git#10>Resolving deltas: 100% (135/135), done.
Git#10>Success: git -C C:/Desktop/PSOC_Edge_AI/Demo/01_WiFi_BLE/mtb_shared/mtb-dsl-pse8xxgp clone --progress --origin cypress --no-checkout --filter=blob:none https://github.com/Infineon/mtb-dsl-pse8xxgp release-v1.7.0
Git#16>Starting: git -C C:/Desktop/PSOC_Edge_AI/Demo/01_WiFi_BLE/mtb_shared/async-transfer clone --progress --origin cypress --no-checkout --filter=blob:none https://github.com/Infineon/async-transfer release-v1.1.1
Git#13>remote: Enumerating objects: 125, done.        
Git#13>remote: Counting objects:   1% (1/82)        
Git#13>remote: Counting objects:   2% (2/82)        
Git#13>remote: Counting objects:   3% (3/82)        
Git#13>remote: Counting objects:   4% (4/82)        
Git#13>remote: Counting objects:   6% (5/82)        
Git#13>remote: Counting objects:   7% (6/82)        
Git#13>remote: Counting objects:   8% (7/82)        
Git#13>remote: Counting objects:   9% (8/82)        
Git#13>remote: Counting objects:  10% (9/82)        
Git#13>remote: Counting objects:  12% (10/82)        
Git#13>remote: Counting objects:  13% (11/82)        
Git#13>remote: Counting objects:  14% (12/82)        
Git#13>remote: Counting objects:  15% (13/82)        
Git#13>remote: Counting objects:  17% (14/82)        
Git#13>remote: Counting objects:  18% (15/82)        
Git#13>remote: Counting objects:  19% (16/82)        
Git#13>remote: Counting objects:  20% (17/82)        
Git#13>remote: Counting objects:  21% (18/82)        
Git#13>remote: Counting objects:  23% (19/82)        
Git#13>remote: Counting objects:  24% (20/82)        
Git#13>remote: Counting objects:  25% (21/82)        
Git#13>remote: Counting objects:  26% (22/82)        
Git#13>remote: Counting objects:  28% (23/82)        
Git#13>remote: Counting objects:  29% (24/82)        
Git#13>remote: Counting objects:  30% (25/82)        
Git#13>remote: Counting objects:  31% (26/82)        
Git#13>remote: Counting objects:  32% (27/82)        
Git#13>remote: Counting objects:  34% (28/82)        
Git#13>remote: Counting objects:  35% (29/82)        
Git#13>remote: Counting objects:  36% (30/82)        
Git#13>remote: Counting objects:  37% (31/82)        
Git#13>remote: Counting objects:  39% (32/82)        
Git#13>remote: Counting objects:  40% (33/82)        
Git#13>remote: Counting objects:  41% (34/82)        
Git#13>remote: Counting objects:  42% (35/82)        
Git#13>remote: Counting objects:  43% (36/82)        
Git#13>remote: Counting objects:  45% (37/82)        
Git#13>remote: Counting objects:  46% (38/82)        
Git#13>remote: Counting objects:  47% (39/82)        
Git#13>remote: Counting objects:  48% (40/82)        
Git#13>remote: Counting objects:  50% (41/82)        
Git#13>remote: Counting objects:  51% (42/82)        
Git#13>remote: Counting objects:  52% (43/82)        
Git#13>remote: Counting objects:  53% (44/82)        
Git#13>remote: Counting objects:  54% (45/82)        
Git#13>remote: Counting objects:  56% (46/82)        
Git#13>remote: Counting objects:  57% (47/82)        
Git#13>remote: Counting objects:  58% (48/82)        
Git#13>remote: Counting objects:  59% (49/82)        
Git#13>remote: Counting objects:  60% (50/82)        
Git#13>remote: Counting objects:  62% (51/82)        
Git#13>remote: Counting objects:  63% (52/82)        
Git#13>remote: Counting objects:  64% (53/82)        
Git#13>remote: Counting objects:  65% (54/82)        
Git#13>remote: Counting objects:  67% (55/82)        
Git#13>remote: Counting objects:  68% (56/82)        
Git#13>remote: Counting objects:  69% (57/82)        
Git#13>remote: Counting objects:  70% (58/82)        
Git#13>remote: Counting objects:  71% (59/82)        
Git#13>remote: Counting objects:  73% (60/82)        
Git#13>remote: Counting objects:  74% (61/82)        
Git#13>remote: Counting objects:  75% (62/82)        
Git#13>remote: Counting objects:  76% (63/82)        
Git#13>remote: Counting objects:  78% (64/82)        
Git#13>remote: Counting objects:  79% (65/82)        
Git#13>remote: Counting objects:  80% (66/82)        
Git#13>remote: Counting objects:  81% (67/82)        
Git#13>remote: Counting objects:  82% (68/82)        
Git#13>remote: Counting objects:  84% (69/82)        
Git#13>remote: Counting objects:  85% (70/82)        
Git#13>remote: Counting objects:  86% (71/82)        
Git#13>remote: Counting objects:  87% (72/82)        
Git#13>remote: Counting objects:  89% (73/82)        
Git#13>remote: Counting objects:  90% (74/82)        
Git#13>remote: Counting objects:  91% (75/82)        
Git#13>remote: Counting objects:  92% (76/82)        
Git#13>remote: Counting objects:  93% (77/82)        
Git#13>remote: Counting objects:  95% (78/82)        
Git#13>remote: Counting objects:  96% (79/82)        
Git#13>remote: Counting objects:  97% (80/82)        
Git#13>remote: Counting objects:  98% (81/82)        
Git#13>remote: Counting objects: 100% (82/82)        
Git#13>remote: Counting objects: 100% (82/82), done.        
Git#13>remote: Compressing objects:   2% (1/48)        
Git#13>remote: Compressing objects:   4% (2/48)        
Git#13>remote: Compressing objects:   6% (3/48)        
Git#13>remote: Compressing objects:   8% (4/48)        
Git#13>remote: Compressing objects:  10% (5/48)        
Git#13>remote: Compressing objects:  12% (6/48)        
Git#13>remote: Compressing objects:  14% (7/48)        
Git#13>remote: Compressing objects:  16% (8/48)        
Git#13>remote: Compressing objects:  18% (9/48)        
Git#13>remote: Compressing objects:  20% (10/48)        
Git#13>remote: Compressing objects:  22% (11/48)        
Git#13>remote: Compressing objects:  25% (12/48)        
Git#13>remote: Compressing objects:  27% (13/48)        
Git#13>remote: Compressing objects:  29% (14/48)        
Git#13>remote: Compressing objects:  31% (15/48)        
Git#13>remote: Compressing objects:  33% (16/48)        
Git#13>remote: Compressing objects:  35% (17/48)        
Git#13>remote: Compressing objects:  37% (18/48)        
Git#13>remote: Compressing objects:  39% (19/48)        
Git#13>remote: Compressing objects:  41% (20/48)        
Git#13>remote: Compressing objects:  43% (21/48)        
Git#13>remote: Compressing objects:  45% (22/48)        
Git#13>remote: Compressing objects:  47% (23/48)        
Git#13>remote: Compressing objects:  50% (24/48)        
Git#13>remote: Compressing objects:  52% (25/48)        
Git#13>remote: Compressing objects:  54% (26/48)        
Git#13>remote: Compressing objects:  56% (27/48)        
Git#13>remote: Compressing objects:  58% (28/48)        
Git#13>remote: Compressing objects:  60% (29/48)        
Git#13>remote: Compressing objects:  62% (30/48)        
Git#13>remote: Compressing objects:  64% (31/48)        
Git#13>remote: Compressing objects:  66% (32/48)        
Git#13>remote: Compressing objects:  68% (33/48)        
Git#13>remote: Compressing objects:  70% (34/48)        
Git#13>remote: Compressing objects:  72% (35/48)        
Git#13>remote: Compressing objects:  75% (36/48)        
Git#13>remote: Compressing objects:  77% (37/48)        
Git#13>remote: Compressing objects:  79% (38/48)        
Git#13>remote: Compressing objects:  81% (39/48)        
Git#13>remote: Compressing objects:  83% (40/48)        
Git#13>remote: Compressing objects:  85% (41/48)        
Git#13>remote: Compressing objects:  87% (42/48)        
Git#13>remote: Compressing objects:  89% (43/48)        
Git#13>remote: Compressing objects:  91% (44/48)        
Git#13>remote: Compressing objects:  93% (45/48)        
Git#13>remote: Compressing objects:  95% (46/48)        
Git#13>remote: Compressing objects:  97% (47/48)        
Git#13>remote: Compressing objects: 100% (48/48)        
Git#13>remote: Compressing objects: 100% (48/48), done.        
Git#16>Cloning into 'release-v1.1.1'...
Git#13>Receiving objects:   0% (1/125)
Git#13>Receiving objects:   1% (2/125)
Git#13>Receiving objects:   2% (3/125)
Git#13>Receiving objects:   3% (4/125)
Git#13>Receiving objects:   4% (5/125)
Git#13>Receiving objects:   5% (7/125)
Git#13>Receiving objects:   6% (8/125)
Git#13>Receiving objects:   7% (9/125)
Git#13>Receiving objects:   8% (10/125)
Git#13>Receiving objects:   9% (12/125)
Git#13>Receiving objects:  10% (13/125)
Git#13>Receiving objects:  11% (14/125)
Git#13>Receiving objects:  12% (15/125)
Git#13>Receiving objects:  13% (17/125)
Git#13>Receiving objects:  14% (18/125)
Git#13>Receiving objects:  15% (19/125)
Git#13>Receiving objects:  16% (20/125)
Git#13>Receiving objects:  17% (22/125)
Git#13>Receiving objects:  18% (23/125)
Git#13>Receiving objects:  19% (24/125)
Git#13>Receiving objects:  20% (25/125)
Git#13>Receiving objects:  21% (27/125)
Git#13>Receiving objects:  22% (28/125)
Git#13>Receiving objects:  23% (29/125)
Git#13>Receiving objects:  24% (30/125)
Git#13>Receiving objects:  25% (32/125)
Git#13>Receiving objects:  26% (33/125)
Git#13>Receiving objects:  27% (34/125)
Git#13>Receiving objects:  28% (35/125)
Git#13>Receiving objects:  29% (37/125)
Git#13>Receiving objects:  30% (38/125)
Git#13>Receiving objects:  31% (39/125)
Git#13>Receiving objects:  32% (40/125)
Git#13>Receiving objects:  33% (42/125)
Git#13>Receiving objects:  34% (43/125)
Git#13>Receiving objects:  35% (44/125)
Git#13>Receiving objects:  36% (45/125)
Git#13>Receiving objects:  37% (47/125)
Git#13>Receiving objects:  38% (48/125)
Git#13>Receiving objects:  39% (49/125)
Git#13>Receiving objects:  40% (50/125)
Git#13>Receiving objects:  41% (52/125)
Git#13>Receiving objects:  42% (53/125)
Git#13>Receiving objects:  43% (54/125)
Git#13>Receiving objects:  44% (55/125)
Git#13>Receiving objects:  45% (57/125)
Git#13>Receiving objects:  46% (58/125)
Git#13>Receiving objects:  47% (59/125)
Git#13>Receiving objects:  48% (60/125)
Git#13>Receiving objects:  49% (62/125)
Git#13>Receiving objects:  50% (63/125)
Git#13>Receiving objects:  51% (64/125)
Git#13>Receiving objects:  52% (65/125)
Git#13>Receiving objects:  53% (67/125)
Git#13>Receiving objects:  54% (68/125)
Git#13>Receiving objects:  55% (69/125)
Git#13>Receiving objects:  56% (70/125)
Git#13>Receiving objects:  57% (72/125)
Git#13>Receiving objects:  58% (73/125)
Git#13>Receiving objects:  59% (74/125)
Git#13>Receiving objects:  60% (75/125)
Git#13>Receiving objects:  61% (77/125)
Git#13>Receiving objects:  62% (78/125)
Git#13>Receiving objects:  63% (79/125)
Git#13>Receiving objects:  64% (80/125)
Git#13>Receiving objects:  65% (82/125)
Git#13>Receiving objects:  66% (83/125)
Git#13>Receiving objects:  67% (84/125)
Git#13>Receiving objects:  68% (85/125)
Git#13>remote: Total 125 (delta 34), reused 77 (delta 34), pack-reused 43 (from 1)        
Git#13>Receiving objects:  69% (87/125)
Git#13>Receiving objects:  70% (88/125)
Git#13>Receiving objects:  71% (89/125)
Git#13>Receiving objects:  72% (90/125)
Git#13>Receiving objects:  73% (92/125)
Git#13>Receiving objects:  74% (93/125)
Git#13>Receiving objects:  75% (94/125)
Git#13>Receiving objects:  76% (95/125)
Git#13>Receiving objects:  77% (97/125)
Git#13>Receiving objects:  78% (98/125)
Git#13>Receiving objects:  79% (99/125)
Git#13>Receiving objects:  80% (100/125)
Git#13>Receiving objects:  81% (102/125)
Git#13>Receiving objects:  82% (103/125)
Git#13>Receiving objects:  83% (104/125)
Git#13>Receiving objects:  84% (105/125)
Git#13>Receiving objects:  85% (107/125)
Git#13>Receiving objects:  86% (108/125)
Git#13>Receiving objects:  87% (109/125)
Git#13>Receiving objects:  88% (110/125)
Git#13>Receiving objects:  89% (112/125)
Git#13>Receiving objects:  90% (113/125)
Git#13>Receiving objects:  91% (114/125)
Git#13>Receiving objects:  92% (115/125)
Git#13>Receiving objects:  93% (117/125)
Git#13>Receiving objects:  94% (118/125)
Git#13>Receiving objects:  95% (119/125)
Git#13>Receiving objects:  96% (120/125)
Git#13>Receiving objects:  97% (122/125)
Git#13>Receiving objects:  98% (123/125)
Git#13>Receiving objects:  99% (124/125)
Git#13>Receiving objects: 100% (125/125)
Git#13>Receiving objects: 100% (125/125), 22.47 KiB | 657.00 KiB/s, done.
Git#13>Resolving deltas:   0% (0/37)
Git#13>Resolving deltas:   2% (1/37)
Git#13>Resolving deltas:   5% (2/37)
Git#13>Resolving deltas:   8% (3/37)
Git#13>Resolving deltas:  10% (4/37)
Git#13>Resolving deltas:  13% (5/37)
Git#13>Resolving deltas:  16% (6/37)
Git#13>Resolving deltas:  18% (7/37)
Git#13>Resolving deltas:  21% (8/37)
Git#13>Resolving deltas:  24% (9/37)
Git#13>Resolving deltas:  27% (10/37)
Git#13>Resolving deltas:  29% (11/37)
Git#13>Resolving deltas:  32% (12/37)
Git#13>Resolving deltas:  35% (13/37)
Git#13>Resolving deltas:  43% (16/37)
Git#13>Resolving deltas:  45% (17/37)
Git#13>Resolving deltas:  48% (18/37)
Git#13>Resolving deltas:  51% (19/37)
Git#13>Resolving deltas:  54% (20/37)
Git#13>Resolving deltas:  56% (21/37)
Git#13>Resolving deltas:  59% (22/37)
Git#13>Resolving deltas:  62% (23/37)
Git#13>Resolving deltas:  64% (24/37)
Git#13>Resolving deltas:  67% (25/37)
Git#13>Resolving deltas:  70% (26/37)
Git#13>Resolving deltas:  72% (27/37)
Git#13>Resolving deltas:  75% (28/37)
Git#13>Resolving deltas:  78% (29/37)
Git#13>Resolving deltas:  81% (30/37)
Git#13>Resolving deltas:  83% (31/37)
Git#13>Resolving deltas:  86% (32/37)
Git#13>Resolving deltas:  89% (33/37)
Git#13>Resolving deltas:  91% (34/37)
Git#13>Resolving deltas:  94% (35/37)
Git#13>Resolving deltas:  97% (36/37)
Git#13>Resolving deltas: 100% (37/37)
Git#13>Resolving deltas: 100% (37/37), done.
Git#13>Success: git -C C:/Desktop/PSOC_Edge_AI/Demo/01_WiFi_BLE/mtb_shared/core-lib clone --progress --origin cypress --no-checkout --filter=blob:none https://github.com/cypresssemiconductorco/core-lib release-v1.8.0
Git#17>Starting: git -C C:/Users/User/.modustoolbox/global/device-db clone --progress --origin cypress --no-checkout --filter=blob:none https://github.com/Infineon/device-db release-v4.41.0
Git#17>Cloning into 'release-v4.41.0'...
Git#15>remote: Enumerating objects: 285, done.        
Git#15>remote: Counting objects:   0% (1/133)        
Git#15>remote: Counting objects:   1% (2/133)        
Git#15>remote: Counting objects:   2% (3/133)        
Git#15>remote: Counting objects:   3% (4/133)        
Git#15>remote: Counting objects:   4% (6/133)        
Git#15>remote: Counting objects:   5% (7/133)        
Git#15>remote: Counting objects:   6% (8/133)        
Git#15>remote: Counting objects:   7% (10/133)        
Git#15>remote: Counting objects:   8% (11/133)        
Git#15>remote: Counting objects:   9% (12/133)        
Git#15>remote: Counting objects:  10% (14/133)        
Git#15>remote: Counting objects:  11% (15/133)        
Git#15>remote: Counting objects:  12% (16/133)        
Git#15>remote: Counting objects:  13% (18/133)        
Git#15>remote: Counting objects:  14% (19/133)        
Git#15>remote: Counting objects:  15% (20/133)        
Git#15>remote: Counting objects:  16% (22/133)        
Git#15>remote: Counting objects:  17% (23/133)        
Git#15>remote: Counting objects:  18% (24/133)        
Git#15>remote: Counting objects:  19% (26/133)        
Git#15>remote: Counting objects:  20% (27/133)        
Git#15>remote: Counting objects:  21% (28/133)        
Git#15>remote: Counting objects:  22% (30/133)        
Git#15>remote: Counting objects:  23% (31/133)        
Git#15>remote: Counting objects:  24% (32/133)        
Git#15>remote: Counting objects:  25% (34/133)        
Git#15>remote: Counting objects:  26% (35/133)        
Git#15>remote: Counting objects:  27% (36/133)        
Git#15>remote: Counting objects:  28% (38/133)        
Git#15>remote: Counting objects:  29% (39/133)        
Git#15>remote: Counting objects:  30% (40/133)        
Git#15>remote: Counting objects:  31% (42/133)        
Git#15>remote: Counting objects:  32% (43/133)        
Git#15>remote: Counting objects:  33% (44/133)        
Git#15>remote: Counting objects:  34% (46/133)        
Git#15>remote: Counting objects:  35% (47/133)        
Git#15>remote: Counting objects:  36% (48/133)        
Git#15>remote: Counting objects:  37% (50/133)        
Git#15>remote: Counting objects:  38% (51/133)        
Git#15>remote: Counting objects:  39% (52/133)        
Git#15>remote: Counting objects:  40% (54/133)        
Git#15>remote: Counting objects:  41% (55/133)        
Git#15>remote: Counting objects:  42% (56/133)        
Git#15>remote: Counting objects:  43% (58/133)        
Git#15>remote: Counting objects:  44% (59/133)        
Git#15>remote: Counting objects:  45% (60/133)        
Git#15>remote: Counting objects:  46% (62/133)        
Git#15>remote: Counting objects:  47% (63/133)        
Git#15>remote: Counting objects:  48% (64/133)        
Git#15>remote: Counting objects:  49% (66/133)        
Git#15>remote: Counting objects:  50% (67/133)        
Git#15>remote: Counting objects:  51% (68/133)        
Git#15>remote: Counting objects:  52% (70/133)        
Git#15>remote: Counting objects:  53% (71/133)        
Git#15>remote: Counting objects:  54% (72/133)        
Git#15>remote: Counting objects:  55% (74/133)        
Git#15>remote: Counting objects:  56% (75/133)        
Git#15>remote: Counting objects:  57% (76/133)        
Git#15>remote: Counting objects:  58% (78/133)        
Git#15>remote: Counting objects:  59% (79/133)        
Git#15>remote: Counting objects:  60% (80/133)        
Git#15>remote: Counting objects:  61% (82/133)        
Git#15>remote: Counting objects:  62% (83/133)        
Git#15>remote: Counting objects:  63% (84/133)        
Git#15>remote: Counting objects:  64% (86/133)        
Git#15>remote: Counting objects:  65% (87/133)        
Git#15>remote: Counting objects:  66% (88/133)        
Git#15>remote: Counting objects:  67% (90/133)        
Git#15>remote: Counting objects:  68% (91/133)        
Git#15>remote: Counting objects:  69% (92/133)        
Git#15>remote: Counting objects:  70% (94/133)        
Git#15>remote: Counting objects:  71% (95/133)        
Git#15>remote: Counting objects:  72% (96/133)        
Git#15>remote: Counting objects:  73% (98/133)        
Git#15>remote: Counting objects:  74% (99/133)        
Git#15>remote: Counting objects:  75% (100/133)        
Git#15>remote: Counting objects:  76% (102/133)        
Git#15>remote: Counting objects:  77% (103/133)        
Git#15>remote: Counting objects:  78% (104/133)        
Git#15>remote: Counting objects:  79% (106/133)        
Git#15>remote: Counting objects:  80% (107/133)        
Git#15>remote: Counting objects:  81% (108/133)        
Git#15>remote: Counting objects:  82% (110/133)        
Git#15>remote: Counting objects:  83% (111/133)        
Git#15>remote: Counting objects:  84% (112/133)        
Git#15>remote: Counting objects:  85% (114/133)        
Git#15>remote: Counting objects:  86% (115/133)        
Git#15>remote: Counting objects:  87% (116/133)        
Git#15>remote: Counting objects:  88% (118/133)        
Git#15>remote: Counting objects:  89% (119/133)        
Git#15>remote: Counting objects:  90% (120/133)        
Git#15>remote: Counting objects:  91% (122/133)        
Git#15>remote: Counting objects:  92% (123/133)        
Git#15>remote: Counting objects:  93% (124/133)        
Git#15>remote: Counting objects:  94% (126/133)        
Git#15>remote: Counting objects:  95% (127/133)        
Git#15>remote: Counting objects:  96% (128/133)        
Git#15>remote: Counting objects:  97% (130/133)        
Git#15>remote: Counting objects:  98% (131/133)        
Git#15>remote: Counting objects:  99% (132/133)        
Git#15>remote: Counting objects: 100% (133/133)        
Git#15>remote: Counting objects: 100% (133/133), done.        
Git#15>remote: Compressing objects:   1% (1/78)        
Git#15>remote: Compressing objects:   2% (2/78)        
Git#15>remote: Compressing objects:   3% (3/78)        
Git#15>remote: Compressing objects:   5% (4/78)        
Git#15>remote: Compressing objects:   6% (5/78)        
Git#15>remote: Compressing objects:   7% (6/78)        
Git#15>remote: Compressing objects:   8% (7/78)        
Git#15>remote: Compressing objects:  10% (8/78)        
Git#15>remote: Compressing objects:  11% (9/78)        
Git#15>remote: Compressing objects:  12% (10/78)        
Git#15>remote: Compressing objects:  14% (11/78)        
Git#15>remote: Compressing objects:  15% (12/78)        
Git#15>remote: Compressing objects:  16% (13/78)        
Git#15>remote: Compressing objects:  17% (14/78)        
Git#15>remote: Compressing objects:  19% (15/78)        
Git#15>remote: Compressing objects:  20% (16/78)        
Git#15>remote: Compressing objects:  21% (17/78)        
Git#15>remote: Compressing objects:  23% (18/78)        
Git#15>remote: Compressing objects:  24% (19/78)        
Git#15>remote: Compressing objects:  25% (20/78)        
Git#15>remote: Compressing objects:  26% (21/78)        
Git#15>remote: Compressing objects:  28% (22/78)        
Git#15>remote: Compressing objects:  29% (23/78)        
Git#15>remote: Compressing objects:  30% (24/78)        
Git#15>remote: Compressing objects:  32% (25/78)        
Git#15>remote: Compressing objects:  33% (26/78)        
Git#15>remote: Compressing objects:  34% (27/78)        
Git#15>remote: Compressing objects:  35% (28/78)        
Git#15>remote: Compressing objects:  37% (29/78)        
Git#15>remote: Compressing objects:  38% (30/78)        
Git#15>remote: Compressing objects:  39% (31/78)        
Git#15>remote: Compressing objects:  41% (32/78)        
Git#15>remote: Compressing objects:  42% (33/78)        
Git#15>remote: Compressing objects:  43% (34/78)        
Git#15>remote: Compressing objects:  44% (35/78)        
Git#15>remote: Compressing objects:  46% (36/78)        
Git#15>remote: Compressing objects:  47% (37/78)        
Git#15>remote: Compressing objects:  48% (38/78)        
Git#15>remote: Compressing objects:  50% (39/78)        
Git#15>remote: Compressing objects:  51% (40/78)        
Git#15>remote: Compressing objects:  52% (41/78)        
Git#15>remote: Compressing objects:  53% (42/78)        
Git#15>remote: Compressing objects:  55% (43/78)        
Git#15>remote: Compressing objects:  56% (44/78)        
Git#15>remote: Compressing objects:  57% (45/78)        
Git#15>remote: Compressing objects:  58% (46/78)        
Git#15>remote: Compressing objects:  60% (47/78)        
Git#15>remote: Compressing objects:  61% (48/78)        
Git#15>remote: Compressing objects:  62% (49/78)        
Git#15>remote: Compressing objects:  64% (50/78)        
Git#15>remote: Compressing objects:  65% (51/78)        
Git#15>remote: Compressing objects:  66% (52/78)        
Git#15>remote: Compressing objects:  67% (53/78)        
Git#15>remote: Compressing objects:  69% (54/78)        
Git#15>remote: Compressing objects:  70% (55/78)        
Git#15>remote: Compressing objects:  71% (56/78)        
Git#15>remote: Compressing objects:  73% (57/78)        
Git#15>remote: Compressing objects:  74% (58/78)        
Git#15>remote: Compressing objects:  75% (59/78)        
Git#15>remote: Compressing objects:  76% (60/78)        
Git#15>remote: Compressing objects:  78% (61/78)        
Git#15>remote: Compressing objects:  79% (62/78)        
Git#15>remote: Compressing objects:  80% (63/78)        
Git#15>remote: Compressing objects:  82% (64/78)        
Git#15>remote: Compressing objects:  83% (65/78)        
Git#15>remote: Compressing objects:  84% (66/78)        
Git#15>remote: Compressing objects:  85% (67/78)        
Git#15>remote: Compressing objects:  87% (68/78)        
Git#15>remote: Compressing objects:  88% (69/78)        
Git#15>remote: Compressing objects:  89% (70/78)        
Git#15>remote: Compressing objects:  91% (71/78)        
Git#15>remote: Compressing objects:  92% (72/78)        
Git#14>remote: Enumerating objects: 3, done.        
Git#14>remote: Counting objects:  33% (1/3)        
Git#14>remote: Counting objects:  66% (2/3)        
Git#14>remote: Counting objects: 100% (3/3)        
Git#14>remote: Counting objects: 100% (3/3), done.        
Git#14>remote: Compressing objects:  33% (1/3)        
Git#14>remote: Compressing objects:  66% (2/3)        
Git#14>remote: Compressing objects: 100% (3/3)        
Git#14>remote: Compressing objects: 100% (3/3), done.        
Git#14>remote: Total 3 (delta 0), reused 3 (delta 0), pack-reused 0 (from 0)        
Git#14>Receiving objects:  33% (1/3)
Git#14>Receiving objects:  66% (2/3)
Git#14>Receiving objects: 100% (3/3)
Git#14>Receiving objects: 100% (3/3), done.
Git#15>remote: Compressing objects:  93% (73/78)        
Git#15>remote: Compressing objects:  94% (74/78)        
Git#15>remote: Compressing objects:  96% (75/78)        
Git#15>remote: Compressing objects:  97% (76/78)        
Git#15>remote: Compressing objects:  98% (77/78)        
Git#15>remote: Compressing objects: 100% (78/78)        
Git#15>remote: Compressing objects: 100% (78/78), done.        
Git#15>Receiving objects:   0% (1/285)
Git#15>Receiving objects:   1% (3/285)
Git#15>Receiving objects:   2% (6/285)
Git#15>Receiving objects:   3% (9/285)
Git#15>Receiving objects:   4% (12/285)
Git#15>Receiving objects:   5% (15/285)
Git#15>Receiving objects:   6% (18/285)
Git#15>Receiving objects:   7% (20/285)
Git#15>Receiving objects:   8% (23/285)
Git#15>Receiving objects:   9% (26/285)
Git#15>Receiving objects:  10% (29/285)
Git#15>Receiving objects:  11% (32/285)
Git#15>Receiving objects:  12% (35/285)
Git#15>Receiving objects:  13% (38/285)
Git#15>Receiving objects:  14% (40/285)
Git#15>Receiving objects:  15% (43/285)
Git#15>Receiving objects:  16% (46/285)
Git#15>Receiving objects:  17% (49/285)
Git#15>Receiving objects:  18% (52/285)
Git#15>Receiving objects:  19% (55/285)
Git#15>Receiving objects:  20% (57/285)
Git#15>Receiving objects:  21% (60/285)
Git#15>Receiving objects:  22% (63/285)
Git#15>Receiving objects:  23% (66/285)
Git#15>Receiving objects:  24% (69/285)
Git#15>Receiving objects:  25% (72/285)
Git#15>Receiving objects:  26% (75/285)
Git#15>Receiving objects:  27% (77/285)
Git#15>Receiving objects:  28% (80/285)
Git#15>Receiving objects:  29% (83/285)
Git#15>Receiving objects:  30% (86/285)
Git#15>Receiving objects:  31% (89/285)
Git#15>Receiving objects:  32% (92/285)
Git#15>Receiving objects:  33% (95/285)
Git#15>Receiving objects:  34% (97/285)
Git#15>Receiving objects:  35% (100/285)
Git#15>Receiving objects:  36% (103/285)
Git#15>Receiving objects:  37% (106/285)
Git#15>Receiving objects:  38% (109/285)
Git#15>Receiving objects:  39% (112/285)
Git#15>Receiving objects:  40% (114/285)
Git#15>Receiving objects:  41% (117/285)
Git#15>Receiving objects:  42% (120/285)
Git#15>Receiving objects:  43% (123/285)
Git#15>Receiving objects:  44% (126/285)
Git#15>Receiving objects:  45% (129/285)
Git#15>Receiving objects:  46% (132/285)
Git#15>Receiving objects:  47% (134/285)
Git#15>Receiving objects:  48% (137/285)
Git#15>Receiving objects:  49% (140/285)
Git#15>Receiving objects:  50% (143/285)
Git#15>Receiving objects:  51% (146/285)
Git#15>Receiving objects:  52% (149/285)
Git#15>Receiving objects:  53% (152/285)
Git#15>Receiving objects:  54% (154/285)
Git#15>Receiving objects:  55% (157/285)
Git#15>Receiving objects:  56% (160/285)
Git#15>Receiving objects:  57% (163/285)
Git#15>Receiving objects:  58% (166/285)
Git#15>Receiving objects:  59% (169/285)
Git#15>Receiving objects:  60% (171/285)
Git#15>Receiving objects:  61% (174/285)
Git#15>Receiving objects:  62% (177/285)
Git#15>Receiving objects:  63% (180/285)
Git#15>Receiving objects:  64% (183/285)
Git#15>remote: Total 285 (delta 41), reused 115 (delta 29), pack-reused 152 (from 1)        
Git#15>Receiving objects:  65% (186/285)
Git#15>Receiving objects:  66% (189/285)
Git#15>Receiving objects:  67% (191/285)
Git#15>Receiving objects:  68% (194/285)
Git#15>Receiving objects:  69% (197/285)
Git#15>Receiving objects:  70% (200/285)
Git#15>Receiving objects:  71% (203/285)
Git#15>Receiving objects:  72% (206/285)
Git#15>Receiving objects:  73% (209/285)
Git#15>Receiving objects:  74% (211/285)
Git#15>Receiving objects:  75% (214/285)
Git#15>Receiving objects:  76% (217/285)
Git#15>Receiving objects:  77% (220/285)
Git#15>Receiving objects:  78% (223/285)
Git#15>Receiving objects:  79% (226/285)
Git#15>Receiving objects:  80% (228/285)
Git#15>Receiving objects:  81% (231/285)
Git#15>Receiving objects:  82% (234/285)
Git#15>Receiving objects:  83% (237/285)
Git#15>Receiving objects:  84% (240/285)
Git#15>Receiving objects:  85% (243/285)
Git#15>Receiving objects:  86% (246/285)
Git#15>Receiving objects:  87% (248/285)
Git#15>Receiving objects:  88% (251/285)
Git#15>Receiving objects:  89% (254/285)
Git#15>Receiving objects:  90% (257/285)
Git#15>Receiving objects:  91% (260/285)
Git#15>Receiving objects:  92% (263/285)
Git#15>Receiving objects:  93% (266/285)
Git#15>Receiving objects:  94% (268/285)
Git#15>Receiving objects:  95% (271/285)
Git#15>Receiving objects:  96% (274/285)
Git#15>Receiving objects:  97% (277/285)
Git#15>Receiving objects:  98% (280/285)
Git#15>Receiving objects:  99% (283/285)
Git#15>Receiving objects: 100% (285/285)
Git#15>Receiving objects: 100% (285/285), 35.73 KiB | 665.00 KiB/s, done.
Git#15>Resolving deltas:   0% (0/84)
Git#15>Resolving deltas:   1% (1/84)
Git#15>Resolving deltas:   3% (3/84)
Git#15>Resolving deltas:   9% (8/84)
Git#15>Resolving deltas:  10% (9/84)
Git#15>Resolving deltas:  11% (10/84)
Git#15>Resolving deltas:  13% (11/84)
Git#15>Resolving deltas:  14% (12/84)
Git#15>Resolving deltas:  15% (13/84)
Git#15>Resolving deltas:  16% (14/84)
Git#15>Resolving deltas:  17% (15/84)
Git#15>Resolving deltas:  19% (16/84)
Git#15>Resolving deltas:  20% (17/84)
Git#15>Resolving deltas:  21% (18/84)
Git#15>Resolving deltas:  25% (21/84)
Git#15>Resolving deltas:  26% (22/84)
Git#15>Resolving deltas:  27% (23/84)
Git#15>Resolving deltas:  28% (24/84)
Git#15>Resolving deltas:  29% (25/84)
Git#15>Resolving deltas:  32% (27/84)
Git#15>Resolving deltas:  34% (29/84)
Git#15>Resolving deltas:  35% (30/84)
Git#15>Resolving deltas:  36% (31/84)
Git#15>Resolving deltas:  38% (32/84)
Git#15>Resolving deltas:  39% (33/84)
Git#15>Resolving deltas:  40% (34/84)
Git#15>Resolving deltas:  41% (35/84)
Git#15>Resolving deltas:  42% (36/84)
Git#15>Resolving deltas:  48% (41/84)
Git#15>Resolving deltas:  51% (43/84)
Git#15>Resolving deltas:  53% (45/84)
Git#15>Resolving deltas:  54% (46/84)
Git#15>Resolving deltas:  55% (47/84)
Git#15>Resolving deltas:  57% (48/84)
Git#15>Resolving deltas:  58% (49/84)
Git#15>Resolving deltas:  65% (55/84)
Git#15>Resolving deltas:  66% (56/84)
Git#15>Resolving deltas:  67% (57/84)
Git#15>Resolving deltas:  69% (58/84)
Git#15>Resolving deltas:  72% (61/84)
Git#15>Resolving deltas:  73% (62/84)
Git#15>Resolving deltas:  75% (63/84)
Git#15>Resolving deltas:  76% (64/84)
Git#15>Resolving deltas:  77% (65/84)
Git#15>Resolving deltas:  78% (66/84)
Git#15>Resolving deltas:  79% (67/84)
Git#15>Resolving deltas:  80% (68/84)
Git#15>Resolving deltas:  82% (69/84)
Git#15>Resolving deltas:  83% (70/84)
Git#15>Resolving deltas:  84% (71/84)
Git#15>Resolving deltas:  85% (72/84)
Git#15>Resolving deltas:  88% (74/84)
Git#15>Resolving deltas:  90% (76/84)
Git#15>Resolving deltas:  91% (77/84)
Git#15>Resolving deltas:  92% (78/84)
Git#15>Resolving deltas:  94% (79/84)
Git#15>Resolving deltas:  95% (80/84)
Git#15>Resolving deltas:  97% (82/84)
Git#15>Resolving deltas:  98% (83/84)
Git#15>Resolving deltas: 100% (84/84)
Git#15>Resolving deltas: 100% (84/84), done.
Git#14>Success: git -C C:/Desktop/PSOC_Edge_AI/Demo/01_WiFi_BLE/mtb_shared/bt-fw-mur-cyw55513 clone --progress --origin cypress --no-checkout --filter=blob:none https://github.com/Infineon/bt-fw-mur-cyw55513 release-v1.0.0
Git#18>Starting: git -C C:/Desktop/PSOC_Edge_AI/Demo/01_WiFi_BLE/mtb_shared/cmsis clone --progress --origin cypress --no-checkout --filter=blob:none https://github.com/Infineon/cmsis release-v6.1.0
Git#16>remote: Enumerating objects: 19, done.        
Git#16>remote: Counting objects:   5% (1/19)        
Git#16>remote: Counting objects:  10% (2/19)        
Git#16>remote: Counting objects:  15% (3/19)        
Git#16>remote: Counting objects:  21% (4/19)        
Git#16>remote: Counting objects:  26% (5/19)        
Git#16>remote: Counting objects:  31% (6/19)        
Git#16>remote: Counting objects:  36% (7/19)        
Git#16>remote: Counting objects:  42% (8/19)        
Git#16>remote: Counting objects:  47% (9/19)        
Git#16>remote: Counting objects:  52% (10/19)        
Git#16>remote: Counting objects:  57% (11/19)        
Git#16>remote: Counting objects:  63% (12/19)        
Git#16>remote: Counting objects:  68% (13/19)        
Git#16>remote: Counting objects:  73% (14/19)        
Git#16>remote: Counting objects:  78% (15/19)        
Git#16>remote: Counting objects:  84% (16/19)        
Git#16>remote: Counting objects:  89% (17/19)        
Git#16>remote: Counting objects:  94% (18/19)        
Git#16>remote: Counting objects: 100% (19/19)        
Git#16>remote: Counting objects: 100% (19/19), done.        
Git#16>remote: Compressing objects:   7% (1/13)        
Git#16>remote: Compressing objects:  15% (2/13)        
Git#16>remote: Compressing objects:  23% (3/13)        
Git#16>remote: Compressing objects:  30% (4/13)        
Git#16>remote: Compressing objects:  38% (5/13)        
Git#16>remote: Compressing objects:  46% (6/13)        
Git#16>remote: Compressing objects:  53% (7/13)        
Git#16>remote: Compressing objects:  61% (8/13)        
Git#16>remote: Compressing objects:  69% (9/13)        
Git#16>remote: Compressing objects:  76% (10/13)        
Git#16>remote: Compressing objects:  84% (11/13)        
Git#16>remote: Compressing objects:  92% (12/13)        
Git#16>remote: Compressing objects: 100% (13/13)        
Git#16>remote: Compressing objects: 100% (13/13), done.        
Git#16>remote: Total 19 (delta 1), reused 19 (delta 1), pack-reused 0 (from 0)        
Git#16>Receiving objects:   5% (1/19)
Git#16>Receiving objects:  10% (2/19)
Git#16>Receiving objects:  15% (3/19)
Git#16>Receiving objects:  21% (4/19)
Git#16>Receiving objects:  26% (5/19)
Git#16>Receiving objects:  31% (6/19)
Git#16>Receiving objects:  36% (7/19)
Git#16>Receiving objects:  42% (8/19)
Git#16>Receiving objects:  47% (9/19)
Git#16>Receiving objects:  52% (10/19)
Git#16>Receiving objects:  57% (11/19)
Git#16>Receiving objects:  63% (12/19)
Git#16>Receiving objects:  68% (13/19)
Git#16>Receiving objects:  73% (14/19)
Git#16>Receiving objects:  78% (15/19)
Git#16>Receiving objects:  84% (16/19)
Git#16>Receiving objects:  89% (17/19)
Git#16>Receiving objects:  94% (18/19)
Git#16>Receiving objects: 100% (19/19)
Git#16>Receiving objects: 100% (19/19), 7.45 KiB | 3.73 MiB/s, done.
Git#18>Cloning into 'release-v6.1.0'...
Git#16>Resolving deltas:   0% (0/1)
Git#16>Resolving deltas: 100% (1/1)
Git#16>Resolving deltas: 100% (1/1), done.
Git#15>Success: git -C C:/Desktop/PSOC_Edge_AI/Demo/01_WiFi_BLE/mtb_shared/core-make clone --progress --origin cypress --no-checkout --filter=blob:none https://github.com/cypresssemiconductorco/core-make release-v3.10.0
Git#19>Starting: git -C C:/Desktop/PSOC_Edge_AI/Demo/01_WiFi_BLE/mtb_shared/freertos/release-v10.6.203 -c advice.detachedHead=false checkout --progress release-v10.6.203
Git#16>Success: git -C C:/Desktop/PSOC_Edge_AI/Demo/01_WiFi_BLE/mtb_shared/async-transfer clone --progress --origin cypress --no-checkout --filter=blob:none https://github.com/Infineon/async-transfer release-v1.1.1
Git#20>Starting: git -C C:/Desktop/PSOC_Edge_AI/Demo/01_WiFi_BLE/mtb_shared/retarget-io/release-v1.10.0 -c advice.detachedHead=false checkout --progress release-v1.10.0
Git#17>remote: Enumerating objects: 38232, done.        
Git#17>remote: Counting objects:   0% (1/15924)        
Git#17>remote: Counting objects:   1% (160/15924)        
Git#17>remote: Counting objects:   2% (319/15924)        
Git#17>remote: Counting objects:   3% (478/15924)        
Git#17>remote: Counting objects:   4% (637/15924)        
Git#17>remote: Counting objects:   5% (797/15924)        
Git#17>remote: Counting objects:   6% (956/15924)        
Git#17>remote: Counting objects:   7% (1115/15924)        
Git#17>remote: Counting objects:   8% (1274/15924)        
Git#17>remote: Counting objects:   9% (1434/15924)        
Git#17>remote: Counting objects:  10% (1593/15924)        
Git#17>remote: Counting objects:  11% (1752/15924)        
Git#17>remote: Counting objects:  12% (1911/15924)        
Git#17>remote: Counting objects:  13% (2071/15924)        
Git#17>remote: Counting objects:  14% (2230/15924)        
Git#17>remote: Counting objects:  15% (2389/15924)        
Git#17>remote: Counting objects:  16% (2548/15924)        
Git#17>remote: Counting objects:  17% (2708/15924)        
Git#17>remote: Counting objects:  18% (2867/15924)        
Git#17>remote: Counting objects:  19% (3026/15924)        
Git#17>remote: Counting objects:  20% (3185/15924)        
Git#17>remote: Counting objects:  21% (3345/15924)        
Git#17>remote: Counting objects:  22% (3504/15924)        
Git#17>remote: Counting objects:  23% (3663/15924)        
Git#17>remote: Counting objects:  24% (3822/15924)        
Git#17>remote: Counting objects:  25% (3981/15924)        
Git#17>remote: Counting objects:  26% (4141/15924)        
Git#17>remote: Counting objects:  27% (4300/15924)        
Git#17>remote: Counting objects:  28% (4459/15924)        
Git#17>remote: Counting objects:  29% (4618/15924)        
Git#17>remote: Counting objects:  30% (4778/15924)        
Git#17>remote: Counting objects:  31% (4937/15924)        
Git#17>remote: Counting objects:  32% (5096/15924)        
Git#17>remote: Counting objects:  33% (5255/15924)        
Git#17>remote: Counting objects:  34% (5415/15924)        
Git#17>remote: Counting objects:  35% (5574/15924)        
Git#17>remote: Counting objects:  36% (5733/15924)        
Git#17>remote: Counting objects:  37% (5892/15924)        
Git#17>remote: Counting objects:  38% (6052/15924)        
Git#17>remote: Counting objects:  39% (6211/15924)        
Git#17>remote: Counting objects:  40% (6370/15924)        
Git#17>remote: Counting objects:  41% (6529/15924)        
Git#17>remote: Counting objects:  42% (6689/15924)        
Git#17>remote: Counting objects:  43% (6848/15924)        
Git#17>remote: Counting objects:  44% (7007/15924)        
Git#17>remote: Counting objects:  45% (7166/15924)        
Git#17>remote: Counting objects:  46% (7326/15924)        
Git#17>remote: Counting objects:  47% (7485/15924)        
Git#17>remote: Counting objects:  48% (7644/15924)        
Git#17>remote: Counting objects:  49% (7803/15924)        
Git#17>remote: Counting objects:  50% (7962/15924)        
Git#17>remote: Counting objects:  51% (8122/15924)        
Git#17>remote: Counting objects:  52% (8281/15924)        
Git#17>remote: Counting objects:  53% (8440/15924)        
Git#17>remote: Counting objects:  54% (8599/15924)        
Git#17>remote: Counting objects:  55% (8759/15924)        
Git#17>remote: Counting objects:  56% (8918/15924)        
Git#17>remote: Counting objects:  57% (9077/15924)        
Git#17>remote: Counting objects:  58% (9236/15924)        
Git#17>remote: Counting objects:  59% (9396/15924)        
Git#17>remote: Counting objects:  60% (9555/15924)        
Git#17>remote: Counting objects:  61% (9714/15924)        
Git#17>remote: Counting objects:  62% (9873/15924)        
Git#17>remote: Counting objects:  63% (10033/15924)        
Git#17>remote: Counting objects:  64% (10192/15924)        
Git#17>remote: Counting objects:  65% (10351/15924)        
Git#17>remote: Counting objects:  66% (10510/15924)        
Git#17>remote: Counting objects:  67% (10670/15924)        
Git#17>remote: Counting objects:  68% (10829/15924)        
Git#17>remote: Counting objects:  69% (10988/15924)        
Git#17>remote: Counting objects:  70% (11147/15924)        
Git#17>remote: Counting objects:  71% (11307/15924)        
Git#17>remote: Counting objects:  72% (11466/15924)        
Git#17>remote: Counting objects:  73% (11625/15924)        
Git#17>remote: Counting objects:  74% (11784/15924)        
Git#17>remote: Counting objects:  75% (11943/15924)        
Git#17>remote: Counting objects:  76% (12103/15924)        
Git#17>remote: Counting objects:  77% (12262/15924)        
Git#17>remote: Counting objects:  78% (12421/15924)        
Git#17>remote: Counting objects:  79% (12580/15924)        
Git#17>remote: Counting objects:  80% (12740/15924)        
Git#17>remote: Counting objects:  81% (12899/15924)        
Git#17>remote: Counting objects:  82% (13058/15924)        
Git#17>remote: Counting objects:  83% (13217/15924)        
Git#17>remote: Counting objects:  84% (13377/15924)        
Git#17>remote: Counting objects:  85% (13536/15924)        
Git#17>remote: Counting objects:  86% (13695/15924)        
Git#17>remote: Counting objects:  87% (13854/15924)        
Git#17>remote: Counting objects:  88% (14014/15924)        
Git#17>remote: Counting objects:  89% (14173/15924)        
Git#17>remote: Counting objects:  90% (14332/15924)        
Git#17>remote: Counting objects:  91% (14491/15924)        
Git#17>remote: Counting objects:  92% (14651/15924)        
Git#17>remote: Counting objects:  93% (14810/15924)        
Git#17>remote: Counting objects:  94% (14969/15924)        
Git#17>remote: Counting objects:  95% (15128/15924)        
Git#17>remote: Counting objects:  96% (15288/15924)        
Git#17>remote: Counting objects:  97% (15447/15924)        
Git#17>remote: Counting objects:  98% (15606/15924)        
Git#17>remote: Counting objects:  99% (15765/15924)        
Git#17>remote: Counting objects: 100% (15924/15924)        
Git#17>remote: Counting objects: 100% (15924/15924), done.        
Git#17>remote: Compressing objects:   0% (1/9846)        
Git#17>remote: Compressing objects:   1% (99/9846)        
Git#17>remote: Compressing objects:   2% (197/9846)        
Git#17>remote: Compressing objects:   3% (296/9846)        
Git#17>remote: Compressing objects:   4% (394/9846)        
Git#17>remote: Compressing objects:   5% (493/9846)        
Git#17>remote: Compressing objects:   6% (591/9846)        
Git#17>remote: Compressing objects:   7% (690/9846)        
Git#17>remote: Compressing objects:   8% (788/9846)        
Git#17>remote: Compressing objects:   9% (887/9846)        
Git#17>remote: Compressing objects:  10% (985/9846)        
Git#17>remote: Compressing objects:  11% (1084/9846)        
Git#17>remote: Compressing objects:  12% (1182/9846)        
Git#17>remote: Compressing objects:  13% (1280/9846)        
Git#17>remote: Compressing objects:  14% (1379/9846)        
Git#17>remote: Compressing objects:  15% (1477/9846)        
Git#17>remote: Compressing objects:  16% (1576/9846)        
Git#17>remote: Compressing objects:  17% (1674/9846)        
Git#17>remote: Compressing objects:  18% (1773/9846)        
Git#17>remote: Compressing objects:  19% (1871/9846)        
Git#17>remote: Compressing objects:  20% (1970/9846)        
Git#17>remote: Compressing objects:  21% (2068/9846)        
Git#17>remote: Compressing objects:  22% (2167/9846)        
Git#17>remote: Compressing objects:  23% (2265/9846)        
Git#17>remote: Compressing objects:  24% (2364/9846)        
Git#17>remote: Compressing objects:  25% (2462/9846)        
Git#17>remote: Compressing objects:  26% (2560/9846)        
Git#17>remote: Compressing objects:  27% (2659/9846)        
Git#17>remote: Compressing objects:  28% (2757/9846)        
Git#17>remote: Compressing objects:  29% (2856/9846)        
Git#17>remote: Compressing objects:  30% (2954/9846)        
Git#17>remote: Compressing objects:  31% (3053/9846)        
Git#17>remote: Compressing objects:  32% (3151/9846)        
Git#17>remote: Compressing objects:  33% (3250/9846)        
Git#17>remote: Compressing objects:  34% (3348/9846)        
Git#17>remote: Compressing objects:  35% (3447/9846)        
Git#17>remote: Compressing objects:  36% (3545/9846)        
Git#17>remote: Compressing objects:  37% (3644/9846)        
Git#17>remote: Compressing objects:  38% (3742/9846)        
Git#17>remote: Compressing objects:  39% (3840/9846)        
Git#17>remote: Compressing objects:  40% (3939/9846)        
Git#17>remote: Compressing objects:  41% (4037/9846)        
Git#17>remote: Compressing objects:  42% (4136/9846)        
Git#17>remote: Compressing objects:  43% (4234/9846)        
Git#17>remote: Compressing objects:  44% (4333/9846)        
Git#17>remote: Compressing objects:  45% (4431/9846)        
Git#17>remote: Compressing objects:  46% (4530/9846)        
Git#17>remote: Compressing objects:  47% (4628/9846)        
Git#17>remote: Compressing objects:  48% (4727/9846)        
Git#17>remote: Compressing objects:  49% (4825/9846)        
Git#17>remote: Compressing objects:  50% (4923/9846)        
Git#17>remote: Compressing objects:  51% (5022/9846)        
Git#17>remote: Compressing objects:  52% (5120/9846)        
Git#17>remote: Compressing objects:  53% (5219/9846)        
Git#17>remote: Compressing objects:  54% (5317/9846)        
Git#17>remote: Compressing objects:  55% (5416/9846)        
Git#17>remote: Compressing objects:  56% (5514/9846)        
Git#17>remote: Compressing objects:  57% (5613/9846)        
Git#17>remote: Compressing objects:  58% (5711/9846)        
Git#17>remote: Compressing objects:  59% (5810/9846)        
Git#17>remote: Compressing objects:  60% (5908/9846)        
Git#17>remote: Compressing objects:  61% (6007/9846)        
Git#17>remote: Compressing objects:  62% (6105/9846)        
Git#17>remote: Compressing objects:  63% (6203/9846)        
Git#17>remote: Compressing objects:  64% (6302/9846)        
Git#17>remote: Compressing objects:  65% (6400/9846)        
Git#17>remote: Compressing objects:  66% (6499/9846)        
Git#17>remote: Compressing objects:  67% (6597/9846)        
Git#17>remote: Compressing objects:  68% (6696/9846)        
Git#17>remote: Compressing objects:  69% (6794/9846)        
Git#17>remote: Compressing objects:  70% (6893/9846)        
Git#17>remote: Compressing objects:  71% (6991/9846)        
Git#17>remote: Compressing objects:  72% (7090/9846)        
Git#17>remote: Compressing objects:  73% (7188/9846)        
Git#17>remote: Compressing objects:  74% (7287/9846)        
Git#17>remote: Compressing objects:  75% (7385/9846)        
Git#17>remote: Compressing objects:  76% (7483/9846)        
Git#17>remote: Compressing objects:  77% (7582/9846)        
Git#17>remote: Compressing objects:  78% (7680/9846)        
Git#17>remote: Compressing objects:  79% (7779/9846)        
Git#17>remote: Compressing objects:  80% (7877/9846)        
Git#17>remote: Compressing objects:  81% (7976/9846)        
Git#17>remote: Compressing objects:  82% (8074/9846)        
Git#17>remote: Compressing objects:  83% (8173/9846)        
Git#17>remote: Compressing objects:  84% (8271/9846)        
Git#17>remote: Compressing objects:  85% (8370/9846)        
Git#17>remote: Compressing objects:  86% (8468/9846)        
Git#17>remote: Compressing objects:  87% (8567/9846)        
Git#17>remote: Compressing objects:  88% (8665/9846)        
Git#17>remote: Compressing objects:  89% (8763/9846)        
Git#17>remote: Compressing objects:  90% (8862/9846)        
Git#17>remote: Compressing objects:  91% (8960/9846)        
Git#17>remote: Compressing objects:  92% (9059/9846)        
Git#17>remote: Compressing objects:  93% (9157/9846)        
Git#17>remote: Compressing objects:  94% (9256/9846)        
Git#17>remote: Compressing objects:  95% (9354/9846)        
Git#17>remote: Compressing objects:  96% (9453/9846)        
Git#17>remote: Compressing objects:  97% (9551/9846)        
Git#17>remote: Compressing objects:  98% (9650/9846)        
Git#17>remote: Compressing objects:  99% (9748/9846)        
Git#17>remote: Compressing objects: 100% (9846/9846)        
Git#17>remote: Compressing objects: 100% (9846/9846), done.        
Git#17>Receiving objects:   0% (1/38232)
Git#17>Receiving objects:   1% (383/38232)
Git#17>Receiving objects:   2% (765/38232)
Git#17>Receiving objects:   3% (1147/38232)
Git#17>Receiving objects:   4% (1530/38232)
Git#17>Receiving objects:   5% (1912/38232)
Git#17>Receiving objects:   6% (2294/38232)
Git#17>Receiving objects:   7% (2677/38232)
Git#17>Receiving objects:   8% (3059/38232)
Git#17>Receiving objects:   9% (3441/38232)
Git#17>Receiving objects:  10% (3824/38232)
Git#17>Receiving objects:  11% (4206/38232)
Git#17>Receiving objects:  12% (4588/38232)
Git#17>Receiving objects:  13% (4971/38232)
Git#17>Receiving objects:  14% (5353/38232)
Git#17>Receiving objects:  15% (5735/38232)
Git#17>Receiving objects:  16% (6118/38232)
Git#17>Receiving objects:  17% (6500/38232)
Git#17>Receiving objects:  18% (6882/38232)
Git#17>Receiving objects:  19% (7265/38232)
Git#17>Receiving objects:  20% (7647/38232)
Git#17>Receiving objects:  21% (8029/38232)
Git#17>Receiving objects:  22% (8412/38232)
Git#17>Receiving objects:  23% (8794/38232)
Git#17>Receiving objects:  24% (9176/38232)
Git#17>Receiving objects:  25% (9558/38232)
Git#17>Receiving objects:  26% (9941/38232)
Git#17>Receiving objects:  27% (10323/38232)
Git#17>Receiving objects:  28% (10705/38232)
Git#17>Receiving objects:  29% (11088/38232)
Git#17>Receiving objects:  30% (11470/38232)
Git#17>Receiving objects:  31% (11852/38232)
Git#17>Receiving objects:  32% (12235/38232)
Git#17>Receiving objects:  33% (12617/38232)
Git#17>Receiving objects:  34% (12999/38232)
Git#17>Receiving objects:  35% (13382/38232)
Git#17>Receiving objects:  36% (13764/38232)
Git#17>Receiving objects:  37% (14146/38232)
Git#17>Receiving objects:  38% (14529/38232)
Git#17>Receiving objects:  39% (14911/38232)
Git#17>Receiving objects:  40% (15293/38232)
Git#17>Receiving objects:  41% (15676/38232)
Git#17>Receiving objects:  42% (16058/38232)
Git#17>Receiving objects:  43% (16440/38232)
Git#17>Receiving objects:  44% (16823/38232)
Git#17>Receiving objects:  45% (17205/38232)
Git#17>Receiving objects:  46% (17587/38232)
Git#17>Receiving objects:  47% (17970/38232)
Git#17>Receiving objects:  48% (18352/38232)
Git#17>Receiving objects:  49% (18734/38232)
Git#17>Receiving objects:  50% (19116/38232)
Git#17>Receiving objects:  51% (19499/38232)
Git#17>Receiving objects:  52% (19881/38232)
Git#17>Receiving objects:  53% (20263/38232)
Git#17>Receiving objects:  54% (20646/38232)
Git#17>Receiving objects:  55% (21028/38232)
Git#17>Receiving objects:  56% (21410/38232)
Git#17>Receiving objects:  57% (21793/38232)
Git#17>Receiving objects:  58% (22175/38232)
Git#17>Receiving objects:  59% (22557/38232)
Git#17>Receiving objects:  60% (22940/38232)
Git#17>Receiving objects:  61% (23322/38232)
Git#17>Receiving objects:  62% (23704/38232)
Git#17>Receiving objects:  63% (24087/38232)
Git#17>Receiving objects:  64% (24469/38232)
Git#17>Receiving objects:  65% (24851/38232)
Git#17>Receiving objects:  66% (25234/38232)
Git#17>Receiving objects:  67% (25616/38232)
Git#17>Receiving objects:  68% (25998/38232)
Git#17>Receiving objects:  69% (26381/38232)
Git#17>Receiving objects:  70% (26763/38232)
Git#17>Receiving objects:  71% (27145/38232)
Git#17>Receiving objects:  72% (27528/38232)
Git#17>Receiving objects:  73% (27910/38232)
Git#17>Receiving objects:  74% (28292/38232)
Git#17>Receiving objects:  75% (28674/38232)
Git#17>Receiving objects:  76% (29057/38232)
Git#17>Receiving objects:  77% (29439/38232)
Git#17>Receiving objects:  78% (29821/38232)
Git#17>Receiving objects:  79% (30204/38232)
Git#17>Receiving objects:  80% (30586/38232)
Git#17>Receiving objects:  81% (30968/38232)
Git#17>Receiving objects:  82% (31351/38232)
Git#17>Receiving objects:  83% (31733/38232)
Git#17>Receiving objects:  84% (32115/38232)
Git#17>Receiving objects:  85% (32498/38232)
Git#17>Receiving objects:  86% (32880/38232)
Git#17>Receiving objects:  87% (33262/38232)
Git#17>Receiving objects:  88% (33645/38232)
Git#17>Receiving objects:  89% (34027/38232)
Git#17>Receiving objects:  90% (34409/38232)
Git#17>Receiving objects:  91% (34792/38232)
Git#17>Receiving objects:  92% (35174/38232)
Git#17>Receiving objects:  93% (35556/38232)
Git#17>Receiving objects:  94% (35939/38232)
Git#17>Receiving objects:  95% (36321/38232)
Git#17>remote: Total 38232 (delta 2167), reused 15824 (delta 2113), pack-reused 22308 (from 1)        
Git#17>Receiving objects:  96% (36703/38232)
Git#17>Receiving objects:  97% (37086/38232)
Git#17>Receiving objects:  98% (37468/38232)
Git#17>Receiving objects:  99% (37850/38232)
Git#17>Receiving objects: 100% (38232/38232)
Git#17>Receiving objects: 100% (38232/38232), 3.41 MiB | 10.96 MiB/s, done.
Git#17>Resolving deltas:   0% (0/5414)
Git#17>Resolving deltas:   1% (56/5414)
Git#17>Resolving deltas:   2% (109/5414)
Git#17>Resolving deltas:   3% (163/5414)
Git#17>Resolving deltas:   4% (217/5414)
Git#17>Resolving deltas:   5% (271/5414)
Git#17>Resolving deltas:   6% (325/5414)
Git#17>Resolving deltas:   7% (379/5414)
Git#17>Resolving deltas:   8% (434/5414)
Git#17>Resolving deltas:   9% (490/5414)
Git#17>Resolving deltas:  10% (542/5414)
Git#17>Resolving deltas:  11% (596/5414)
Git#17>Resolving deltas:  12% (651/5414)
Git#17>Resolving deltas:  13% (705/5414)
Git#17>Resolving deltas:  14% (758/5414)
Git#17>Resolving deltas:  15% (813/5414)
Git#17>Resolving deltas:  16% (867/5414)
Git#17>Resolving deltas:  17% (921/5414)
Git#17>Resolving deltas:  18% (975/5414)
Git#17>Resolving deltas:  19% (1029/5414)
Git#17>Resolving deltas:  20% (1083/5414)
Git#17>Resolving deltas:  21% (1138/5414)
Git#17>Resolving deltas:  22% (1193/5414)
Git#17>Resolving deltas:  23% (1246/5414)
Git#17>Resolving deltas:  24% (1300/5414)
Git#17>Resolving deltas:  25% (1354/5414)
Git#17>Resolving deltas:  26% (1409/5414)
Git#17>Resolving deltas:  27% (1463/5414)
Git#17>Resolving deltas:  28% (1517/5414)
Git#17>Resolving deltas:  29% (1571/5414)
Git#17>Resolving deltas:  30% (1626/5414)
Git#17>Resolving deltas:  31% (1680/5414)
Git#17>Resolving deltas:  32% (1733/5414)
Git#17>Resolving deltas:  33% (1787/5414)
Git#17>Resolving deltas:  34% (1841/5414)
Git#17>Resolving deltas:  35% (1896/5414)
Git#17>Resolving deltas:  36% (1950/5414)
Git#17>Resolving deltas:  37% (2004/5414)
Git#17>Resolving deltas:  38% (2058/5414)
Git#17>Resolving deltas:  39% (2112/5414)
Git#17>Resolving deltas:  40% (2166/5414)
Git#17>Resolving deltas:  41% (2220/5414)
Git#17>Resolving deltas:  42% (2275/5414)
Git#17>Resolving deltas:  43% (2330/5414)
Git#17>Resolving deltas:  44% (2383/5414)
Git#17>Resolving deltas:  45% (2437/5414)
Git#17>Resolving deltas:  46% (2491/5414)
Git#17>Resolving deltas:  47% (2546/5414)
Git#17>Resolving deltas:  48% (2599/5414)
Git#17>Resolving deltas:  49% (2653/5414)
Git#17>Resolving deltas:  50% (2707/5414)
Git#17>Resolving deltas:  51% (2762/5414)
Git#17>Resolving deltas:  52% (2816/5414)
Git#17>Resolving deltas:  53% (2871/5414)
Git#17>Resolving deltas:  54% (2925/5414)
Git#17>Resolving deltas:  55% (2980/5414)
Git#17>Resolving deltas:  56% (3034/5414)
Git#17>Resolving deltas:  57% (3086/5414)
Git#17>Resolving deltas:  58% (3141/5414)
Git#17>Resolving deltas:  59% (3195/5414)
Git#17>Resolving deltas:  60% (3249/5414)
Git#17>Resolving deltas:  61% (3303/5414)
Git#17>Resolving deltas:  62% (3357/5414)
Git#17>Resolving deltas:  63% (3412/5414)
Git#17>Resolving deltas:  64% (3466/5414)
Git#17>Resolving deltas:  65% (3520/5414)
Git#17>Resolving deltas:  66% (3575/5414)
Git#17>Resolving deltas:  67% (3628/5414)
Git#17>Resolving deltas:  68% (3682/5414)
Git#17>Resolving deltas:  69% (3736/5414)
Git#17>Resolving deltas:  70% (3790/5414)
Git#17>Resolving deltas:  71% (3844/5414)
Git#17>Resolving deltas:  72% (3899/5414)
Git#17>Resolving deltas:  73% (3953/5414)
Git#17>Resolving deltas:  74% (4007/5414)
Git#17>Resolving deltas:  75% (4061/5414)
Git#17>Resolving deltas:  76% (4115/5414)
Git#17>Resolving deltas:  77% (4169/5414)
Git#17>Resolving deltas:  78% (4223/5414)
Git#17>Resolving deltas:  79% (4279/5414)
Git#17>Resolving deltas:  80% (4332/5414)
Git#17>Resolving deltas:  81% (4386/5414)
Git#17>Resolving deltas:  82% (4440/5414)
Git#17>Resolving deltas:  83% (4494/5414)
Git#17>Resolving deltas:  84% (4548/5414)
Git#17>Resolving deltas:  85% (4602/5414)
Git#17>Resolving deltas:  86% (4657/5414)
Git#17>Resolving deltas:  87% (4711/5414)
Git#17>Resolving deltas:  88% (4765/5414)
Git#17>Resolving deltas:  89% (4819/5414)
Git#17>Resolving deltas:  90% (4873/5414)
Git#17>Resolving deltas:  91% (4927/5414)
Git#17>Resolving deltas:  92% (4981/5414)
Git#17>Resolving deltas:  93% (5036/5414)
Git#18>remote: Enumerating objects: 100, done.        
Git#18>remote: Counting objects:   1% (1/100)        
Git#18>remote: Counting objects:   2% (2/100)        
Git#18>remote: Counting objects:   3% (3/100)        
Git#18>remote: Counting objects:   4% (4/100)        
Git#18>remote: Counting objects:   5% (5/100)        
Git#18>remote: Counting objects:   6% (6/100)        
Git#18>remote: Counting objects:   7% (7/100)        
Git#18>remote: Counting objects:   8% (8/100)        
Git#18>remote: Counting objects:   9% (9/100)        
Git#18>remote: Counting objects:  10% (10/100)        
Git#18>remote: Counting objects:  11% (11/100)        
Git#18>remote: Counting objects:  12% (12/100)        
Git#18>remote: Counting objects:  13% (13/100)        
Git#18>remote: Counting objects:  14% (14/100)        
Git#18>remote: Counting objects:  15% (15/100)        
Git#18>remote: Counting objects:  16% (16/100)        
Git#18>remote: Counting objects:  17% (17/100)        
Git#18>remote: Counting objects:  18% (18/100)        
Git#18>remote: Counting objects:  19% (19/100)        
Git#18>remote: Counting objects:  20% (20/100)        
Git#18>remote: Counting objects:  21% (21/100)        
Git#18>remote: Counting objects:  22% (22/100)        
Git#17>Resolving deltas:  94% (5090/5414)
Git#17>Resolving deltas:  95% (5144/5414)
Git#18>remote: Counting objects:  23% (23/100)        
Git#18>remote: Counting objects:  24% (24/100)        
Git#18>remote: Counting objects:  25% (25/100)        
Git#18>remote: Counting objects:  26% (26/100)        
Git#18>remote: Counting objects:  27% (27/100)        
Git#18>remote: Counting objects:  28% (28/100)        
Git#18>remote: Counting objects:  29% (29/100)        
Git#18>remote: Counting objects:  30% (30/100)        
Git#18>remote: Counting objects:  31% (31/100)        
Git#18>remote: Counting objects:  32% (32/100)        
Git#18>remote: Counting objects:  33% (33/100)        
Git#18>remote: Counting objects:  34% (34/100)        
Git#18>remote: Counting objects:  35% (35/100)        
Git#18>remote: Counting objects:  36% (36/100)        
Git#18>remote: Counting objects:  37% (37/100)        
Git#18>remote: Counting objects:  38% (38/100)        
Git#18>remote: Counting objects:  39% (39/100)        
Git#18>remote: Counting objects:  40% (40/100)        
Git#18>remote: Counting objects:  41% (41/100)        
Git#18>remote: Counting objects:  42% (42/100)        
Git#18>remote: Counting objects:  43% (43/100)        
Git#18>remote: Counting objects:  44% (44/100)        
Git#18>remote: Counting objects:  45% (45/100)        
Git#18>remote: Counting objects:  46% (46/100)        
Git#18>remote: Counting objects:  47% (47/100)        
Git#18>remote: Counting objects:  48% (48/100)        
Git#18>remote: Counting objects:  49% (49/100)        
Git#18>remote: Counting objects:  50% (50/100)        
Git#18>remote: Counting objects:  51% (51/100)        
Git#18>remote: Counting objects:  52% (52/100)        
Git#18>remote: Counting objects:  53% (53/100)        
Git#18>remote: Counting objects:  54% (54/100)        
Git#18>remote: Counting objects:  55% (55/100)        
Git#18>remote: Counting objects:  56% (56/100)        
Git#18>remote: Counting objects:  57% (57/100)        
Git#18>remote: Counting objects:  58% (58/100)        
Git#18>remote: Counting objects:  59% (59/100)        
Git#18>remote: Counting objects:  60% (60/100)        
Git#18>remote: Counting objects:  61% (61/100)        
Git#18>remote: Counting objects:  62% (62/100)        
Git#18>remote: Counting objects:  63% (63/100)        
Git#18>remote: Counting objects:  64% (64/100)        
Git#18>remote: Counting objects:  65% (65/100)        
Git#18>remote: Counting objects:  66% (66/100)        
Git#18>remote: Counting objects:  67% (67/100)        
Git#18>remote: Counting objects:  68% (68/100)        
Git#18>remote: Counting objects:  69% (69/100)        
Git#18>remote: Counting objects:  70% (70/100)        
Git#18>remote: Counting objects:  71% (71/100)        
Git#18>remote: Counting objects:  72% (72/100)        
Git#18>remote: Counting objects:  73% (73/100)        
Git#18>remote: Counting objects:  74% (74/100)        
Git#18>remote: Counting objects:  75% (75/100)        
Git#18>remote: Counting objects:  76% (76/100)        
Git#18>remote: Counting objects:  77% (77/100)        
Git#18>remote: Counting objects:  78% (78/100)        
Git#18>remote: Counting objects:  79% (79/100)        
Git#18>remote: Counting objects:  80% (80/100)        
Git#18>remote: Counting objects:  81% (81/100)        
Git#18>remote: Counting objects:  82% (82/100)        
Git#18>remote: Counting objects:  83% (83/100)        
Git#18>remote: Counting objects:  84% (84/100)        
Git#18>remote: Counting objects:  85% (85/100)        
Git#18>remote: Counting objects:  86% (86/100)        
Git#18>remote: Counting objects:  87% (87/100)        
Git#18>remote: Counting objects:  88% (88/100)        
Git#18>remote: Counting objects:  89% (89/100)        
Git#18>remote: Counting objects:  90% (90/100)        
Git#18>remote: Counting objects:  91% (91/100)        
Git#18>remote: Counting objects:  92% (92/100)        
Git#18>remote: Counting objects:  93% (93/100)        
Git#18>remote: Counting objects:  94% (94/100)        
Git#18>remote: Counting objects:  95% (95/100)        
Git#18>remote: Counting objects:  96% (96/100)        
Git#18>remote: Counting objects:  97% (97/100)        
Git#18>remote: Counting objects:  98% (98/100)        
Git#18>remote: Counting objects:  99% (99/100)        
Git#18>remote: Counting objects: 100% (100/100)        
Git#18>remote: Counting objects: 100% (100/100), done.        
Git#18>remote: Compressing objects:   1% (1/82)        
Git#18>remote: Compressing objects:   2% (2/82)        
Git#18>remote: Compressing objects:   3% (3/82)        
Git#18>remote: Compressing objects:   4% (4/82)        
Git#18>remote: Compressing objects:   6% (5/82)        
Git#18>remote: Compressing objects:   7% (6/82)        
Git#18>remote: Compressing objects:   8% (7/82)        
Git#18>remote: Compressing objects:   9% (8/82)        
Git#18>remote: Compressing objects:  10% (9/82)        
Git#18>remote: Compressing objects:  12% (10/82)        
Git#18>remote: Compressing objects:  13% (11/82)        
Git#18>remote: Compressing objects:  14% (12/82)        
Git#18>remote: Compressing objects:  15% (13/82)        
Git#18>remote: Compressing objects:  17% (14/82)        
Git#18>remote: Compressing objects:  18% (15/82)        
Git#18>remote: Compressing objects:  19% (16/82)        
Git#18>remote: Compressing objects:  20% (17/82)        
Git#18>remote: Compressing objects:  21% (18/82)        
Git#18>remote: Compressing objects:  23% (19/82)        
Git#18>remote: Compressing objects:  24% (20/82)        
Git#18>remote: Compressing objects:  25% (21/82)        
Git#18>remote: Compressing objects:  26% (22/82)        
Git#18>remote: Compressing objects:  28% (23/82)        
Git#18>remote: Compressing objects:  29% (24/82)        
Git#18>remote: Compressing objects:  30% (25/82)        
Git#18>remote: Compressing objects:  31% (26/82)        
Git#18>remote: Compressing objects:  32% (27/82)        
Git#18>remote: Compressing objects:  34% (28/82)        
Git#18>remote: Compressing objects:  35% (29/82)        
Git#18>remote: Compressing objects:  36% (30/82)        
Git#18>remote: Compressing objects:  37% (31/82)        
Git#18>remote: Compressing objects:  39% (32/82)        
Git#18>remote: Compressing objects:  40% (33/82)        
Git#18>remote: Compressing objects:  41% (34/82)        
Git#18>remote: Compressing objects:  42% (35/82)        
Git#18>remote: Compressing objects:  43% (36/82)        
Git#18>remote: Compressing objects:  45% (37/82)        
Git#18>remote: Compressing objects:  46% (38/82)        
Git#18>remote: Compressing objects:  47% (39/82)        
Git#18>remote: Compressing objects:  48% (40/82)        
Git#18>remote: Compressing objects:  50% (41/82)        
Git#18>remote: Compressing objects:  51% (42/82)        
Git#18>remote: Compressing objects:  52% (43/82)        
Git#18>remote: Compressing objects:  53% (44/82)        
Git#18>remote: Compressing objects:  54% (45/82)        
Git#18>remote: Compressing objects:  56% (46/82)        
Git#18>remote: Compressing objects:  57% (47/82)        
Git#18>remote: Compressing objects:  58% (48/82)        
Git#18>remote: Compressing objects:  59% (49/82)        
Git#18>remote: Compressing objects:  60% (50/82)        
Git#18>remote: Compressing objects:  62% (51/82)        
Git#18>remote: Compressing objects:  63% (52/82)        
Git#18>remote: Compressing objects:  64% (53/82)        
Git#18>remote: Compressing objects:  65% (54/82)        
Git#18>remote: Compressing objects:  67% (55/82)        
Git#18>remote: Compressing objects:  68% (56/82)        
Git#18>remote: Compressing objects:  69% (57/82)        
Git#18>remote: Compressing objects:  70% (58/82)        
Git#18>remote: Compressing objects:  71% (59/82)        
Git#18>remote: Compressing objects:  73% (60/82)        
Git#18>remote: Compressing objects:  74% (61/82)        
Git#18>remote: Compressing objects:  75% (62/82)        
Git#18>remote: Compressing objects:  76% (63/82)        
Git#18>remote: Compressing objects:  78% (64/82)        
Git#18>remote: Compressing objects:  79% (65/82)        
Git#18>remote: Compressing objects:  80% (66/82)        
Git#18>remote: Compressing objects:  81% (67/82)        
Git#18>remote: Compressing objects:  82% (68/82)        
Git#18>remote: Compressing objects:  84% (69/82)        
Git#18>remote: Compressing objects:  85% (70/82)        
Git#18>remote: Compressing objects:  86% (71/82)        
Git#18>remote: Compressing objects:  87% (72/82)        
Git#18>remote: Compressing objects:  89% (73/82)        
Git#18>remote: Compressing objects:  90% (74/82)        
Git#18>remote: Compressing objects:  91% (75/82)        
Git#18>remote: Compressing objects:  92% (76/82)        
Git#18>remote: Compressing objects:  93% (77/82)        
Git#18>remote: Compressing objects:  95% (78/82)        
Git#18>remote: Compressing objects:  96% (79/82)        
Git#18>remote: Compressing objects:  97% (80/82)        
Git#18>remote: Compressing objects:  98% (81/82)        
Git#18>remote: Compressing objects: 100% (82/82)        
Git#18>remote: Compressing objects: 100% (82/82), done.        
Git#17>Resolving deltas:  96% (5199/5414)
Git#17>Resolving deltas:  97% (5252/5414)
Git#17>Resolving deltas:  98% (5307/5414)
Git#17>Resolving deltas:  99% (5360/5414)
Git#17>Resolving deltas: 100% (5414/5414)
Git#17>Resolving deltas: 100% (5414/5414), done.
Git#18>Receiving objects:   1% (1/100)
Git#18>Receiving objects:   2% (2/100)
Git#18>Receiving objects:   3% (3/100)
Git#18>Receiving objects:   4% (4/100)
Git#18>Receiving objects:   5% (5/100)
Git#18>Receiving objects:   6% (6/100)
Git#18>Receiving objects:   7% (7/100)
Git#18>Receiving objects:   8% (8/100)
Git#18>Receiving objects:   9% (9/100)
Git#18>Receiving objects:  10% (10/100)
Git#18>Receiving objects:  11% (11/100)
Git#18>Receiving objects:  12% (12/100)
Git#18>Receiving objects:  13% (13/100)
Git#18>Receiving objects:  14% (14/100)
Git#18>Receiving objects:  15% (15/100)
Git#18>Receiving objects:  16% (16/100)
Git#18>Receiving objects:  17% (17/100)
Git#18>Receiving objects:  18% (18/100)
Git#18>Receiving objects:  19% (19/100)
Git#18>Receiving objects:  20% (20/100)
Git#18>Receiving objects:  21% (21/100)
Git#18>Receiving objects:  22% (22/100)
Git#18>Receiving objects:  23% (23/100)
Git#18>Receiving objects:  24% (24/100)
Git#18>Receiving objects:  25% (25/100)
Git#18>Receiving objects:  26% (26/100)
Git#18>Receiving objects:  27% (27/100)
Git#18>Receiving objects:  28% (28/100)
Git#18>Receiving objects:  29% (29/100)
Git#18>Receiving objects:  30% (30/100)
Git#18>Receiving objects:  31% (31/100)
Git#18>Receiving objects:  32% (32/100)
Git#18>Receiving objects:  33% (33/100)
Git#18>Receiving objects:  34% (34/100)
Git#18>Receiving objects:  35% (35/100)
Git#18>Receiving objects:  36% (36/100)
Git#18>Receiving objects:  37% (37/100)
Git#18>Receiving objects:  38% (38/100)
Git#18>Receiving objects:  39% (39/100)
Git#18>Receiving objects:  40% (40/100)
Git#18>Receiving objects:  41% (41/100)
Git#18>Receiving objects:  42% (42/100)
Git#18>Receiving objects:  43% (43/100)
Git#18>Receiving objects:  44% (44/100)
Git#18>Receiving objects:  45% (45/100)
Git#18>Receiving objects:  46% (46/100)
Git#18>Receiving objects:  47% (47/100)
Git#18>Receiving objects:  48% (48/100)
Git#18>Receiving objects:  49% (49/100)
Git#18>Receiving objects:  50% (50/100)
Git#18>Receiving objects:  51% (51/100)
Git#18>Receiving objects:  52% (52/100)
Git#18>Receiving objects:  53% (53/100)
Git#18>remote: Total 100 (delta 18), reused 94 (delta 14), pack-reused 0 (from 0)        
Git#18>Receiving objects:  54% (54/100)
Git#18>Receiving objects:  55% (55/100)
Git#18>Receiving objects:  56% (56/100)
Git#18>Receiving objects:  57% (57/100)
Git#18>Receiving objects:  58% (58/100)
Git#18>Receiving objects:  59% (59/100)
Git#18>Receiving objects:  60% (60/100)
Git#18>Receiving objects:  61% (61/100)
Git#18>Receiving objects:  62% (62/100)
Git#18>Receiving objects:  63% (63/100)
Git#18>Receiving objects:  64% (64/100)
Git#18>Receiving objects:  65% (65/100)
Git#18>Receiving objects:  66% (66/100)
Git#18>Receiving objects:  67% (67/100)
Git#18>Receiving objects:  68% (68/100)
Git#18>Receiving objects:  69% (69/100)
Git#18>Receiving objects:  70% (70/100)
Git#18>Receiving objects:  71% (71/100)
Git#18>Receiving objects:  72% (72/100)
Git#18>Receiving objects:  73% (73/100)
Git#18>Receiving objects:  74% (74/100)
Git#18>Receiving objects:  75% (75/100)
Git#18>Receiving objects:  76% (76/100)
Git#18>Receiving objects:  77% (77/100)
Git#18>Receiving objects:  78% (78/100)
Git#18>Receiving objects:  79% (79/100)
Git#18>Receiving objects:  80% (80/100)
Git#18>Receiving objects:  81% (81/100)
Git#18>Receiving objects:  82% (82/100)
Git#18>Receiving objects:  83% (83/100)
Git#18>Receiving objects:  84% (84/100)
Git#18>Receiving objects:  85% (85/100)
Git#18>Receiving objects:  86% (86/100)
Git#18>Receiving objects:  87% (87/100)
Git#18>Receiving objects:  88% (88/100)
Git#18>Receiving objects:  89% (89/100)
Git#18>Receiving objects:  90% (90/100)
Git#18>Receiving objects:  91% (91/100)
Git#18>Receiving objects:  92% (92/100)
Git#18>Receiving objects:  93% (93/100)
Git#18>Receiving objects:  94% (94/100)
Git#18>Receiving objects:  95% (95/100)
Git#18>Receiving objects:  96% (96/100)
Git#18>Receiving objects:  97% (97/100)
Git#18>Receiving objects:  98% (98/100)
Git#18>Receiving objects:  99% (99/100)
Git#18>Receiving objects: 100% (100/100)
Git#18>Receiving objects: 100% (100/100), 56.93 KiB | 3.35 MiB/s, done.
Git#18>Resolving deltas:   0% (0/18)
Git#18>Resolving deltas:   5% (1/18)
Git#18>Resolving deltas:  11% (2/18)
Git#18>Resolving deltas:  16% (3/18)
Git#18>Resolving deltas:  22% (4/18)
Git#18>Resolving deltas:  27% (5/18)
Git#18>Resolving deltas:  33% (6/18)
Git#18>Resolving deltas:  38% (7/18)
Git#18>Resolving deltas:  44% (8/18)
Git#18>Resolving deltas:  50% (9/18)
Git#18>Resolving deltas:  55% (10/18)
Git#18>Resolving deltas:  61% (11/18)
Git#18>Resolving deltas:  66% (12/18)
Git#18>Resolving deltas:  72% (13/18)
Git#18>Resolving deltas:  77% (14/18)
Git#18>Resolving deltas:  83% (15/18)
Git#18>Resolving deltas:  88% (16/18)
Git#18>Resolving deltas:  94% (17/18)
Git#18>Resolving deltas: 100% (18/18)
Git#18>Resolving deltas: 100% (18/18), done.
Git#18>Success: git -C C:/Desktop/PSOC_Edge_AI/Demo/01_WiFi_BLE/mtb_shared/cmsis clone --progress --origin cypress --no-checkout --filter=blob:none https://github.com/Infineon/cmsis release-v6.1.0
Git#21>Starting: git -C C:/Desktop/PSOC_Edge_AI/Demo/01_WiFi_BLE/mtb_shared/btstack-integration/release-v7.0.2 -c advice.detachedHead=false checkout --progress release-v7.0.2
Git#20>Updating files:  13% (11/79)
Git#17>Success: git -C C:/Users/User/.modustoolbox/global/device-db clone --progress --origin cypress --no-checkout --filter=blob:none https://github.com/Infineon/device-db release-v4.41.0
Git#22>Starting: git -C C:/Desktop/PSOC_Edge_AI/Demo/01_WiFi_BLE/PSOC_Edge_Bluetooth_LE_FindMe/proj_cm33_ns/libs/TARGET_KIT_PSE84_AI -c advice.detachedHead=false checkout --progress release-v1.4.0
Git#20>Updating files:  15% (12/79)
Git#19>Updating files:   0% (2/297)
Git#19>Updating files:   1% (3/297)
Git#20>Updating files:  16% (13/79)
Git#19>Updating files:   2% (6/297)
Git#19>Updating files:   3% (9/297)
Git#20>Updating files:  17% (14/79)
Git#19>Updating files:   4% (12/297)
Git#20>Updating files:  18% (15/79)
Git#19>Updating files:   5% (15/297)
Git#19>Updating files:   6% (18/297)
Git#19>Updating files:   7% (21/297)
Git#19>Updating files:   8% (24/297)
Git#20>Updating files:  20% (16/79)
Git#19>Updating files:   9% (27/297)
Git#19>Updating files:  10% (30/297)
Git#20>Updating files:  21% (17/79)
Git#19>Updating files:  11% (33/297)
Git#19>Updating files:  12% (36/297)
Git#19>Updating files:  13% (39/297)
Git#20>Updating files:  22% (18/79)
Git#20>Updating files:  24% (19/79)
Git#19>Updating files:  14% (42/297)
Git#20>Updating files:  25% (20/79)
Git#20>Updating files:  26% (21/79)
Git#19>Updating files:  15% (45/297)
Git#20>Updating files:  27% (22/79)
Git#19>Updating files:  16% (48/297)
Git#20>Updating files:  29% (23/79)
Git#20>Updating files:  30% (24/79)
Git#19>Updating files:  17% (51/297)
Git#20>Updating files:  31% (25/79)
Git#20>Updating files:  32% (26/79)
Git#19>Updating files:  18% (54/297)
Git#20>Updating files:  34% (27/79)
Git#19>Updating files:  19% (57/297)
Git#20>Updating files:  35% (28/79)
Git#20>Updating files:  36% (29/79)
Git#19>Updating files:  20% (60/297)
Git#20>Updating files:  37% (30/79)
Git#20>Updating files:  39% (31/79)
Git#19>Updating files:  21% (63/297)
Git#20>Updating files:  40% (32/79)
Git#20>Updating files:  41% (33/79)
Git#19>Updating files:  22% (66/297)
Git#20>Updating files:  43% (34/79)
Git#20>Updating files:  44% (35/79)
Git#19>Updating files:  23% (69/297)
Git#20>Updating files:  45% (36/79)
Git#20>Updating files:  46% (37/79)
Git#19>Updating files:  24% (72/297)
Git#20>Updating files:  48% (38/79)
Git#19>Updating files:  25% (75/297)
Git#20>Updating files:  49% (39/79)
Git#19>Updating files:  26% (78/297)
Git#20>Updating files:  50% (40/79)
Git#19>Updating files:  27% (81/297)
Git#20>Updating files:  51% (41/79)
Git#20>Updating files:  53% (42/79)
Git#19>Updating files:  28% (84/297)
Git#20>Updating files:  54% (43/79)
Git#20>Updating files:  55% (44/79)
Git#19>Updating files:  29% (87/297)
Git#20>Updating files:  56% (45/79)
Git#20>Updating files:  58% (46/79)
Git#19>Updating files:  30% (90/297)
Git#20>Updating files:  59% (47/79)
Git#19>Updating files:  31% (93/297)
Git#20>Updating files:  60% (48/79)
Git#19>Updating files:  32% (96/297)
Git#20>Updating files:  62% (49/79)
Git#20>Updating files:  63% (50/79)
Git#20>Updating files:  64% (51/79)
Git#20>Updating files:  65% (52/79)
Git#19>Updating files:  33% (99/297)
Git#20>Updating files:  67% (53/79)
Git#20>Updating files:  68% (54/79)
Git#20>Updating files:  69% (55/79)
Git#20>Updating files:  70% (56/79)
Git#19>Updating files:  34% (101/297)
Git#20>Updating files:  72% (57/79)
Git#20>Updating files:  73% (58/79)
Git#20>Updating files:  74% (59/79)
Git#20>Updating files:  75% (60/79)
Git#20>Updating files:  77% (61/79)
Git#20>Updating files:  78% (62/79)
Git#19>Updating files:  35% (104/297)
Git#20>Updating files:  79% (63/79)
Git#20>Updating files:  81% (64/79)
Git#20>Updating files:  82% (65/79)
Git#20>Updating files:  83% (66/79)
Git#20>Updating files:  84% (67/79)
Git#19>Updating files:  36% (107/297)
Git#20>Updating files:  86% (68/79)
Git#20>Updating files:  87% (69/79)
Git#20>Updating files:  88% (70/79)
Git#20>Updating files:  89% (71/79)
Git#19>Updating files:  37% (110/297)
Git#19>Updating files:  38% (113/297)
Git#20>Updating files:  91% (72/79)
Git#19>Updating files:  39% (116/297)
Git#20>Updating files:  92% (73/79)
Git#20>Updating files:  93% (74/79)
Git#19>Updating files:  40% (119/297)
Git#19>Updating files:  41% (122/297)
Git#20>Updating files:  94% (75/79)
Git#19>Updating files:  42% (125/297)
Git#20>Updating files:  96% (76/79)
Git#19>Updating files:  43% (128/297)
Git#20>Updating files:  97% (77/79)
Git#20>Updating files:  98% (78/79)
Git#19>Updating files:  44% (131/297)
Git#20>Updating files: 100% (79/79)
Git#20>Updating files: 100% (79/79), done.
Git#20>HEAD is now at 83bbf77 Upload retarget-io [5210]
Git#20>Success: git -C C:/Desktop/PSOC_Edge_AI/Demo/01_WiFi_BLE/mtb_shared/retarget-io/release-v1.10.0 -c advice.detachedHead=false checkout --progress release-v1.10.0
Git#23>Starting: git -C C:/Desktop/PSOC_Edge_AI/Demo/01_WiFi_BLE/mtb_shared/mtb-srf/release-v1.2.1 -c advice.detachedHead=false checkout --progress release-v1.2.1
Git#19>Updating files:  45% (134/297)
Git#19>Updating files:  45% (136/297)
Git#19>Updating files:  46% (137/297)
Git#19>Updating files:  47% (140/297)
Git#19>Updating files:  48% (143/297)
Git#19>Updating files:  49% (146/297)
Git#19>Updating files:  50% (149/297)
Git#21>Updating files:   0% (3/428)
Git#21>Updating files:   1% (5/428)
Git#19>Updating files:  51% (152/297)
Git#19>Updating files:  52% (155/297)
Git#21>Updating files:   2% (9/428)
Git#19>Updating files:  53% (158/297)
Git#19>Updating files:  54% (161/297)
Git#19>Updating files:  55% (164/297)
Git#21>Updating files:   3% (13/428)
Git#19>Updating files:  56% (167/297)
Git#19>Updating files:  57% (170/297)
Git#19>Updating files:  58% (173/297)
Git#19>Updating files:  59% (176/297)
Git#19>Updating files:  60% (179/297)
Git#19>Updating files:  61% (182/297)
Git#19>Updating files:  62% (185/297)
Git#21>Updating files:   4% (18/428)
Git#19>Updating files:  63% (188/297)
Git#19>Updating files:  64% (191/297)
Git#19>Updating files:  65% (194/297)
Git#22>Updating files:   0% (2/255)
Git#22>Updating files:   1% (3/255)
Git#19>Updating files:  66% (197/297)
Git#21>Updating files:   5% (22/428)
Git#19>Updating files:  67% (199/297)
Git#22>Updating files:   2% (6/255)
Git#21>Updating files:   6% (26/428)
Git#22>Updating files:   3% (8/255)
Git#19>Updating files:  68% (202/297)
Git#19>Updating files:  69% (205/297)
Git#22>Updating files:   4% (11/255)
Git#19>Updating files:  70% (208/297)
Git#22>Updating files:   5% (13/255)
Git#21>Updating files:   7% (30/428)
Git#19>Updating files:  71% (211/297)
Git#22>Updating files:   6% (16/255)
Git#19>Updating files:  72% (214/297)
Git#22>Updating files:   7% (18/255)
Git#22>Updating files:   8% (21/255)
Git#19>Updating files:  73% (217/297)
Git#22>Updating files:   9% (23/255)
Git#19>Updating files:  74% (220/297)
Git#19>Updating files:  75% (223/297)
Git#21>Updating files:   8% (35/428)
Git#22>Updating files:  10% (26/255)
Git#22>Updating files:  11% (29/255)
Git#22>Updating files:  12% (31/255)
Git#19>Updating files:  76% (226/297)
Git#21>Updating files:   9% (39/428)
Git#22>Updating files:  13% (34/255)
Git#22>Updating files:  14% (36/255)
Git#22>Updating files:  15% (39/255)
Git#19>Updating files:  77% (229/297)
Git#22>Updating files:  16% (41/255)
Git#21>Updating files:  10% (43/428)
Git#19>Updating files:  78% (232/297)
Git#22>Updating files:  17% (44/255)
Git#22>Updating files:  18% (46/255)
Git#19>Updating files:  79% (235/297)
Git#22>Updating files:  19% (49/255)
Git#22>Updating files:  20% (51/255)
Git#21>Updating files:  11% (48/428)
Git#19>Updating files:  80% (238/297)
Git#22>Updating files:  21% (54/255)
Git#19>Updating files:  81% (241/297)
Git#21>Updating files:  12% (52/428)
Git#19>Updating files:  82% (244/297)
Git#23>Updating files:  10% (11/107)
Git#19>Updating files:  83% (247/297)
Git#21>Updating files:  13% (56/428)
Git#19>Updating files:  84% (250/297)
Git#21>Updating files:  14% (60/428)
Git#23>Updating files:  11% (12/107)
Git#23>Updating files:  12% (13/107)
Git#22>Updating files:  22% (57/255)
Git#19>Updating files:  85% (253/297)
Git#21>Updating files:  15% (65/428)
Git#23>Updating files:  13% (14/107)
Git#23>Updating files:  14% (15/107)
Git#22>Updating files:  22% (58/255)
Git#19>Updating files:  86% (256/297)
Git#22>Updating files:  23% (59/255)
Git#19>Updating files:  87% (259/297)
Git#21>Updating files:  16% (69/428)
Git#23>Updating files:  15% (17/107)
Git#19>Updating files:  88% (262/297)
Git#19>Updating files:  89% (265/297)
Git#19>Updating files:  90% (268/297)
Git#19>Updating files:  91% (271/297)
Git#23>Updating files:  16% (18/107)
Git#19>Updating files:  92% (274/297)
Git#19>Updating files:  93% (277/297)
Git#19>Updating files:  94% (280/297)
Git#23>Updating files:  17% (19/107)
Git#19>Updating files:  95% (283/297)
Git#19>Updating files:  96% (286/297)
Git#19>Updating files:  97% (289/297)
Git#21>Updating files:  17% (73/428)
Git#19>Updating files:  98% (292/297)
Git#23>Updating files:  18% (20/107)
Git#23>Updating files:  19% (21/107)
Git#19>Updating files:  99% (295/297)
Git#19>Updating files: 100% (297/297)
Git#19>Updating files: 100% (297/297), done.
Git#22>Updating files:  24% (62/255)
Git#19>HEAD is now at ecf1e4e Upload freertos [5360]
Git#19>Success: git -C C:/Desktop/PSOC_Edge_AI/Demo/01_WiFi_BLE/mtb_shared/freertos/release-v10.6.203 -c advice.detachedHead=false checkout --progress release-v10.6.203
Git#24>Starting: git -C C:/Desktop/PSOC_Edge_AI/Demo/01_WiFi_BLE/mtb_shared/clib-support/release-v1.9.0 -c advice.detachedHead=false checkout --progress release-v1.9.0
Git#21>Updating files:  18% (78/428)
Git#23>Updating files:  20% (22/107)
Git#23>Updating files:  21% (23/107)
Git#23>Updating files:  22% (24/107)
Git#21>Updating files:  19% (82/428)
Git#22>Updating files:  25% (64/255)
Git#23>Updating files:  23% (25/107)
Git#23>Updating files:  24% (26/107)
Git#23>Updating files:  25% (27/107)
Git#22>Updating files:  26% (67/255)
Git#22>Updating files:  27% (69/255)
Git#22>Updating files:  28% (72/255)
Git#23>Updating files:  26% (28/107)
Git#23>Updating files:  27% (29/107)
Git#21>Updating files:  20% (86/428)
Git#23>Updating files:  28% (30/107)
Git#23>Updating files:  29% (32/107)
Git#23>Updating files:  30% (33/107)
Git#22>Updating files:  29% (74/255)
Git#23>Updating files:  31% (34/107)
Git#23>Updating files:  32% (35/107)
Git#23>Updating files:  33% (36/107)
Git#23>Updating files:  34% (37/107)
Git#21>Updating files:  21% (90/428)
Git#23>Updating files:  35% (38/107)
Git#23>Updating files:  36% (39/107)
Git#21>Updating files:  22% (95/428)
Git#22>Updating files:  30% (77/255)
Git#23>Updating files:  37% (40/107)
Git#23>Updating files:  38% (41/107)
Git#23>Updating files:  39% (42/107)
Git#21>Updating files:  23% (99/428)
Git#23>Updating files:  40% (43/107)
Git#23>Updating files:  41% (44/107)
Git#21>Updating files:  24% (103/428)
Git#23>Updating files:  42% (45/107)
Git#21>Updating files:  25% (107/428)
Git#23>Updating files:  43% (47/107)
Git#22>Updating files:  31% (80/255)
Git#23>Updating files:  44% (48/107)
Git#23>Updating files:  45% (49/107)
Git#21>Updating files:  26% (112/428)
Git#23>Updating files:  46% (50/107)
Git#23>Updating files:  47% (51/107)
Git#22>Updating files:  32% (82/255)
Git#23>Updating files:  48% (52/107)
Git#21>Updating files:  27% (116/428)
Git#23>Updating files:  49% (53/107)
Git#23>Updating files:  50% (54/107)
Git#21>Updating files:  28% (120/428)
Git#23>Updating files:  51% (55/107)
Git#23>Updating files:  52% (56/107)
Git#23>Updating files:  53% (57/107)
Git#21>Updating files:  29% (125/428)
Git#23>Updating files:  54% (58/107)
Git#23>Updating files:  55% (59/107)
Git#22>Updating files:  33% (85/255)
Git#23>Updating files:  56% (60/107)
Git#21>Updating files:  30% (129/428)
Git#23>Updating files:  57% (61/107)
Git#21>Updating files:  30% (131/428)
Git#23>Updating files:  58% (63/107)
Git#21>Updating files:  31% (133/428)
Git#23>Updating files:  59% (64/107)
Git#23>Updating files:  60% (65/107)
Git#22>Updating files:  34% (87/255)
Git#23>Updating files:  61% (66/107)
Git#21>Updating files:  32% (137/428)
Git#23>Updating files:  62% (67/107)
Git#23>Updating files:  63% (68/107)
Git#23>Updating files:  64% (69/107)
Git#21>Updating files:  33% (142/428)
Git#21>Updating files:  34% (146/428)
Git#23>Updating files:  65% (70/107)
Git#23>Updating files:  66% (71/107)
Git#21>Updating files:  35% (150/428)
Git#22>Updating files:  35% (90/255)
Git#23>Updating files:  67% (72/107)
Git#23>Updating files:  68% (73/107)
Git#23>Updating files:  69% (74/107)
Git#23>Updating files:  70% (75/107)
Git#23>Updating files:  71% (76/107)
Git#21>Updating files:  36% (155/428)
Git#22>Updating files:  36% (92/255)
Git#23>Updating files:  72% (78/107)
Git#23>Updating files:  73% (79/107)
Git#23>Updating files:  74% (80/107)
Git#23>Updating files:  75% (81/107)
Git#23>Updating files:  76% (82/107)
Git#23>Updating files:  77% (83/107)
Git#21>Updating files:  37% (159/428)
Git#23>Updating files:  78% (84/107)
Git#21>Updating files:  38% (163/428)
Git#23>Updating files:  79% (85/107)
Git#23>Updating files:  80% (86/107)
Git#23>Updating files:  81% (87/107)
Git#21>Updating files:  39% (167/428)
Git#21>Updating files:  40% (172/428)
Git#23>Updating files:  82% (88/107)
Git#21>Updating files:  41% (176/428)
Git#22>Updating files:  37% (95/255)
Git#21>Updating files:  42% (180/428)
Git#21>Updating files:  43% (185/428)
Git#23>Updating files:  83% (89/107)
Git#21>Updating files:  44% (189/428)
Git#21>Updating files:  45% (193/428)
Git#21>Updating files:  46% (197/428)
Git#23>Updating files:  84% (90/107)
Git#23>Updating files:  85% (91/107)
Git#23>Updating files:  86% (93/107)
Git#23>Updating files:  87% (94/107)
Git#21>Updating files:  47% (202/428)
Git#24>Updating files:   2% (2/79)
Git#21>Updating files:  48% (206/428)
Git#24>Updating files:   3% (3/79)
Git#21>Updating files:  49% (210/428)
Git#22>Updating files:  38% (97/255)
Git#21>Updating files:  50% (214/428)
Git#24>Updating files:   5% (4/79)
Git#21>Updating files:  51% (219/428)
Git#24>Updating files:   6% (5/79)
Git#24>Updating files:   7% (6/79)
Git#24>Updating files:   8% (7/79)
Git#21>Updating files:  52% (223/428)
Git#23>Updating files:  88% (95/107)
Git#24>Updating files:  10% (8/79)
Git#23>Updating files:  89% (96/107)
Git#24>Updating files:  11% (9/79)
Git#24>Updating files:  12% (10/79)
Git#23>Updating files:  90% (97/107)
Git#24>Updating files:  13% (11/79)
Git#23>Updating files:  91% (98/107)
Git#23>Updating files:  92% (99/107)
Git#23>Updating files:  93% (100/107)
Git#23>Updating files:  94% (101/107)
Git#22>Updating files:  39% (100/255)
Git#23>Updating files:  95% (102/107)
Git#24>Updating files:  15% (12/79)
Git#23>Updating files:  96% (103/107)
Git#21>Updating files:  53% (227/428)
Git#23>Updating files:  97% (104/107)
Git#21>Updating files:  54% (232/428)
Git#24>Updating files:  16% (13/79)
Git#23>Updating files:  98% (105/107)
Git#23>Updating files:  99% (106/107)
Git#21>Updating files:  55% (236/428)
Git#23>Updating files: 100% (107/107)
Git#23>Updating files: 100% (107/107), done.
Git#23>HEAD is now at 7998f67 Upload mtb-srf [5279]
Git#23>Success: git -C C:/Desktop/PSOC_Edge_AI/Demo/01_WiFi_BLE/mtb_shared/mtb-srf/release-v1.2.1 -c advice.detachedHead=false checkout --progress release-v1.2.1
Git#25>Starting: git -C C:/Desktop/PSOC_Edge_AI/Demo/01_WiFi_BLE/mtb_shared/abstraction-rtos/release-v1.13.0 -c advice.detachedHead=false checkout --progress release-v1.13.0
Git#21>Updating files:  56% (240/428)
Git#22>Updating files:  40% (102/255)
Git#24>Updating files:  17% (14/79)
Git#21>Updating files:  57% (244/428)
Git#24>Updating files:  18% (15/79)
Git#24>Updating files:  20% (16/79)
Git#24>Updating files:  21% (17/79)
Git#24>Updating files:  22% (18/79)
Git#21>Updating files:  58% (249/428)
Git#24>Updating files:  24% (19/79)
Git#21>Updating files:  59% (253/428)
Git#24>Updating files:  25% (20/79)
Git#24>Updating files:  26% (21/79)
Git#24>Updating files:  27% (22/79)
Git#21>Updating files:  60% (257/428)
Git#24>Updating files:  29% (23/79)
Git#22>Updating files:  41% (105/255)
Git#24>Updating files:  30% (24/79)
Git#21>Updating files:  61% (262/428)
Git#24>Updating files:  31% (25/79)
Git#24>Updating files:  32% (26/79)
Git#21>Updating files:  62% (266/428)
Git#24>Updating files:  34% (27/79)
Git#21>Updating files:  63% (270/428)
Git#24>Updating files:  35% (28/79)
Git#24>Updating files:  36% (29/79)
Git#21>Updating files:  64% (274/428)
Git#24>Updating files:  37% (30/79)
Git#24>Updating files:  39% (31/79)
Git#24>Updating files:  40% (32/79)
Git#21>Updating files:  65% (279/428)
Git#22>Updating files:  42% (108/255)
Git#24>Updating files:  41% (33/79)
Git#24>Updating files:  43% (34/79)
Git#24>Updating files:  44% (35/79)
Git#21>Updating files:  66% (283/428)
Git#24>Updating files:  45% (36/79)
Git#22>Updating files:  43% (110/255)
Git#24>Updating files:  46% (37/79)
Git#24>Updating files:  48% (38/79)
Git#24>Updating files:  49% (39/79)
Git#24>Updating files:  50% (40/79)
Git#24>Updating files:  51% (41/79)
Git#24>Updating files:  53% (42/79)
Git#24>Updating files:  54% (43/79)
Git#24>Updating files:  55% (44/79)
Git#24>Updating files:  56% (45/79)
Git#21>Updating files:  67% (287/428)
Git#24>Updating files:  58% (46/79)
Git#24>Updating files:  59% (47/79)
Git#24>Updating files:  60% (48/79)
Git#24>Updating files:  62% (49/79)
Git#24>Updating files:  63% (50/79)
Git#24>Updating files:  64% (51/79)
Git#24>Updating files:  65% (52/79)
Git#24>Updating files:  67% (53/79)
Git#24>Updating files:  68% (54/79)
Git#21>Updating files:  68% (292/428)
Git#24>Updating files:  69% (55/79)
Git#22>Updating files:  44% (113/255)
Git#24>Updating files:  70% (56/79)
Git#21>Updating files:  69% (296/428)
Git#24>Updating files:  72% (57/79)
Git#21>Updating files:  70% (300/428)
Git#21>Updating files:  71% (304/428)
Git#22>Updating files:  45% (115/255)
Git#22>Updating files:  46% (118/255)
Git#22>Updating files:  47% (120/255)
Git#24>Updating files:  73% (58/79)
Git#21>Updating files:  71% (306/428)
Git#24>Updating files:  74% (59/79)
Git#24>Updating files:  75% (60/79)
Git#24>Updating files:  77% (61/79)
Git#24>Updating files:  78% (62/79)
Git#22>Updating files:  47% (122/255)
Git#24>Updating files:  79% (63/79)
Git#22>Updating files:  48% (123/255)
Git#24>Updating files:  81% (64/79)
Git#21>Updating files:  72% (309/428)
Git#24>Updating files:  82% (65/79)
Git#22>Updating files:  49% (125/255)
Git#24>Updating files:  83% (66/79)
Git#24>Updating files:  84% (67/79)
Git#24>Updating files:  86% (68/79)
Git#24>Updating files:  87% (69/79)
Git#24>Updating files:  88% (70/79)
Git#24>Updating files:  89% (71/79)
Git#22>Updating files:  50% (128/255)
Git#24>Updating files:  91% (72/79)
Git#21>Updating files:  73% (313/428)
Git#24>Updating files:  92% (73/79)
Git#24>Updating files:  93% (74/79)
Git#21>Updating files:  74% (317/428)
Git#24>Updating files:  94% (75/79)
Git#24>Updating files:  96% (76/79)
Git#24>Updating files:  97% (77/79)
Git#22>Updating files:  51% (131/255)
Git#24>Updating files:  98% (78/79)
Git#21>Updating files:  75% (321/428)
Git#24>Updating files: 100% (79/79)
Git#24>Updating files: 100% (79/79), done.
Git#24>HEAD is now at 2a14bd0 Upload clib-support [5210]
Git#24>Success: git -C C:/Desktop/PSOC_Edge_AI/Demo/01_WiFi_BLE/mtb_shared/clib-support/release-v1.9.0 -c advice.detachedHead=false checkout --progress release-v1.9.0
Git#26>Starting: git -C C:/Desktop/PSOC_Edge_AI/Demo/01_WiFi_BLE/mtb_shared/btstack/release-v5.0.6 -c advice.detachedHead=false checkout --progress release-v5.0.6
Git#21>Updating files:  76% (326/428)
Git#22>Updating files:  52% (133/255)
Git#21>Updating files:  77% (330/428)
Git#21>Updating files:  78% (334/428)
Git#22>Updating files:  53% (136/255)
Git#21>Updating files:  79% (339/428)
Git#21>Updating files:  80% (343/428)
Git#22>Updating files:  54% (138/255)
Git#21>Updating files:  81% (347/428)
Git#21>Updating files:  82% (351/428)
Git#21>Updating files:  83% (356/428)
Git#22>Updating files:  55% (141/255)
Git#21>Updating files:  84% (360/428)
Git#21>Updating files:  85% (364/428)
Git#21>Updating files:  86% (369/428)
Git#21>Updating files:  87% (373/428)
Git#22>Updating files:  56% (143/255)
Git#21>Updating files:  88% (377/428)
Git#22>Updating files:  57% (146/255)
Git#22>Updating files:  58% (148/255)
Git#22>Updating files:  59% (151/255)
Git#22>Updating files:  60% (153/255)
Git#21>Updating files:  89% (381/428)
Git#21>Updating files:  90% (386/428)
Git#21>Updating files:  91% (390/428)
Git#22>Updating files:  61% (156/255)
Git#21>Updating files:  92% (394/428)
Git#22>Updating files:  62% (159/255)
Git#21>Updating files:  93% (399/428)
Git#22>Updating files:  63% (161/255)
Git#21>Updating files:  94% (403/428)
Git#21>Updating files:  95% (407/428)
Git#25>Updating files:   7% (11/138)
Git#25>Updating files:   8% (12/138)
Git#22>Updating files:  64% (164/255)
Git#22>Updating files:  65% (166/255)
Git#21>Updating files:  96% (411/428)
Git#22>Updating files:  66% (169/255)
Git#22>Updating files:  67% (171/255)
Git#21>Updating files:  97% (416/428)
Git#22>Updating files:  68% (174/255)
Git#22>Updating files:  69% (176/255)
Git#25>Updating files:   9% (13/138)
Git#25>Updating files:  10% (14/138)
Git#21>Updating files:  98% (420/428)
Git#22>Updating files:  70% (179/255)
Git#22>Updating files:  71% (182/255)
Git#21>Updating files:  99% (424/428)
Git#22>Updating files:  72% (184/255)
Git#25>Updating files:  11% (16/138)
Git#22>Updating files:  73% (187/255)
Git#21>Updating files: 100% (428/428)
Git#21>Updating files: 100% (428/428), done.
Git#21>HEAD is now at a9a0e7f Upload btstack-integration 7.0.2.3477 [5313]
Git#21>Success: git -C C:/Desktop/PSOC_Edge_AI/Demo/01_WiFi_BLE/mtb_shared/btstack-integration/release-v7.0.2 -c advice.detachedHead=false checkout --progress release-v7.0.2
Git#27>Starting: git -C C:/Desktop/PSOC_Edge_AI/Demo/01_WiFi_BLE/mtb_shared/mtb-ipc/release-v1.2.0 -c advice.detachedHead=false checkout --progress release-v1.2.0
Git#22>Updating files:  74% (189/255)
Git#25>Updating files:  12% (17/138)
Git#25>Updating files:  13% (18/138)
Git#22>Updating files:  75% (192/255)
Git#22>Updating files:  76% (194/255)
Git#22>Updating files:  77% (197/255)
Git#25>Updating files:  14% (20/138)
Git#22>Updating files:  78% (199/255)
Git#22>Updating files:  79% (202/255)
Git#22>Updating files:  80% (204/255)
Git#25>Updating files:  15% (21/138)
Git#22>Updating files:  81% (207/255)
Git#22>Updating files:  82% (210/255)
Git#25>Updating files:  16% (23/138)
Git#25>Updating files:  17% (24/138)
Git#22>Updating files:  83% (212/255)
Git#22>Updating files:  84% (215/255)
Git#22>Updating files:  85% (217/255)
Git#25>Updating files:  18% (25/138)
Git#22>Updating files:  86% (220/255)
Git#22>Updating files:  87% (222/255)
Git#25>Updating files:  19% (27/138)
Git#25>Updating files:  20% (28/138)
Git#22>Updating files:  88% (225/255)
Git#22>Updating files:  89% (227/255)
Git#25>Updating files:  21% (29/138)
Git#22>Updating files:  90% (230/255)
Git#22>Updating files:  91% (233/255)
Git#22>Updating files:  92% (235/255)
Git#25>Updating files:  22% (31/138)
Git#25>Updating files:  23% (32/138)
Git#22>Updating files:  93% (238/255)
Git#22>Updating files:  94% (240/255)
Git#25>Updating files:  24% (34/138)
Git#22>Updating files:  95% (243/255)
Git#22>Updating files:  96% (245/255)
Git#25>Updating files:  25% (35/138)
Git#25>Updating files:  26% (36/138)
Git#22>Updating files:  97% (248/255)
Git#22>Updating files:  98% (250/255)
Git#22>Updating files:  99% (253/255)
Git#25>Updating files:  27% (38/138)
Git#22>Updating files: 100% (255/255)
Git#22>Updating files: 100% (255/255), done.
Git#25>Updating files:  28% (39/138)
Git#25>Updating files:  29% (41/138)
Git#22>HEAD is now at 4894dd6 Upload TARGET_KIT_PSE84_AI [5230]
Git#22>Success: git -C C:/Desktop/PSOC_Edge_AI/Demo/01_WiFi_BLE/PSOC_Edge_Bluetooth_LE_FindMe/proj_cm33_ns/libs/TARGET_KIT_PSE84_AI -c advice.detachedHead=false checkout --progress release-v1.4.0
Git#28>Starting: git -C C:/Desktop/PSOC_Edge_AI/Demo/01_WiFi_BLE/mtb_shared/se-rt-services-utils/release-v1.4.0 -c advice.detachedHead=false checkout --progress release-v1.4.0
Git#25>Updating files:  30% (42/138)
Git#25>Updating files:  31% (43/138)
Git#25>Updating files:  32% (45/138)
Git#25>Updating files:  33% (46/138)
Git#25>Updating files:  34% (47/138)
Git#25>Updating files:  35% (49/138)
Git#25>Updating files:  36% (50/138)
Git#25>Updating files:  37% (52/138)
Git#25>Updating files:  38% (53/138)
Git#25>Updating files:  39% (54/138)
Git#25>Updating files:  40% (56/138)
Git#25>Updating files:  41% (57/138)
Git#25>Updating files:  42% (58/138)
Git#25>Updating files:  43% (60/138)
Git#25>Updating files:  44% (61/138)
Git#25>Updating files:  45% (63/138)
Git#25>Updating files:  46% (64/138)
Git#25>Updating files:  47% (65/138)
Git#25>Updating files:  48% (67/138)
Git#25>Updating files:  49% (68/138)
Git#25>Updating files:  50% (69/138)
Git#25>Updating files:  51% (71/138)
Git#25>Updating files:  52% (72/138)
Git#27>Updating files:   5% (7/128)
Git#27>Updating files:   6% (8/128)
Git#27>Updating files:   7% (9/128)
Git#25>Updating files:  53% (74/138)
Git#25>Updating files:  54% (75/138)
Git#27>Updating files:   8% (11/128)
Git#27>Updating files:   9% (12/128)
Git#25>Updating files:  55% (76/138)
Git#27>Updating files:  10% (13/128)
Git#27>Updating files:  11% (15/128)
Git#25>Updating files:  56% (78/138)
Git#25>Updating files:  57% (79/138)
Git#27>Updating files:  12% (16/128)
Git#25>Updating files:  58% (81/138)
Git#27>Updating files:  13% (17/128)
Git#25>Updating files:  59% (82/138)
Git#25>Updating files:  60% (83/138)
Git#25>Updating files:  61% (85/138)
Git#25>Updating files:  62% (86/138)
Git#27>Updating files:  14% (18/128)
Git#25>Updating files:  63% (87/138)
Git#25>Updating files:  64% (89/138)
Git#25>Updating files:  65% (90/138)
Git#25>Updating files:  66% (92/138)
Git#25>Updating files:  67% (93/138)
Git#25>Updating files:  68% (94/138)
Git#25>Updating files:  69% (96/138)
Git#25>Updating files:  70% (97/138)
Git#27>Updating files:  15% (20/128)
Git#25>Updating files:  71% (98/138)
Git#27>Updating files:  16% (21/128)
Git#25>Updating files:  72% (100/138)
Git#25>Updating files:  73% (101/138)
Git#27>Updating files:  17% (22/128)
Git#25>Updating files:  74% (103/138)
Git#25>Updating files:  75% (104/138)
Git#25>Updating files:  76% (105/138)
Git#27>Updating files:  18% (24/128)
Git#25>Updating files:  77% (107/138)
Git#27>Updating files:  19% (25/128)
Git#25>Updating files:  78% (108/138)
Git#27>Updating files:  20% (26/128)
Git#25>Updating files:  79% (110/138)
Git#27>Updating files:  21% (27/128)
Git#27>Updating files:  22% (29/128)
Git#27>Updating files:  23% (30/128)
Git#27>Updating files:  24% (31/128)
Git#25>Updating files:  80% (111/138)
Git#27>Updating files:  25% (32/128)
Git#25>Updating files:  81% (112/138)
Git#25>Updating files:  82% (114/138)
Git#25>Updating files:  83% (115/138)
Git#25>Updating files:  84% (116/138)
Git#27>Updating files:  26% (34/128)
Git#27>Updating files:  27% (35/128)
Git#25>Updating files:  85% (118/138)
Git#27>Updating files:  28% (36/128)
Git#25>Updating files:  86% (119/138)
Git#25>Updating files:  87% (121/138)
Git#25>Updating files:  88% (122/138)
Git#25>Updating files:  89% (123/138)
Git#27>Updating files:  29% (38/128)
Git#25>Updating files:  90% (125/138)
Git#27>Updating files:  30% (39/128)
Git#25>Updating files:  91% (126/138)
Git#25>Updating files:  92% (127/138)
Git#27>Updating files:  31% (40/128)
Git#25>Updating files:  93% (129/138)
Git#25>Updating files:  94% (130/138)
Git#27>Updating files:  32% (41/128)
Git#25>Updating files:  95% (132/138)
Git#25>Updating files:  96% (133/138)
Git#25>Updating files:  97% (134/138)
Git#25>Updating files:  98% (136/138)
Git#27>Updating files:  33% (43/128)
Git#25>Updating files:  99% (137/138)
Git#25>Updating files: 100% (138/138)
Git#25>Updating files: 100% (138/138), done.
Git#27>Updating files:  34% (44/128)
Git#25>HEAD is now at de63f51 Upload abstraction-rtos [5145]
Git#25>Success: git -C C:/Desktop/PSOC_Edge_AI/Demo/01_WiFi_BLE/mtb_shared/abstraction-rtos/release-v1.13.0 -c advice.detachedHead=false checkout --progress release-v1.13.0
Git#29>Starting: git -C C:/Desktop/PSOC_Edge_AI/Demo/01_WiFi_BLE/mtb_shared/mtb-dsl-pse8xxgp/release-v1.7.0 -c advice.detachedHead=false checkout --progress release-v1.7.0
Git#27>Updating files:  35% (45/128)
Git#27>Updating files:  36% (47/128)
Git#27>Updating files:  37% (48/128)
Git#27>Updating files:  38% (49/128)
Git#28>Updating files:   0% (2/228)
Git#28>Updating files:   1% (3/228)
Git#27>Updating files:  39% (50/128)
Git#28>Updating files:   2% (5/228)
Git#28>Updating files:   3% (7/228)
Git#28>Updating files:   4% (10/228)
Git#27>Updating files:  40% (52/128)
Git#28>Updating files:   5% (12/228)
Git#28>Updating files:   6% (14/228)
Git#27>Updating files:  41% (53/128)
Git#27>Updating files:  42% (54/128)
Git#28>Updating files:   7% (16/228)
Git#27>Updating files:  43% (56/128)
Git#27>Updating files:  44% (57/128)
Git#27>Updating files:  45% (58/128)
Git#27>Updating files:  46% (59/128)
Git#28>Updating files:   8% (19/228)
Git#27>Updating files:  47% (61/128)
Git#28>Updating files:   9% (21/228)
Git#27>Updating files:  48% (62/128)
Git#27>Updating files:  49% (63/128)
Git#27>Updating files:  50% (64/128)
Git#28>Updating files:  10% (23/228)
Git#27>Updating files:  51% (66/128)
Git#27>Updating files:  52% (67/128)
Git#27>Updating files:  53% (68/128)
Git#27>Updating files:  54% (70/128)
Git#28>Updating files:  11% (26/228)
Git#27>Updating files:  55% (71/128)
Git#27>Updating files:  56% (72/128)
Git#27>Updating files:  57% (73/128)
Git#28>Updating files:  12% (28/228)
Git#27>Updating files:  58% (75/128)
Git#28>Updating files:  13% (30/228)
Git#27>Updating files:  59% (76/128)
Git#27>Updating files:  60% (77/128)
Git#27>Updating files:  61% (79/128)
Git#27>Updating files:  62% (80/128)
Git#28>Updating files:  14% (32/228)
Git#27>Updating files:  63% (81/128)
Git#27>Updating files:  64% (82/128)
Git#28>Updating files:  15% (35/228)
Git#27>Updating files:  65% (84/128)
Git#27>Updating files:  66% (85/128)
Git#27>Updating files:  67% (86/128)
Git#27>Updating files:  68% (88/128)
Git#27>Updating files:  69% (89/128)
Git#28>Updating files:  16% (37/228)
Git#27>Updating files:  70% (90/128)
Git#27>Updating files:  71% (91/128)
Git#27>Updating files:  72% (93/128)
Git#27>Updating files:  73% (94/128)
Git#28>Updating files:  17% (39/228)
Git#27>Updating files:  74% (95/128)
Git#27>Updating files:  75% (96/128)
Git#27>Updating files:  76% (98/128)
Git#27>Updating files:  77% (99/128)
Git#27>Updating files:  78% (100/128)
Git#28>Updating files:  18% (42/228)
Git#27>Updating files:  79% (102/128)
Git#27>Updating files:  80% (103/128)
Git#28>Updating files:  19% (44/228)
Git#27>Updating files:  81% (104/128)
Git#27>Updating files:  82% (105/128)
Git#27>Updating files:  83% (107/128)
Git#27>Updating files:  84% (108/128)
Git#28>Updating files:  20% (46/228)
Git#27>Updating files:  85% (109/128)
Git#27>Updating files:  86% (111/128)
Git#27>Updating files:  87% (112/128)
Git#28>Updating files:  21% (48/228)
Git#27>Updating files:  88% (113/128)
Git#27>Updating files:  89% (114/128)
Git#27>Updating files:  90% (116/128)
Git#27>Updating files:  91% (117/128)
Git#27>Updating files:  92% (118/128)
Git#27>Updating files:  93% (120/128)
Git#27>Updating files:  94% (121/128)
Git#27>Updating files:  95% (122/128)
Git#27>Updating files:  96% (123/128)
Git#28>Updating files:  22% (51/228)
Git#27>Updating files:  97% (125/128)
Git#27>Updating files:  98% (126/128)
Git#27>Updating files:  99% (127/128)
Git#27>Updating files: 100% (128/128)
Git#27>Updating files: 100% (128/128), done.
Git#27>HEAD is now at 760f477 Upload mtb-ipc [4394]
Git#27>Success: git -C C:/Desktop/PSOC_Edge_AI/Demo/01_WiFi_BLE/mtb_shared/mtb-ipc/release-v1.2.0 -c advice.detachedHead=false checkout --progress release-v1.2.0
Git#30>Starting: git -C C:/Desktop/PSOC_Edge_AI/Demo/01_WiFi_BLE/mtb_shared/core-lib/release-v1.8.0 -c advice.detachedHead=false checkout --progress release-v1.8.0
Git#28>Updating files:  23% (53/228)
Git#28>Updating files:  24% (55/228)
Git#28>Updating files:  25% (57/228)
Git#28>Updating files:  26% (60/228)
Git#28>Updating files:  27% (62/228)
Git#28>Updating files:  28% (64/228)
Git#28>Updating files:  29% (67/228)
Git#28>Updating files:  30% (69/228)
Git#28>Updating files:  31% (71/228)
Git#28>Updating files:  32% (73/228)
Git#28>Updating files:  33% (76/228)
Git#28>Updating files:  34% (78/228)
Git#28>Updating files:  35% (80/228)
Git#28>Updating files:  36% (83/228)
Git#28>Updating files:  37% (85/228)
Git#28>Updating files:  38% (87/228)
Git#28>Updating files:  39% (89/228)
Git#28>Updating files:  40% (92/228)
Git#28>Updating files:  41% (94/228)
Git#28>Updating files:  42% (96/228)
Git#28>Updating files:  43% (99/228)
Git#28>Updating files:  44% (101/228)
Git#28>Updating files:  45% (103/228)
Git#30>Updating files:  19% (14/73)
Git#28>Updating files:  46% (105/228)
Git#28>Updating files:  47% (108/228)
Git#28>Updating files:  48% (110/228)
Git#30>Updating files:  20% (15/73)
Git#30>Updating files:  21% (16/73)
Git#28>Updating files:  49% (112/228)
Git#28>Updating files:  50% (114/228)
Git#30>Updating files:  23% (17/73)
Git#28>Updating files:  51% (117/228)
Git#30>Updating files:  24% (18/73)
Git#28>Updating files:  52% (119/228)
Git#28>Updating files:  53% (121/228)
Git#28>Updating files:  54% (124/228)
Git#30>Updating files:  26% (19/73)
Git#30>Updating files:  27% (20/73)
Git#30>Updating files:  28% (21/73)
Git#30>Updating files:  30% (22/73)
Git#30>Updating files:  31% (23/73)
Git#28>Updating files:  55% (126/228)
Git#30>Updating files:  32% (24/73)
Git#30>Updating files:  34% (25/73)
Git#28>Updating files:  56% (128/228)
Git#30>Updating files:  35% (26/73)
Git#28>Updating files:  57% (130/228)
Git#30>Updating files:  36% (27/73)
Git#30>Updating files:  38% (28/73)
Git#28>Updating files:  58% (133/228)
Git#28>Updating files:  59% (135/228)
Git#30>Updating files:  39% (29/73)
Git#28>Updating files:  60% (137/228)
Git#30>Updating files:  41% (30/73)
Git#30>Updating files:  42% (31/73)
Git#28>Updating files:  61% (140/228)
Git#30>Updating files:  43% (32/73)
Git#30>Updating files:  45% (33/73)
Git#28>Updating files:  62% (142/228)
Git#30>Updating files:  46% (34/73)
Git#30>Updating files:  47% (35/73)
Git#28>Updating files:  63% (144/228)
Git#30>Updating files:  49% (36/73)
Git#30>Updating files:  50% (37/73)
Git#28>Updating files:  64% (146/228)
Git#30>Updating files:  52% (38/73)
Git#30>Updating files:  53% (39/73)
Git#30>Updating files:  54% (40/73)
Git#28>Updating files:  65% (149/228)
Git#30>Updating files:  56% (41/73)
Git#30>Updating files:  57% (42/73)
Git#28>Updating files:  66% (151/228)
Git#30>Updating files:  58% (43/73)
Git#30>Updating files:  60% (44/73)
Git#28>Updating files:  67% (153/228)
Git#30>Updating files:  61% (45/73)
Git#30>Updating files:  63% (46/73)
Git#30>Updating files:  64% (47/73)
Git#30>Updating files:  65% (48/73)
Git#30>Updating files:  67% (49/73)
Git#30>Updating files:  68% (50/73)
Git#30>Updating files:  69% (51/73)
Git#30>Updating files:  71% (52/73)
Git#28>Updating files:  68% (156/228)
Git#30>Updating files:  72% (53/73)
Git#30>Updating files:  73% (54/73)
Git#30>Updating files:  75% (55/73)
Git#30>Updating files:  76% (56/73)
Git#30>Updating files:  78% (57/73)
Git#30>Updating files:  79% (58/73)
Git#28>Updating files:  69% (158/228)
Git#30>Updating files:  80% (59/73)
Git#30>Updating files:  82% (60/73)
Git#30>Updating files:  83% (61/73)
Git#28>Updating files:  70% (160/228)
Git#30>Updating files:  84% (62/73)
Git#30>Updating files:  86% (63/73)
Git#30>Updating files:  87% (64/73)
Git#28>Updating files:  71% (162/228)
Git#30>Updating files:  89% (65/73)
Git#28>Updating files:  72% (165/228)
Git#28>Updating files:  73% (167/228)
Git#30>Updating files:  90% (66/73)
Git#30>Updating files:  91% (67/73)
Git#28>Updating files:  74% (169/228)
Git#28>Updating files:  74% (170/228)
Git#28>Updating files:  75% (171/228)
Git#28>Updating files:  76% (174/228)
Git#30>Updating files:  93% (68/73)
Git#28>Updating files:  77% (176/228)
Git#30>Updating files:  94% (69/73)
Git#30>Updating files:  95% (70/73)
Git#30>Updating files:  97% (71/73)
Git#28>Updating files:  78% (178/228)
Git#30>Updating files:  98% (72/73)
Git#30>Updating files: 100% (73/73)
Git#30>Updating files: 100% (73/73), done.
Git#28>Updating files:  79% (181/228)
Git#30>HEAD is now at ca57d1e Upload core-lib [5210]
Git#30>Success: git -C C:/Desktop/PSOC_Edge_AI/Demo/01_WiFi_BLE/mtb_shared/core-lib/release-v1.8.0 -c advice.detachedHead=false checkout --progress release-v1.8.0
Git#31>Starting: git -C C:/Desktop/PSOC_Edge_AI/Demo/01_WiFi_BLE/mtb_shared/bt-fw-mur-cyw55513/release-v1.0.0 -c advice.detachedHead=false checkout --progress release-v1.0.0
Git#28>Updating files:  80% (183/228)
Git#28>Updating files:  81% (185/228)
Git#28>Updating files:  82% (187/228)
Git#28>Updating files:  83% (190/228)
Git#28>Updating files:  84% (192/228)
Git#28>Updating files:  85% (194/228)
Git#28>Updating files:  86% (197/228)
Git#28>Updating files:  87% (199/228)
Git#28>Updating files:  88% (201/228)
Git#28>Updating files:  89% (203/228)
Git#28>Updating files:  90% (206/228)
Git#28>Updating files:  91% (208/228)
Git#28>Updating files:  92% (210/228)
Git#28>Updating files:  93% (213/228)
Git#28>Updating files:  94% (215/228)
Git#28>Updating files:  95% (217/228)
Git#28>Updating files:  96% (219/228)
Git#28>Updating files:  97% (222/228)
Git#28>Updating files:  98% (224/228)
Git#28>Updating files:  99% (226/228)
Git#28>Updating files: 100% (228/228)
Git#28>Updating files: 100% (228/228), done.
Git#28>HEAD is now at b9cb6c8 Upload se-rt-services-utils 1.4.0.1521 [5025]
Git#28>Success: git -C C:/Desktop/PSOC_Edge_AI/Demo/01_WiFi_BLE/mtb_shared/se-rt-services-utils/release-v1.4.0 -c advice.detachedHead=false checkout --progress release-v1.4.0
Git#32>Starting: git -C C:/Desktop/PSOC_Edge_AI/Demo/01_WiFi_BLE/mtb_shared/core-make/release-v3.10.0 -c advice.detachedHead=false checkout --progress release-v3.10.0
Git#26>Updating files:   0% (2/1783)
Git#26>Updating files:   1% (18/1783)
Git#26>Updating files:   1% (21/1783)
Git#31>HEAD is now at 8823323 Upload bt-fw-mur-cyw55513 1.0.0.8 [3998]
Git#31>Success: git -C C:/Desktop/PSOC_Edge_AI/Demo/01_WiFi_BLE/mtb_shared/bt-fw-mur-cyw55513/release-v1.0.0 -c advice.detachedHead=false checkout --progress release-v1.0.0
Git#33>Starting: git -C C:/Desktop/PSOC_Edge_AI/Demo/01_WiFi_BLE/mtb_shared/async-transfer/release-v1.1.1 -c advice.detachedHead=false checkout --progress release-v1.1.1
Git#26>Updating files:   2% (36/1783)
Git#32>Updating files:   2% (2/94)
Git#32>Updating files:   3% (3/94)
Git#32>Updating files:   4% (4/94)
Git#32>Updating files:   5% (5/94)
Git#32>Updating files:   6% (6/94)
Git#32>Updating files:   7% (7/94)
Git#32>Updating files:   8% (8/94)
Git#32>Updating files:   9% (9/94)
Git#32>Updating files:  10% (10/94)
Git#32>Updating files:  11% (11/94)
Git#26>Updating files:   3% (54/1783)
Git#32>Updating files:  12% (12/94)
Git#32>Updating files:  13% (13/94)
Git#32>Updating files:  14% (14/94)
Git#32>Updating files:  15% (15/94)
Git#32>Updating files:  17% (16/94)
Git#32>Updating files:  18% (17/94)
Git#32>Updating files:  19% (18/94)
Git#32>Updating files:  20% (19/94)
Git#32>Updating files:  21% (20/94)
Git#32>Updating files:  22% (21/94)
Git#32>Updating files:  23% (22/94)
Git#32>Updating files:  24% (23/94)
Git#26>Updating files:   3% (58/1783)
Git#32>Updating files:  25% (24/94)
Git#32>Updating files:  26% (25/94)
Git#32>Updating files:  27% (26/94)
Git#32>Updating files:  28% (27/94)
Git#32>Updating files:  29% (28/94)
Git#32>Updating files:  30% (29/94)
Git#32>Updating files:  31% (30/94)
Git#32>Updating files:  32% (31/94)
Git#32>Updating files:  34% (32/94)
Git#32>Updating files:  35% (33/94)
Git#32>Updating files:  36% (34/94)
Git#32>Updating files:  37% (35/94)
Git#32>Updating files:  38% (36/94)
Git#32>Updating files:  39% (37/94)
Git#32>Updating files:  40% (38/94)
Git#32>Updating files:  41% (39/94)
Git#32>Updating files:  42% (40/94)
Git#32>Updating files:  43% (41/94)
Git#32>Updating files:  44% (42/94)
Git#32>Updating files:  45% (43/94)
Git#32>Updating files:  46% (44/94)
Git#32>Updating files:  47% (45/94)
Git#32>Updating files:  48% (46/94)
Git#32>Updating files:  50% (47/94)
Git#32>Updating files:  51% (48/94)
Git#32>Updating files:  52% (49/94)
Git#32>Updating files:  53% (50/94)
Git#32>Updating files:  54% (51/94)
Git#32>Updating files:  55% (52/94)
Git#32>Updating files:  56% (53/94)
Git#32>Updating files:  57% (54/94)
Git#32>Updating files:  58% (55/94)
Git#32>Updating files:  59% (56/94)
Git#32>Updating files:  60% (57/94)
Git#32>Updating files:  61% (58/94)
Git#32>Updating files:  62% (59/94)
Git#32>Updating files:  63% (60/94)
Git#32>Updating files:  64% (61/94)
Git#32>Updating files:  65% (62/94)
Git#32>Updating files:  67% (63/94)
Git#32>Updating files:  68% (64/94)
Git#32>Updating files:  69% (65/94)
Git#32>Updating files:  70% (66/94)
Git#32>Updating files:  71% (67/94)
Git#32>Updating files:  72% (68/94)
Git#32>Updating files:  73% (69/94)
Git#32>Updating files:  74% (70/94)
Git#32>Updating files:  75% (71/94)
Git#32>Updating files:  76% (72/94)
Git#32>Updating files:  77% (73/94)
Git#32>Updating files:  78% (74/94)
Git#32>Updating files:  79% (75/94)
Git#32>Updating files:  80% (76/94)
Git#32>Updating files:  81% (77/94)
Git#32>Updating files:  82% (78/94)
Git#26>Updating files:   4% (72/1783)
Git#32>Updating files:  84% (79/94)
Git#32>Updating files:  85% (80/94)
Git#32>Updating files:  86% (81/94)
Git#32>Updating files:  87% (82/94)
Git#32>Updating files:  88% (83/94)
Git#32>Updating files:  89% (84/94)
Git#33>Updating files:  13% (14/105)
Git#32>Updating files:  90% (85/94)
Git#32>Updating files:  91% (86/94)
Git#32>Updating files:  92% (87/94)
Git#33>Updating files:  14% (15/105)
Git#32>Updating files:  93% (88/94)
Git#32>Updating files:  94% (89/94)
Git#32>Updating files:  95% (90/94)
Git#32>Updating files:  96% (91/94)
Git#32>Updating files:  97% (92/94)
Git#32>Updating files:  98% (93/94)
Git#33>Updating files:  15% (16/105)
Git#32>Updating files: 100% (94/94)
Git#32>Updating files: 100% (94/94), done.
Git#32>HEAD is now at aefe7ff Upload core-make [5352]
Git#33>Updating files:  16% (17/105)
Git#32>Success: git -C C:/Desktop/PSOC_Edge_AI/Demo/01_WiFi_BLE/mtb_shared/core-make/release-v3.10.0 -c advice.detachedHead=false checkout --progress release-v3.10.0
Git#34>Starting: git -C C:/Desktop/PSOC_Edge_AI/Demo/01_WiFi_BLE/mtb_shared/cmsis/release-v6.1.0 -c advice.detachedHead=false checkout --progress release-v6.1.0
Git#33>Updating files:  17% (18/105)
Git#33>Updating files:  18% (19/105)
Git#33>Updating files:  19% (20/105)
Git#33>Updating files:  20% (21/105)
Git#33>Updating files:  21% (23/105)
Git#33>Updating files:  22% (24/105)
Git#33>Updating files:  23% (25/105)
Git#33>Updating files:  24% (26/105)
Git#33>Updating files:  25% (27/105)
Git#33>Updating files:  26% (28/105)
Git#33>Updating files:  27% (29/105)
Git#26>Updating files:   5% (90/1783)
Git#33>Updating files:  28% (30/105)
Git#33>Updating files:  29% (31/105)
Git#33>Updating files:  30% (32/105)
Git#33>Updating files:  31% (33/105)
Git#33>Updating files:  32% (34/105)
Git#33>Updating files:  33% (35/105)
Git#33>Updating files:  34% (36/105)
Git#33>Updating files:  35% (37/105)
Git#33>Updating files:  36% (38/105)
Git#33>Updating files:  37% (39/105)
Git#33>Updating files:  38% (40/105)
Git#33>Updating files:  39% (41/105)
Git#33>Updating files:  40% (42/105)
Git#33>Updating files:  41% (44/105)
Git#26>Updating files:   5% (105/1783)
Git#33>Updating files:  42% (45/105)
Git#33>Updating files:  43% (46/105)
Git#33>Updating files:  44% (47/105)
Git#26>Updating files:   6% (107/1783)
Git#33>Updating files:  45% (48/105)
Git#33>Updating files:  46% (49/105)
Git#33>Updating files:  47% (50/105)
Git#33>Updating files:  48% (51/105)
Git#33>Updating files:  49% (52/105)
Git#33>Updating files:  50% (53/105)
Git#33>Updating files:  51% (54/105)
Git#33>Updating files:  52% (55/105)
Git#33>Updating files:  53% (56/105)
Git#33>Updating files:  54% (57/105)
Git#33>Updating files:  55% (58/105)
Git#33>Updating files:  56% (59/105)
Git#33>Updating files:  57% (60/105)
Git#33>Updating files:  58% (61/105)
Git#33>Updating files:  59% (62/105)
Git#33>Updating files:  60% (63/105)
Git#33>Updating files:  61% (65/105)
Git#33>Updating files:  62% (66/105)
Git#33>Updating files:  63% (67/105)
Git#33>Updating files:  64% (68/105)
Git#26>Updating files:   7% (125/1783)
Git#33>Updating files:  65% (69/105)
Git#33>Updating files:  66% (70/105)
Git#33>Updating files:  67% (71/105)
Git#33>Updating files:  68% (72/105)
Git#33>Updating files:  69% (73/105)
Git#33>Updating files:  70% (74/105)
Git#33>Updating files:  71% (75/105)
Git#33>Updating files:  72% (76/105)
Git#33>Updating files:  73% (77/105)
Git#33>Updating files:  74% (78/105)
Git#33>Updating files:  75% (79/105)
Git#33>Updating files:  76% (80/105)
Git#33>Updating files:  77% (81/105)
Git#33>Updating files:  78% (82/105)
Git#33>Updating files:  79% (83/105)
Git#33>Updating files:  80% (84/105)
Git#33>Updating files:  81% (86/105)
Git#33>Updating files:  82% (87/105)
Git#33>Updating files:  83% (88/105)
Git#26>Updating files:   8% (143/1783)
Git#33>Updating files:  84% (89/105)
Git#33>Updating files:  85% (90/105)
Git#33>Updating files:  86% (91/105)
Git#33>Updating files:  87% (92/105)
Git#33>Updating files:  88% (93/105)
Git#33>Updating files:  89% (94/105)
Git#33>Updating files:  90% (95/105)
Git#33>Updating files:  91% (96/105)
Git#33>Updating files:  92% (97/105)
Git#33>Updating files:  93% (98/105)
Git#33>Updating files:  94% (99/105)
Git#33>Updating files:  95% (100/105)
Git#33>Updating files:  96% (101/105)
Git#33>Updating files:  97% (102/105)
Git#33>Updating files:  98% (103/105)
Git#33>Updating files:  99% (104/105)
Git#33>Updating files: 100% (105/105)
Git#33>Updating files: 100% (105/105), done.
Git#33>HEAD is now at 17b6f63 Upload async-transfer [5210]
Git#33>Success: git -C C:/Desktop/PSOC_Edge_AI/Demo/01_WiFi_BLE/mtb_shared/async-transfer/release-v1.1.1 -c advice.detachedHead=false checkout --progress release-v1.1.1
Git#35>Starting: git -C C:/Users/User/.modustoolbox/global/device-db/release-v4.41.0 -c advice.detachedHead=false checkout --progress release-v4.41.0
Git#26>Updating files:   9% (161/1783)
Git#29>Updating files:   0% (2/4320)
Git#26>Updating files:   9% (169/1783)
Git#26>Updating files:  10% (179/1783)
Git#29>Updating files:   1% (44/4320)
Git#29>Updating files:   1% (59/4320)
Git#29>Updating files:   2% (87/4320)
Git#26>Updating files:  11% (197/1783)
Git#26>Updating files:  12% (214/1783)
Git#29>Updating files:   3% (130/4320)
Git#34>Updating files:   0% (2/877)
Git#26>Updating files:  13% (232/1783)
Git#34>Updating files:   1% (9/877)
Git#34>Updating files:   2% (18/877)
Git#34>Updating files:   3% (27/877)
Git#29>Updating files:   4% (173/4320)
Git#34>Updating files:   4% (36/877)
Git#29>Updating files:   4% (184/4320)
Git#26>Updating files:  14% (250/1783)
Git#34>Updating files:   5% (44/877)
Git#34>Updating files:   6% (53/877)
Git#34>Updating files:   7% (62/877)
Git#26>Updating files:  15% (268/1783)
Git#34>Updating files:   8% (71/877)
Git#29>Updating files:   5% (216/4320)
Git#34>Updating files:   9% (79/877)
Git#34>Updating files:  10% (88/877)
Git#34>Updating files:  11% (97/877)
Git#34>Updating files:  12% (106/877)
Git#34>Updating files:  13% (115/877)
Git#26>Updating files:  16% (286/1783)
Git#34>Updating files:  14% (123/877)
Git#34>Updating files:  15% (132/877)
Git#26>Updating files:  16% (289/1783)
Git#34>Updating files:  16% (141/877)
Git#34>Updating files:  17% (150/877)
Git#34>Updating files:  18% (158/877)
Git#29>Updating files:   6% (260/4320)
Git#29>Updating files:   6% (262/4320)
Git#34>Updating files:  19% (167/877)
Git#34>Updating files:  20% (176/877)
Git#34>Updating files:  21% (185/877)
Git#34>Updating files:  22% (193/877)
Git#35>Updating files:   0% (2/8474)
Git#34>Updating files:  23% (202/877)
Git#34>Updating files:  23% (205/877)
Git#34>Updating files:  24% (211/877)
Git#34>Updating files:  25% (220/877)
Git#26>Updating files:  17% (304/1783)
Git#34>Updating files:  26% (229/877)
Git#34>Updating files:  27% (237/877)
Git#35>Updating files:   0% (69/8474)
Git#34>Updating files:  28% (246/877)
Git#26>Updating files:  17% (310/1783)
Git#34>Updating files:  29% (255/877)
Git#35>Updating files:   1% (85/8474)
Git#29>Updating files:   7% (303/4320)
Git#34>Updating files:  30% (264/877)
Git#34>Updating files:  31% (272/877)
Git#34>Updating files:  32% (281/877)
Git#29>Updating files:   7% (317/4320)
Git#34>Updating files:  33% (290/877)
Git#34>Updating files:  34% (299/877)
Git#34>Updating files:  35% (307/877)
Git#35>Updating files:   2% (170/8474)
Git#34>Updating files:  36% (316/877)
Git#26>Updating files:  18% (321/1783)
Git#34>Updating files:  37% (325/877)
Git#34>Updating files:  37% (328/877)
Git#34>Updating files:  38% (334/877)
Git#34>Updating files:  39% (343/877)
Git#29>Updating files:   8% (346/4320)
Git#34>Updating files:  40% (351/877)
Git#34>Updating files:  41% (360/877)
Git#35>Updating files:   2% (250/8474)
Git#34>Updating files:  42% (369/877)
Git#35>Updating files:   3% (255/8474)
Git#34>Updating files:  43% (378/877)
Git#26>Updating files:  18% (332/1783)
Git#34>Updating files:  44% (386/877)
Git#34>Updating files:  45% (395/877)
Git#34>Updating files:  46% (404/877)
Git#29>Updating files:   8% (380/4320)
Git#34>Updating files:  47% (413/877)
Git#29>Updating files:   9% (389/4320)
Git#26>Updating files:  19% (339/1783)
Git#34>Updating files:  48% (421/877)
Git#35>Updating files:   4% (339/8474)
Git#34>Updating files:  49% (430/877)
Git#34>Updating files:  50% (439/877)
Git#34>Updating files:  51% (448/877)
Git#34>Updating files:  51% (451/877)
Git#34>Updating files:  52% (457/877)
Git#34>Updating files:  53% (465/877)
Git#34>Updating files:  54% (474/877)
Git#34>Updating files:  55% (483/877)
Git#35>Updating files:   4% (420/8474)
Git#34>Updating files:  56% (492/877)
Git#35>Updating files:   5% (424/8474)
Git#34>Updating files:  57% (500/877)
Git#26>Updating files:  19% (355/1783)
Git#34>Updating files:  58% (509/877)
Git#26>Updating files:  20% (357/1783)
Git#34>Updating files:  59% (518/877)
Git#34>Updating files:  60% (527/877)
Git#34>Updating files:  61% (535/877)
Git#29>Updating files:   9% (431/4320)
Git#34>Updating files:  62% (544/877)
Git#29>Updating files:  10% (432/4320)
Git#34>Updating files:  63% (553/877)
Git#35>Updating files:   6% (509/8474)
Git#34>Updating files:  64% (562/877)
Git#34>Updating files:  65% (571/877)
Git#34>Updating files:  65% (576/877)
Git#34>Updating files:  66% (579/877)
Git#34>Updating files:  67% (588/877)
Git#34>Updating files:  68% (597/877)
Git#34>Updating files:  69% (606/877)
Git#34>Updating files:  70% (614/877)
Git#35>Updating files:   6% (583/8474)
Git#26>Updating files:  21% (375/1783)
Git#34>Updating files:  71% (623/877)
Git#35>Updating files:   7% (594/8474)
Git#26>Updating files:  21% (377/1783)
Git#34>Updating files:  72% (632/877)
Git#34>Updating files:  73% (641/877)
Git#34>Updating files:  74% (649/877)
Git#34>Updating files:  75% (658/877)
Git#29>Updating files:  10% (451/4320)
Git#34>Updating files:  76% (667/877)
Git#34>Updating files:  77% (676/877)
Git#34>Updating files:  78% (685/877)
Git#35>Updating files:   8% (678/8474)
Git#34>Updating files:  79% (693/877)
Git#34>Updating files:  79% (701/877)
Git#34>Updating files:  80% (702/877)
Git#34>Updating files:  81% (711/877)
Git#34>Updating files:  82% (720/877)
Git#26>Updating files:  22% (393/1783)
Git#34>Updating files:  83% (728/877)
Git#34>Updating files:  84% (737/877)
Git#35>Updating files:   8% (739/8474)
Git#34>Updating files:  85% (746/877)
Git#26>Updating files:  22% (398/1783)
Git#34>Updating files:  86% (755/877)
Git#35>Updating files:   9% (763/8474)
Git#34>Updating files:  87% (763/877)
Git#34>Updating files:  88% (772/877)
Git#34>Updating files:  89% (781/877)
Git#29>Updating files:  10% (471/4320)
Git#34>Updating files:  90% (790/877)
Git#29>Updating files:  11% (476/4320)
Git#34>Updating files:  91% (799/877)
Git#34>Updating files:  92% (807/877)
Git#34>Updating files:  93% (816/877)
Git#35>Updating files:  10% (848/8474)
Git#34>Updating files:  93% (823/877)
Git#34>Updating files:  94% (825/877)
Git#26>Updating files:  23% (411/1783)
Git#34>Updating files:  95% (834/877)
Git#34>Updating files:  96% (842/877)
Git#35>Updating files:  10% (900/8474)
Git#26>Updating files:  23% (419/1783)
Git#35>Updating files:  11% (933/8474)
Git#34>Updating files:  97% (851/877)
Git#34>Updating files:  98% (860/877)
Git#29>Updating files:  11% (518/4320)
Git#34>Updating files:  99% (869/877)
Git#34>Updating files: 100% (877/877)
Git#34>Updating files: 100% (877/877), done.
Git#34>HEAD is now at d00730d Upload cmsis 6.1.0.171 [3998]
Git#29>Updating files:  12% (519/4320)
Git#34>Success: git -C C:/Desktop/PSOC_Edge_AI/Demo/01_WiFi_BLE/mtb_shared/cmsis/release-v6.1.0 -c advice.detachedHead=false checkout --progress release-v6.1.0
Git#26>Updating files:  24% (428/1783)
Git#35>Updating files:  12% (1017/8474)
Git#35>Updating files:  12% (1069/8474)
Git#26>Updating files:  25% (446/1783)
Git#26>Updating files:  25% (450/1783)
Git#35>Updating files:  13% (1102/8474)
Git#29>Updating files:  12% (553/4320)
Git#26>Updating files:  26% (464/1783)
Git#29>Updating files:  13% (562/4320)
Git#35>Updating files:  14% (1187/8474)
Git#26>Updating files:  27% (482/1783)
Git#35>Updating files:  14% (1239/8474)
Git#26>Updating files:  27% (495/1783)
Git#26>Updating files:  28% (500/1783)
Git#35>Updating files:  15% (1272/8474)
Git#29>Updating files:  13% (587/4320)
Git#26>Updating files:  29% (518/1783)
Git#35>Updating files:  16% (1356/8474)
Git#29>Updating files:  14% (605/4320)
Git#35>Updating files:  16% (1407/8474)
Git#26>Updating files:  30% (535/1783)
Git#26>Updating files:  30% (537/1783)
Git#35>Updating files:  17% (1441/8474)
Git#29>Updating files:  14% (622/4320)
Git#26>Updating files:  31% (553/1783)
Git#35>Updating files:  18% (1526/8474)
Git#26>Updating files:  32% (571/1783)
Git#35>Updating files:  18% (1575/8474)
Git#29>Updating files:  15% (648/4320)
Git#26>Updating files:  32% (575/1783)
Git#35>Updating files:  19% (1611/8474)
Git#26>Updating files:  33% (589/1783)
Git#29>Updating files:  15% (658/4320)
Git#26>Updating files:  34% (607/1783)
Git#35>Updating files:  20% (1695/8474)
Git#26>Updating files:  35% (625/1783)
Git#26>Updating files:  36% (642/1783)
Git#35>Updating files:  20% (1752/8474)
Git#26>Updating files:  36% (658/1783)
Git#26>Updating files:  37% (660/1783)
Git#35>Updating files:  21% (1780/8474)
Git#26>Updating files:  38% (678/1783)
Git#29>Updating files:  16% (692/4320)
Git#26>Updating files:  39% (696/1783)
Git#35>Updating files:  22% (1865/8474)
Git#26>Updating files:  40% (714/1783)
Git#26>Updating files:  41% (732/1783)
Git#35>Updating files:  22% (1934/8474)
Git#26>Updating files:  41% (744/1783)
Git#35>Updating files:  23% (1950/8474)
Git#26>Updating files:  42% (749/1783)
Git#26>Updating files:  43% (767/1783)
Git#29>Updating files:  16% (733/4320)
Git#29>Updating files:  17% (735/4320)
Git#35>Updating files:  24% (2034/8474)
Git#26>Updating files:  44% (785/1783)
Git#35>Updating files:  24% (2110/8474)
Git#35>Updating files:  25% (2119/8474)
Git#26>Updating files:  44% (802/1783)
Git#26>Updating files:  45% (803/1783)
Git#29>Updating files:  17% (771/4320)
Git#29>Updating files:  18% (778/4320)
Git#35>Updating files:  26% (2204/8474)
Git#26>Updating files:  46% (821/1783)
Git#35>Updating files:  26% (2275/8474)
Git#35>Updating files:  27% (2288/8474)
Git#26>Updating files:  46% (836/1783)
Git#26>Updating files:  47% (839/1783)
Git#29>Updating files:  18% (808/4320)
Git#35>Updating files:  28% (2373/8474)
Git#29>Updating files:  19% (821/4320)
Git#26>Updating files:  48% (856/1783)
Git#35>Updating files:  28% (2441/8474)
Git#35>Updating files:  29% (2458/8474)
Git#26>Updating files:  48% (862/1783)
Git#29>Updating files:  19% (843/4320)
Git#35>Updating files:  30% (2543/8474)
Git#26>Updating files:  49% (874/1783)
Git#29>Updating files:  20% (864/4320)
Git#35>Updating files:  30% (2615/8474)
Git#35>Updating files:  31% (2627/8474)
Git#26>Updating files:  49% (884/1783)
Git#29>Updating files:  20% (881/4320)
Git#26>Updating files:  50% (892/1783)
Git#35>Updating files:  32% (2712/8474)
Git#35>Updating files:  32% (2786/8474)
Git#35>Updating files:  33% (2797/8474)
Git#26>Updating files:  50% (904/1783)
Git#29>Updating files:  21% (908/4320)
Git#29>Updating files:  21% (913/4320)
Git#26>Updating files:  51% (910/1783)
Git#35>Updating files:  34% (2882/8474)
Git#35>Updating files:  34% (2940/8474)
Git#26>Updating files:  52% (928/1783)
Git#26>Updating files:  52% (930/1783)
Git#35>Updating files:  35% (2966/8474)
Git#29>Updating files:  22% (951/4320)
Git#26>Updating files:  53% (945/1783)
Git#35>Updating files:  36% (3051/8474)
Git#35>Updating files:  36% (3121/8474)
Git#35>Updating files:  37% (3136/8474)
Git#26>Updating files:  53% (961/1783)
Git#26>Updating files:  54% (963/1783)
Git#29>Updating files:  22% (989/4320)
Git#29>Updating files:  23% (994/4320)
Git#35>Updating files:  38% (3221/8474)
Git#26>Updating files:  55% (981/1783)
Git#35>Updating files:  38% (3302/8474)
Git#35>Updating files:  39% (3305/8474)
Git#26>Updating files:  55% (992/1783)
Git#26>Updating files:  56% (999/1783)
Git#29>Updating files:  23% (1029/4320)
Git#35>Updating files:  40% (3390/8474)
Git#29>Updating files:  24% (1037/4320)
Git#26>Updating files:  57% (1017/1783)
Git#35>Updating files:  41% (3475/8474)
Git#35>Updating files:  41% (3483/8474)
Git#26>Updating files:  57% (1034/1783)
Git#26>Updating files:  58% (1035/1783)
Git#29>Updating files:  24% (1068/4320)
Git#35>Updating files:  42% (3560/8474)
Git#26>Updating files:  59% (1052/1783)
Git#29>Updating files:  25% (1080/4320)
Git#35>Updating files:  43% (3644/8474)
Git#26>Updating files:  60% (1070/1783)
Git#35>Updating files:  43% (3659/8474)
Git#26>Updating files:  60% (1076/1783)
Git#26>Updating files:  61% (1088/1783)
Git#29>Updating files:  25% (1104/4320)
Git#35>Updating files:  44% (3729/8474)
Git#26>Updating files:  62% (1106/1783)
Git#29>Updating files:  26% (1124/4320)
Git#35>Updating files:  45% (3814/8474)
Git#35>Updating files:  45% (3832/8474)
Git#26>Updating files:  62% (1120/1783)
Git#26>Updating files:  63% (1124/1783)
Git#29>Updating files:  26% (1140/4320)
Git#35>Updating files:  46% (3899/8474)
Git#26>Updating files:  64% (1142/1783)
Git#35>Updating files:  47% (3983/8474)
Git#35>Updating files:  47% (4006/8474)
Git#26>Updating files:  64% (1150/1783)
Git#29>Updating files:  27% (1167/4320)
Git#26>Updating files:  65% (1159/1783)
Git#35>Updating files:  48% (4068/8474)
Git#29>Updating files:  27% (1174/4320)
Git#26>Updating files:  66% (1177/1783)
Git#26>Updating files:  67% (1195/1783)
Git#35>Updating files:  49% (4153/8474)
Git#26>Updating files:  68% (1213/1783)
Git#35>Updating files:  49% (4186/8474)
Git#26>Updating files:  68% (1227/1783)
Git#26>Updating files:  69% (1231/1783)
Git#35>Updating files:  50% (4237/8474)
Git#26>Updating files:  70% (1249/1783)
Git#29>Updating files:  28% (1210/4320)
Git#29>Updating files:  28% (1211/4320)
Git#26>Updating files:  71% (1266/1783)
Git#26>Updating files:  72% (1284/1783)
Git#35>Updating files:  51% (4322/8474)
Git#35>Updating files:  51% (4363/8474)
Git#26>Updating files:  72% (1299/1783)
Git#26>Updating files:  73% (1302/1783)
Git#35>Updating files:  52% (4407/8474)
Git#29>Updating files:  28% (1247/4320)
Git#29>Updating files:  29% (1253/4320)
Git#35>Updating files:  53% (4492/8474)
Git#35>Updating files:  53% (4547/8474)
Git#26>Updating files:  74% (1320/1783)
Git#26>Updating files:  74% (1321/1783)
Git#35>Updating files:  54% (4576/8474)
Git#29>Updating files:  29% (1282/4320)
Git#35>Updating files:  55% (4661/8474)
Git#29>Updating files:  30% (1296/4320)
Git#26>Updating files:  75% (1338/1783)
Git#35>Updating files:  55% (4721/8474)
Git#26>Updating files:  75% (1342/1783)
Git#35>Updating files:  56% (4746/8474)
Git#29>Updating files:  30% (1318/4320)
Git#35>Updating files:  57% (4831/8474)
Git#26>Updating files:  76% (1356/1783)
Git#29>Updating files:  31% (1340/4320)
Git#35>Updating files:  57% (4879/8474)
Git#26>Updating files:  76% (1363/1783)
Git#35>Updating files:  58% (4915/8474)
Git#29>Updating files:  31% (1355/4320)
Git#26>Updating files:  77% (1373/1783)
Git#35>Updating files:  59% (5000/8474)
Git#35>Updating files:  59% (5060/8474)
Git#29>Updating files:  32% (1383/4320)
Git#26>Updating files:  77% (1384/1783)
Git#35>Updating files:  60% (5085/8474)
Git#29>Updating files:  32% (1395/4320)
Git#26>Updating files:  78% (1391/1783)
Git#35>Updating files:  61% (5170/8474)
Git#35>Updating files:  61% (5238/8474)
Git#35>Updating files:  62% (5254/8474)
Git#26>Updating files:  78% (1406/1783)
Git#29>Updating files:  33% (1426/4320)
Git#26>Updating files:  79% (1409/1783)
Git#29>Updating files:  33% (1433/4320)
Git#35>Updating files:  63% (5339/8474)
Git#35>Updating files:  63% (5420/8474)
Git#35>Updating files:  64% (5424/8474)
Git#26>Updating files:  80% (1427/1783)
Git#26>Updating files:  80% (1428/1783)
Git#29>Updating files:  34% (1469/4320)
Git#29>Updating files:  34% (1475/4320)
Git#35>Updating files:  65% (5509/8474)
Git#26>Updating files:  81% (1445/1783)
Git#35>Updating files:  66% (5593/8474)
Git#26>Updating files:  82% (1463/1783)
Git#35>Updating files:  66% (5619/8474)
Git#26>Updating files:  83% (1480/1783)
Git#26>Updating files:  84% (1498/1783)
Git#29>Updating files:  35% (1512/4320)
Git#35>Updating files:  67% (5678/8474)
Git#29>Updating files:  35% (1515/4320)
Git#26>Updating files:  85% (1516/1783)
Git#26>Updating files:  86% (1534/1783)
Git#26>Updating files:  87% (1552/1783)
Git#35>Updating files:  68% (5763/8474)
Git#26>Updating files:  88% (1570/1783)
Git#26>Updating files:  89% (1587/1783)
Git#35>Updating files:  68% (5802/8474)
Git#26>Updating files:  90% (1605/1783)
Git#26>Updating files:  90% (1610/1783)
Git#26>Updating files:  91% (1623/1783)
Git#29>Updating files:  35% (1548/4320)
Git#35>Updating files:  69% (5848/8474)
Git#26>Updating files:  92% (1641/1783)
Git#29>Updating files:  36% (1556/4320)
Git#26>Updating files:  93% (1659/1783)
Git#26>Updating files:  94% (1677/1783)
Git#35>Updating files:  70% (5932/8474)
Git#26>Updating files:  95% (1694/1783)
Git#35>Updating files:  70% (5956/8474)
Git#26>Updating files:  95% (1703/1783)
Git#26>Updating files:  96% (1712/1783)
Git#35>Updating files:  71% (6017/8474)
Git#29>Updating files:  36% (1587/4320)
Git#26>Updating files:  97% (1730/1783)
Git#26>Updating files:  98% (1748/1783)
Git#29>Updating files:  37% (1599/4320)
Git#26>Updating files:  99% (1766/1783)
Git#35>Updating files:  72% (6102/8474)
Git#26>Updating files: 100% (1783/1783)
Git#26>Updating files: 100% (1783/1783), done.
Git#26>HEAD is now at fc85417 Upload btstack 5.0.6.25420 [5313]
Git#26>Success: git -C C:/Desktop/PSOC_Edge_AI/Demo/01_WiFi_BLE/mtb_shared/btstack/release-v5.0.6 -c advice.detachedHead=false checkout --progress release-v5.0.6
Git#35>Updating files:  72% (6131/8474)
Git#35>Updating files:  73% (6187/8474)
Git#29>Updating files:  37% (1622/4320)
Git#35>Updating files:  74% (6271/8474)
Git#29>Updating files:  38% (1642/4320)
Git#35>Updating files:  74% (6314/8474)
Git#35>Updating files:  75% (6356/8474)
Git#29>Updating files:  38% (1662/4320)
Git#35>Updating files:  76% (6441/8474)
Git#29>Updating files:  39% (1685/4320)
Git#35>Updating files:  76% (6493/8474)
Git#35>Updating files:  77% (6525/8474)
Git#29>Updating files:  39% (1702/4320)
Git#35>Updating files:  78% (6610/8474)
Git#29>Updating files:  40% (1728/4320)
Git#35>Updating files:  78% (6679/8474)
Git#35>Updating files:  79% (6695/8474)
Git#29>Updating files:  40% (1761/4320)
Git#29>Updating files:  41% (1772/4320)
Git#35>Updating files:  80% (6780/8474)
Git#35>Updating files:  80% (6858/8474)
Git#35>Updating files:  81% (6864/8474)
Git#29>Updating files:  42% (1815/4320)
Git#29>Updating files:  42% (1825/4320)
Git#35>Updating files:  82% (6949/8474)
Git#29>Updating files:  43% (1858/4320)
Git#35>Updating files:  83% (7034/8474)
Git#35>Updating files:  83% (7047/8474)
Git#29>Updating files:  43% (1895/4320)
Git#35>Updating files:  84% (7119/8474)
Git#29>Updating files:  44% (1901/4320)
Git#35>Updating files:  85% (7203/8474)
Git#29>Updating files:  45% (1944/4320)
Git#35>Updating files:  85% (7236/8474)
Git#35>Updating files:  86% (7288/8474)
Git#29>Updating files:  45% (1964/4320)
Git#35>Updating files:  87% (7373/8474)
Git#35>Updating files:  87% (7431/8474)
Git#35>Updating files:  88% (7458/8474)
Git#29>Updating files:  46% (1988/4320)
Git#29>Updating files:  46% (1994/4320)
Git#35>Updating files:  89% (7542/8474)
Git#35>Updating files:  89% (7609/8474)
Git#35>Updating files:  90% (7627/8474)
Git#29>Updating files:  46% (2021/4320)
Git#35>Updating files:  91% (7712/8474)
Git#29>Updating files:  47% (2031/4320)
Git#35>Updating files:  91% (7780/8474)
Git#35>Updating files:  92% (7797/8474)
Git#29>Updating files:  47% (2049/4320)
Git#35>Updating files:  93% (7881/8474)
Git#35>Updating files:  93% (7955/8474)
Git#35>Updating files:  94% (7966/8474)
Git#29>Updating files:  48% (2074/4320)
Git#29>Updating files:  48% (2078/4320)
Git#35>Updating files:  95% (8051/8474)
Git#35>Updating files:  95% (8099/8474)
Git#35>Updating files:  96% (8136/8474)
Git#29>Updating files:  48% (2106/4320)
Git#29>Updating files:  49% (2117/4320)
Git#35>Updating files:  97% (8220/8474)
Git#35>Updating files:  97% (8247/8474)
Git#29>Updating files:  49% (2132/4320)
Git#35>Updating files:  98% (8305/8474)
Git#35>Updating files:  99% (8390/8474)
Git#35>Updating files:  99% (8398/8474)
Git#29>Updating files:  49% (2158/4320)
Git#29>Updating files:  50% (2160/4320)
Git#35>Updating files: 100% (8474/8474)
Git#35>Updating files: 100% (8474/8474), done.
Git#35>HEAD is now at d81a6a64 Upload device-db 4.41.0.11271 [5423]
Git#35>Success: git -C C:/Users/User/.modustoolbox/global/device-db/release-v4.41.0 -c advice.detachedHead=false checkout --progress release-v4.41.0
Git#29>Updating files:  50% (2183/4320)
Git#29>Updating files:  51% (2204/4320)
Git#29>Updating files:  51% (2207/4320)
Git#29>Updating files:  51% (2231/4320)
Git#29>Updating files:  52% (2247/4320)
Git#29>Updating files:  52% (2255/4320)
Git#29>Updating files:  52% (2279/4320)
Git#29>Updating files:  53% (2290/4320)
Git#29>Updating files:  53% (2302/4320)
Git#29>Updating files:  53% (2326/4320)
Git#29>Updating files:  54% (2333/4320)
Git#29>Updating files:  54% (2349/4320)
Git#29>Updating files:  54% (2374/4320)
Git#29>Updating files:  55% (2376/4320)
Git#29>Updating files:  55% (2400/4320)
Git#29>Updating files:  56% (2420/4320)
Git#29>Updating files:  56% (2423/4320)
Git#29>Updating files:  56% (2446/4320)
Git#29>Updating files:  57% (2463/4320)
Git#29>Updating files:  57% (2470/4320)
Git#29>Updating files:  57% (2494/4320)
Git#29>Updating files:  58% (2506/4320)
Git#29>Updating files:  58% (2518/4320)
Git#29>Updating files:  58% (2542/4320)
Git#29>Updating files:  59% (2549/4320)
Git#29>Updating files:  59% (2565/4320)
Git#29>Updating files:  59% (2591/4320)
Git#29>Updating files:  60% (2592/4320)
Git#29>Updating files:  60% (2619/4320)
Git#29>Updating files:  61% (2636/4320)
Git#29>Updating files:  61% (2649/4320)
Git#29>Updating files:  62% (2679/4320)
Git#29>Updating files:  62% (2680/4320)
Git#29>Updating files:  62% (2713/4320)
Git#29>Updating files:  63% (2722/4320)
Git#29>Updating files:  63% (2745/4320)
Git#29>Updating files:  64% (2765/4320)
Git#29>Updating files:  64% (2771/4320)
Git#29>Updating files:  64% (2796/4320)
Git#29>Updating files:  65% (2808/4320)
Git#29>Updating files:  65% (2820/4320)
Git#29>Updating files:  65% (2845/4320)
Git#29>Updating files:  66% (2852/4320)
Git#29>Updating files:  66% (2869/4320)
Git#29>Updating files:  66% (2894/4320)
Git#29>Updating files:  67% (2895/4320)
Git#29>Updating files:  67% (2919/4320)
Git#29>Updating files:  68% (2938/4320)
Git#29>Updating files:  68% (2944/4320)
Git#29>Updating files:  68% (2969/4320)
Git#29>Updating files:  69% (2981/4320)
Git#29>Updating files:  69% (2994/4320)
Git#29>Updating files:  69% (3021/4320)
Git#29>Updating files:  70% (3024/4320)
Git#29>Updating files:  70% (3050/4320)
Git#29>Updating files:  71% (3068/4320)
Git#29>Updating files:  71% (3081/4320)
Git#29>Updating files:  71% (3106/4320)
Git#29>Updating files:  72% (3111/4320)
Git#29>Updating files:  73% (3154/4320)
Git#29>Updating files:  73% (3182/4320)
Git#29>Updating files:  74% (3197/4320)
Git#29>Updating files:  74% (3209/4320)
Git#29>Updating files:  74% (3235/4320)
Git#29>Updating files:  75% (3240/4320)
Git#29>Updating files:  75% (3259/4320)
Git#29>Updating files:  75% (3283/4320)
Git#29>Updating files:  76% (3284/4320)
Git#29>Updating files:  76% (3306/4320)
Git#29>Updating files:  77% (3327/4320)
Git#29>Updating files:  77% (3329/4320)
Git#29>Updating files:  77% (3354/4320)
Git#29>Updating files:  78% (3370/4320)
Git#29>Updating files:  78% (3378/4320)
Git#29>Updating files:  78% (3401/4320)
Git#29>Updating files:  79% (3413/4320)
Git#29>Updating files:  79% (3425/4320)
Git#29>Updating files:  79% (3452/4320)
Git#29>Updating files:  80% (3456/4320)
Git#29>Updating files:  80% (3477/4320)
Git#29>Updating files:  81% (3500/4320)
Git#29>Updating files:  81% (3504/4320)
Git#29>Updating files:  81% (3532/4320)
Git#29>Updating files:  82% (3543/4320)
Git#29>Updating files:  82% (3560/4320)
Git#29>Updating files:  83% (3586/4320)
Git#29>Updating files:  83% (3592/4320)
Git#29>Updating files:  83% (3618/4320)
Git#29>Updating files:  84% (3629/4320)
Git#29>Updating files:  84% (3643/4320)
Git#29>Updating files:  85% (3672/4320)
Git#29>Updating files:  86% (3716/4320)
Git#29>Updating files:  86% (3745/4320)
Git#29>Updating files:  87% (3759/4320)
Git#29>Updating files:  88% (3802/4320)
Git#29>Updating files:  89% (3845/4320)
Git#29>Updating files:  90% (3888/4320)
Git#29>Updating files:  90% (3892/4320)
Git#29>Updating files:  91% (3932/4320)
Git#29>Updating files:  92% (3975/4320)
Git#29>Updating files:  93% (4018/4320)
Git#29>Updating files:  93% (4022/4320)
Git#29>Updating files:  94% (4061/4320)
Git#29>Updating files:  95% (4104/4320)
Git#29>Updating files:  96% (4148/4320)
Git#29>Updating files:  96% (4151/4320)
Git#29>Updating files:  97% (4191/4320)
Git#29>Updating files:  98% (4234/4320)
Git#29>Updating files:  99% (4277/4320)
Git#29>Updating files:  99% (4282/4320)
Git#29>Updating files: 100% (4320/4320)
Git#29>Updating files: 100% (4320/4320), done.
Git#29>HEAD is now at 5813532 Upload mtb-dsl-pse8xxgp 1.7.0.1401 [5446]
Git#29>Success: git -C C:/Desktop/PSOC_Edge_AI/Demo/01_WiFi_BLE/mtb_shared/mtb-dsl-pse8xxgp/release-v1.7.0 -c advice.detachedHead=false checkout --progress release-v1.7.0
Copying template files from C:/Desktop/PSOC_Edge_AI/Demo/01_WiFi_BLE/PSOC_Edge_Bluetooth_LE_FindMe/templates/TARGET_KIT_PSE84_AI to C:/Desktop/PSOC_Edge_AI/Demo/01_WiFi_BLE/PSOC_Edge_Bluetooth_LE_FindMe/bsps/TARGET_APP_KIT_PSE84_AI
Requested to change the active target to 'APP_KIT_PSE84_AI'.
Removed the file 'C:/Desktop/PSOC_Edge_AI/Demo/01_WiFi_BLE/PSOC_Edge_Bluetooth_LE_FindMe/proj_cm33_ns/deps/TARGET_KIT_PSE84_AI.mtb'.
Writing the file 'C:/Desktop/PSOC_Edge_AI/Demo/01_WiFi_BLE/PSOC_Edge_Bluetooth_LE_FindMe/proj_cm33_ns/libs/app.mk'.
Successfully committed changes to the project 'proj_cm33_ns'.
Project "proj_cm33_ns" created successfully.
Processing project 'proj_cm33_s'.
Starting to commit changes to the filesystem and project 'proj_cm33_s'.
Writing mtb file for asset 'KIT_PSE84_AI' to the folder 'C:/Desktop/PSOC_Edge_AI/Demo/01_WiFi_BLE/PSOC_Edge_Bluetooth_LE_FindMe/proj_cm33_s/deps'.
Writing mtb file for asset 'mtb-srf' to the folder 'C:/Desktop/PSOC_Edge_AI/Demo/01_WiFi_BLE/PSOC_Edge_Bluetooth_LE_FindMe/proj_cm33_s/libs'.
Writing mtb file for asset 'mtb-dsl-pse8xxgp' to the folder 'C:/Desktop/PSOC_Edge_AI/Demo/01_WiFi_BLE/PSOC_Edge_Bluetooth_LE_FindMe/proj_cm33_s/libs'.
Writing mtb file for asset 'mtb-ipc' to the folder 'C:/Desktop/PSOC_Edge_AI/Demo/01_WiFi_BLE/PSOC_Edge_Bluetooth_LE_FindMe/proj_cm33_s/libs'.
Writing mtb file for asset 'se-rt-services-utils' to the folder 'C:/Desktop/PSOC_Edge_AI/Demo/01_WiFi_BLE/PSOC_Edge_Bluetooth_LE_FindMe/proj_cm33_s/libs'.
Writing mtb file for asset 'core-lib' to the folder 'C:/Desktop/PSOC_Edge_AI/Demo/01_WiFi_BLE/PSOC_Edge_Bluetooth_LE_FindMe/proj_cm33_s/libs'.
Writing mtb file for asset 'bt-fw-mur-cyw55513' to the folder 'C:/Desktop/PSOC_Edge_AI/Demo/01_WiFi_BLE/PSOC_Edge_Bluetooth_LE_FindMe/proj_cm33_s/libs'.
Writing mtb file for asset 'core-make' to the folder 'C:/Desktop/PSOC_Edge_AI/Demo/01_WiFi_BLE/PSOC_Edge_Bluetooth_LE_FindMe/proj_cm33_s/libs'.
Writing mtb file for asset 'async-transfer' to the folder 'C:/Desktop/PSOC_Edge_AI/Demo/01_WiFi_BLE/PSOC_Edge_Bluetooth_LE_FindMe/proj_cm33_s/libs'.
Writing mtb file for asset 'device-db' to the folder 'C:/Desktop/PSOC_Edge_AI/Demo/01_WiFi_BLE/PSOC_Edge_Bluetooth_LE_FindMe/proj_cm33_s/libs'.
Writing mtb file for asset 'cmsis' to the folder 'C:/Desktop/PSOC_Edge_AI/Demo/01_WiFi_BLE/PSOC_Edge_Bluetooth_LE_FindMe/proj_cm33_s/libs'.
Git#36>Starting: git -C C:/Desktop/PSOC_Edge_AI/Demo/01_WiFi_BLE/PSOC_Edge_Bluetooth_LE_FindMe/proj_cm33_s/libs clone --progress --origin cypress --no-checkout --filter=blob:none https://github.com/Infineon/TARGET_KIT_PSE84_AI TARGET_KIT_PSE84_AI
Git#37>Starting: git -C C:/Desktop/PSOC_Edge_AI/Demo/01_WiFi_BLE/mtb_shared/mtb-srf/release-v1.2.1 -c advice.detachedHead=false checkout --progress release-v1.2.1
Git#38>Starting: git -C C:/Desktop/PSOC_Edge_AI/Demo/01_WiFi_BLE/mtb_shared/mtb-dsl-pse8xxgp/release-v1.7.0 -c advice.detachedHead=false checkout --progress release-v1.7.0
Git#39>Starting: git -C C:/Desktop/PSOC_Edge_AI/Demo/01_WiFi_BLE/mtb_shared/mtb-ipc/release-v1.2.0 -c advice.detachedHead=false checkout --progress release-v1.2.0
Git#36>Cloning into 'TARGET_KIT_PSE84_AI'...
Git#37>HEAD is now at 7998f67 Upload mtb-srf [5279]
Git#37>Success: git -C C:/Desktop/PSOC_Edge_AI/Demo/01_WiFi_BLE/mtb_shared/mtb-srf/release-v1.2.1 -c advice.detachedHead=false checkout --progress release-v1.2.1
Git#40>Starting: git -C C:/Desktop/PSOC_Edge_AI/Demo/01_WiFi_BLE/mtb_shared/se-rt-services-utils/release-v1.4.0 -c advice.detachedHead=false checkout --progress release-v1.4.0
Git#39>HEAD is now at 760f477 Upload mtb-ipc [4394]
Git#39>Success: git -C C:/Desktop/PSOC_Edge_AI/Demo/01_WiFi_BLE/mtb_shared/mtb-ipc/release-v1.2.0 -c advice.detachedHead=false checkout --progress release-v1.2.0
Git#41>Starting: git -C C:/Desktop/PSOC_Edge_AI/Demo/01_WiFi_BLE/mtb_shared/core-lib/release-v1.8.0 -c advice.detachedHead=false checkout --progress release-v1.8.0
Git#41>HEAD is now at ca57d1e Upload core-lib [5210]
Git#40>HEAD is now at b9cb6c8 Upload se-rt-services-utils 1.4.0.1521 [5025]
Git#40>Success: git -C C:/Desktop/PSOC_Edge_AI/Demo/01_WiFi_BLE/mtb_shared/se-rt-services-utils/release-v1.4.0 -c advice.detachedHead=false checkout --progress release-v1.4.0
Git#42>Starting: git -C C:/Desktop/PSOC_Edge_AI/Demo/01_WiFi_BLE/mtb_shared/bt-fw-mur-cyw55513/release-v1.0.0 -c advice.detachedHead=false checkout --progress release-v1.0.0
Git#41>Success: git -C C:/Desktop/PSOC_Edge_AI/Demo/01_WiFi_BLE/mtb_shared/core-lib/release-v1.8.0 -c advice.detachedHead=false checkout --progress release-v1.8.0
Git#43>Starting: git -C C:/Desktop/PSOC_Edge_AI/Demo/01_WiFi_BLE/mtb_shared/core-make/release-v3.10.0 -c advice.detachedHead=false checkout --progress release-v3.10.0
Git#42>HEAD is now at 8823323 Upload bt-fw-mur-cyw55513 1.0.0.8 [3998]
Git#42>Success: git -C C:/Desktop/PSOC_Edge_AI/Demo/01_WiFi_BLE/mtb_shared/bt-fw-mur-cyw55513/release-v1.0.0 -c advice.detachedHead=false checkout --progress release-v1.0.0
Git#44>Starting: git -C C:/Desktop/PSOC_Edge_AI/Demo/01_WiFi_BLE/mtb_shared/async-transfer/release-v1.1.1 -c advice.detachedHead=false checkout --progress release-v1.1.1
Git#43>HEAD is now at aefe7ff Upload core-make [5352]
Git#43>Success: git -C C:/Desktop/PSOC_Edge_AI/Demo/01_WiFi_BLE/mtb_shared/core-make/release-v3.10.0 -c advice.detachedHead=false checkout --progress release-v3.10.0
Git#45>Starting: git -C C:/Users/User/.modustoolbox/global/device-db/release-v4.41.0 -c advice.detachedHead=false checkout --progress release-v4.41.0
Git#44>HEAD is now at 17b6f63 Upload async-transfer [5210]
Git#44>Success: git -C C:/Desktop/PSOC_Edge_AI/Demo/01_WiFi_BLE/mtb_shared/async-transfer/release-v1.1.1 -c advice.detachedHead=false checkout --progress release-v1.1.1
Git#46>Starting: git -C C:/Desktop/PSOC_Edge_AI/Demo/01_WiFi_BLE/mtb_shared/cmsis/release-v6.1.0 -c advice.detachedHead=false checkout --progress release-v6.1.0
Git#46>HEAD is now at d00730d Upload cmsis 6.1.0.171 [3998]
Git#46>Success: git -C C:/Desktop/PSOC_Edge_AI/Demo/01_WiFi_BLE/mtb_shared/cmsis/release-v6.1.0 -c advice.detachedHead=false checkout --progress release-v6.1.0
Git#38>HEAD is now at 5813532 Upload mtb-dsl-pse8xxgp 1.7.0.1401 [5446]
Git#38>Success: git -C C:/Desktop/PSOC_Edge_AI/Demo/01_WiFi_BLE/mtb_shared/mtb-dsl-pse8xxgp/release-v1.7.0 -c advice.detachedHead=false checkout --progress release-v1.7.0
Git#45>HEAD is now at d81a6a64 Upload device-db 4.41.0.11271 [5423]
Git#45>Success: git -C C:/Users/User/.modustoolbox/global/device-db/release-v4.41.0 -c advice.detachedHead=false checkout --progress release-v4.41.0
Git#36>remote: Enumerating objects: 64, done.        
Git#36>remote: Counting objects:   1% (1/64)        
Git#36>remote: Counting objects:   3% (2/64)        
Git#36>remote: Counting objects:   4% (3/64)        
Git#36>remote: Counting objects:   6% (4/64)        
Git#36>remote: Counting objects:   7% (5/64)        
Git#36>remote: Counting objects:   9% (6/64)        
Git#36>remote: Counting objects:  10% (7/64)        
Git#36>remote: Counting objects:  12% (8/64)        
Git#36>remote: Counting objects:  14% (9/64)        
Git#36>remote: Counting objects:  15% (10/64)        
Git#36>remote: Counting objects:  17% (11/64)        
Git#36>remote: Counting objects:  18% (12/64)        
Git#36>remote: Counting objects:  20% (13/64)        
Git#36>remote: Counting objects:  21% (14/64)        
Git#36>remote: Counting objects:  23% (15/64)        
Git#36>remote: Counting objects:  25% (16/64)        
Git#36>remote: Counting objects:  26% (17/64)        
Git#36>remote: Counting objects:  28% (18/64)        
Git#36>remote: Counting objects:  29% (19/64)        
Git#36>remote: Counting objects:  31% (20/64)        
Git#36>remote: Counting objects:  32% (21/64)        
Git#36>remote: Counting objects:  34% (22/64)        
Git#36>remote: Counting objects:  35% (23/64)        
Git#36>remote: Counting objects:  37% (24/64)        
Git#36>remote: Counting objects:  39% (25/64)        
Git#36>remote: Counting objects:  40% (26/64)        
Git#36>remote: Counting objects:  42% (27/64)        
Git#36>remote: Counting objects:  43% (28/64)        
Git#36>remote: Counting objects:  45% (29/64)        
Git#36>remote: Counting objects:  46% (30/64)        
Git#36>remote: Counting objects:  48% (31/64)        
Git#36>remote: Counting objects:  50% (32/64)        
Git#36>remote: Counting objects:  51% (33/64)        
Git#36>remote: Counting objects:  53% (34/64)        
Git#36>remote: Counting objects:  54% (35/64)        
Git#36>remote: Counting objects:  56% (36/64)        
Git#36>remote: Counting objects:  57% (37/64)        
Git#36>remote: Counting objects:  59% (38/64)        
Git#36>remote: Counting objects:  60% (39/64)        
Git#36>remote: Counting objects:  62% (40/64)        
Git#36>remote: Counting objects:  64% (41/64)        
Git#36>remote: Counting objects:  65% (42/64)        
Git#36>remote: Counting objects:  67% (43/64)        
Git#36>remote: Counting objects:  68% (44/64)        
Git#36>remote: Counting objects:  70% (45/64)        
Git#36>remote: Counting objects:  71% (46/64)        
Git#36>remote: Counting objects:  73% (47/64)        
Git#36>remote: Counting objects:  75% (48/64)        
Git#36>remote: Counting objects:  76% (49/64)        
Git#36>remote: Counting objects:  78% (50/64)        
Git#36>remote: Counting objects:  79% (51/64)        
Git#36>remote: Counting objects:  81% (52/64)        
Git#36>remote: Counting objects:  82% (53/64)        
Git#36>remote: Counting objects:  84% (54/64)        
Git#36>remote: Counting objects:  85% (55/64)        
Git#36>remote: Counting objects:  87% (56/64)        
Git#36>remote: Counting objects:  89% (57/64)        
Git#36>remote: Counting objects:  90% (58/64)        
Git#36>remote: Counting objects:  92% (59/64)        
Git#36>remote: Counting objects:  93% (60/64)        
Git#36>remote: Counting objects:  95% (61/64)        
Git#36>remote: Counting objects:  96% (62/64)        
Git#36>remote: Counting objects:  98% (63/64)        
Git#36>remote: Counting objects: 100% (64/64)        
Git#36>remote: Counting objects: 100% (64/64), done.        
Git#36>remote: Compressing objects:   2% (1/40)        
Git#36>remote: Compressing objects:   5% (2/40)        
Git#36>remote: Compressing objects:   7% (3/40)        
Git#36>remote: Compressing objects:  10% (4/40)        
Git#36>remote: Compressing objects:  12% (5/40)        
Git#36>remote: Compressing objects:  15% (6/40)        
Git#36>remote: Compressing objects:  17% (7/40)        
Git#36>remote: Compressing objects:  20% (8/40)        
Git#36>remote: Compressing objects:  22% (9/40)        
Git#36>remote: Compressing objects:  25% (10/40)        
Git#36>remote: Compressing objects:  27% (11/40)        
Git#36>remote: Compressing objects:  30% (12/40)        
Git#36>remote: Compressing objects:  32% (13/40)        
Git#36>remote: Compressing objects:  35% (14/40)        
Git#36>remote: Compressing objects:  37% (15/40)        
Git#36>remote: Compressing objects:  40% (16/40)        
Git#36>remote: Compressing objects:  42% (17/40)        
Git#36>remote: Compressing objects:  45% (18/40)        
Git#36>remote: Compressing objects:  47% (19/40)        
Git#36>remote: Compressing objects:  50% (20/40)        
Git#36>remote: Compressing objects:  52% (21/40)        
Git#36>remote: Compressing objects:  55% (22/40)        
Git#36>remote: Compressing objects:  57% (23/40)        
Git#36>remote: Compressing objects:  60% (24/40)        
Git#36>remote: Compressing objects:  62% (25/40)        
Git#36>remote: Compressing objects:  65% (26/40)        
Git#36>remote: Compressing objects:  67% (27/40)        
Git#36>remote: Compressing objects:  70% (28/40)        
Git#36>remote: Compressing objects:  72% (29/40)        
Git#36>remote: Compressing objects:  75% (30/40)        
Git#36>remote: Compressing objects:  77% (31/40)        
Git#36>remote: Compressing objects:  80% (32/40)        
Git#36>remote: Compressing objects:  82% (33/40)        
Git#36>remote: Compressing objects:  85% (34/40)        
Git#36>remote: Compressing objects:  87% (35/40)        
Git#36>remote: Compressing objects:  90% (36/40)        
Git#36>remote: Compressing objects:  92% (37/40)        
Git#36>remote: Compressing objects:  95% (38/40)        
Git#36>remote: Compressing objects:  97% (39/40)        
Git#36>remote: Compressing objects: 100% (40/40)        
Git#36>remote: Compressing objects: 100% (40/40), done.        
Git#36>remote: Total 64 (delta 24), reused 55 (delta 15), pack-reused 0 (from 0)        
Git#36>Receiving objects:   1% (1/64)
Git#36>Receiving objects:   3% (2/64)
Git#36>Receiving objects:   4% (3/64)
Git#36>Receiving objects:   6% (4/64)
Git#36>Receiving objects:   7% (5/64)
Git#36>Receiving objects:   9% (6/64)
Git#36>Receiving objects:  10% (7/64)
Git#36>Receiving objects:  12% (8/64)
Git#36>Receiving objects:  14% (9/64)
Git#36>Receiving objects:  15% (10/64)
Git#36>Receiving objects:  17% (11/64)
Git#36>Receiving objects:  18% (12/64)
Git#36>Receiving objects:  20% (13/64)
Git#36>Receiving objects:  21% (14/64)
Git#36>Receiving objects:  23% (15/64)
Git#36>Receiving objects:  25% (16/64)
Git#36>Receiving objects:  26% (17/64)
Git#36>Receiving objects:  28% (18/64)
Git#36>Receiving objects:  29% (19/64)
Git#36>Receiving objects:  31% (20/64)
Git#36>Receiving objects:  32% (21/64)
Git#36>Receiving objects:  34% (22/64)
Git#36>Receiving objects:  35% (23/64)
Git#36>Receiving objects:  37% (24/64)
Git#36>Receiving objects:  39% (25/64)
Git#36>Receiving objects:  40% (26/64)
Git#36>Receiving objects:  42% (27/64)
Git#36>Receiving objects:  43% (28/64)
Git#36>Receiving objects:  45% (29/64)
Git#36>Receiving objects:  46% (30/64)
Git#36>Receiving objects:  48% (31/64)
Git#36>Receiving objects:  50% (32/64)
Git#36>Receiving objects:  51% (33/64)
Git#36>Receiving objects:  53% (34/64)
Git#36>Receiving objects:  54% (35/64)
Git#36>Receiving objects:  56% (36/64)
Git#36>Receiving objects:  57% (37/64)
Git#36>Receiving objects:  59% (38/64)
Git#36>Receiving objects:  60% (39/64)
Git#36>Receiving objects:  62% (40/64)
Git#36>Receiving objects:  64% (41/64)
Git#36>Receiving objects:  65% (42/64)
Git#36>Receiving objects:  67% (43/64)
Git#36>Receiving objects:  68% (44/64)
Git#36>Receiving objects:  70% (45/64)
Git#36>Receiving objects:  71% (46/64)
Git#36>Receiving objects:  73% (47/64)
Git#36>Receiving objects:  75% (48/64)
Git#36>Receiving objects:  76% (49/64)
Git#36>Receiving objects:  78% (50/64)
Git#36>Receiving objects:  79% (51/64)
Git#36>Receiving objects:  81% (52/64)
Git#36>Receiving objects:  82% (53/64)
Git#36>Receiving objects:  84% (54/64)
Git#36>Receiving objects:  85% (55/64)
Git#36>Receiving objects:  87% (56/64)
Git#36>Receiving objects:  89% (57/64)
Git#36>Receiving objects:  90% (58/64)
Git#36>Receiving objects:  92% (59/64)
Git#36>Receiving objects:  93% (60/64)
Git#36>Receiving objects:  95% (61/64)
Git#36>Receiving objects:  96% (62/64)
Git#36>Receiving objects:  98% (63/64)
Git#36>Receiving objects: 100% (64/64)
Git#36>Receiving objects: 100% (64/64), 21.89 KiB | 3.65 MiB/s, done.
Git#36>Resolving deltas:   0% (0/24)
Git#36>Resolving deltas:   4% (1/24)
Git#36>Resolving deltas:   8% (2/24)
Git#36>Resolving deltas:  12% (3/24)
Git#36>Resolving deltas:  16% (4/24)
Git#36>Resolving deltas:  20% (5/24)
Git#36>Resolving deltas:  25% (6/24)
Git#36>Resolving deltas:  29% (7/24)
Git#36>Resolving deltas:  33% (8/24)
Git#36>Resolving deltas:  37% (9/24)
Git#36>Resolving deltas:  41% (10/24)
Git#36>Resolving deltas:  45% (11/24)
Git#36>Resolving deltas:  50% (12/24)
Git#36>Resolving deltas:  54% (13/24)
Git#36>Resolving deltas:  58% (14/24)
Git#36>Resolving deltas:  62% (15/24)
Git#36>Resolving deltas:  66% (16/24)
Git#36>Resolving deltas:  70% (17/24)
Git#36>Resolving deltas:  75% (18/24)
Git#36>Resolving deltas:  79% (19/24)
Git#36>Resolving deltas:  83% (20/24)
Git#36>Resolving deltas:  87% (21/24)
Git#36>Resolving deltas:  91% (22/24)
Git#36>Resolving deltas:  95% (23/24)
Git#36>Resolving deltas: 100% (24/24)
Git#36>Resolving deltas: 100% (24/24), done.
Git#36>Success: git -C C:/Desktop/PSOC_Edge_AI/Demo/01_WiFi_BLE/PSOC_Edge_Bluetooth_LE_FindMe/proj_cm33_s/libs clone --progress --origin cypress --no-checkout --filter=blob:none https://github.com/Infineon/TARGET_KIT_PSE84_AI TARGET_KIT_PSE84_AI
Git#47>Starting: git -C C:/Desktop/PSOC_Edge_AI/Demo/01_WiFi_BLE/PSOC_Edge_Bluetooth_LE_FindMe/proj_cm33_s/libs/TARGET_KIT_PSE84_AI -c advice.detachedHead=false checkout --progress release-v1.4.0
Git#47>Updating files:   0% (2/255)
Git#47>Updating files:   1% (3/255)
Git#47>Updating files:   2% (6/255)
Git#47>Updating files:   3% (8/255)
Git#47>Updating files:   4% (11/255)
Git#47>Updating files:   5% (13/255)
Git#47>Updating files:   6% (16/255)
Git#47>Updating files:   7% (18/255)
Git#47>Updating files:   8% (21/255)
Git#47>Updating files:   9% (23/255)
Git#47>Updating files:  10% (26/255)
Git#47>Updating files:  11% (29/255)
Git#47>Updating files:  12% (31/255)
Git#47>Updating files:  13% (34/255)
Git#47>Updating files:  14% (36/255)
Git#47>Updating files:  15% (39/255)
Git#47>Updating files:  16% (41/255)
Git#47>Updating files:  17% (44/255)
Git#47>Updating files:  18% (46/255)
Git#47>Updating files:  19% (49/255)
Git#47>Updating files:  20% (51/255)
Git#47>Updating files:  21% (54/255)
Git#47>Updating files:  22% (57/255)
Git#47>Updating files:  23% (59/255)
Git#47>Updating files:  24% (62/255)
Git#47>Updating files:  25% (64/255)
Git#47>Updating files:  26% (67/255)
Git#47>Updating files:  27% (69/255)
Git#47>Updating files:  28% (72/255)
Git#47>Updating files:  29% (74/255)
Git#47>Updating files:  30% (77/255)
Git#47>Updating files:  31% (80/255)
Git#47>Updating files:  32% (82/255)
Git#47>Updating files:  33% (85/255)
Git#47>Updating files:  34% (87/255)
Git#47>Updating files:  35% (90/255)
Git#47>Updating files:  36% (92/255)
Git#47>Updating files:  37% (95/255)
Git#47>Updating files:  38% (97/255)
Git#47>Updating files:  39% (100/255)
Git#47>Updating files:  40% (102/255)
Git#47>Updating files:  41% (105/255)
Git#47>Updating files:  42% (108/255)
Git#47>Updating files:  43% (110/255)
Git#47>Updating files:  44% (113/255)
Git#47>Updating files:  45% (115/255)
Git#47>Updating files:  46% (118/255)
Git#47>Updating files:  47% (120/255)
Git#47>Updating files:  48% (123/255)
Git#47>Updating files:  49% (125/255)
Git#47>Updating files:  50% (128/255)
Git#47>Updating files:  51% (131/255)
Git#47>Updating files:  52% (133/255)
Git#47>Updating files:  53% (136/255)
Git#47>Updating files:  54% (138/255)
Git#47>Updating files:  55% (141/255)
Git#47>Updating files:  56% (143/255)
Git#47>Updating files:  57% (146/255)
Git#47>Updating files:  58% (148/255)
Git#47>Updating files:  59% (151/255)
Git#47>Updating files:  60% (153/255)
Git#47>Updating files:  61% (156/255)
Git#47>Updating files:  62% (159/255)
Git#47>Updating files:  63% (161/255)
Git#47>Updating files:  64% (164/255)
Git#47>Updating files:  65% (166/255)
Git#47>Updating files:  66% (169/255)
Git#47>Updating files:  67% (171/255)
Git#47>Updating files:  68% (174/255)
Git#47>Updating files:  69% (176/255)
Git#47>Updating files:  70% (179/255)
Git#47>Updating files:  71% (182/255)
Git#47>Updating files:  72% (184/255)
Git#47>Updating files:  73% (187/255)
Git#47>Updating files:  74% (189/255)
Git#47>Updating files:  75% (192/255)
Git#47>Updating files:  76% (194/255)
Git#47>Updating files:  76% (196/255)
Git#47>Updating files:  77% (197/255)
Git#47>Updating files:  78% (199/255)
Git#47>Updating files:  79% (202/255)
Git#47>Updating files:  80% (204/255)
Git#47>Updating files:  81% (207/255)
Git#47>Updating files:  82% (210/255)
Git#47>Updating files:  83% (212/255)
Git#47>Updating files:  84% (215/255)
Git#47>Updating files:  85% (217/255)
Git#47>Updating files:  86% (220/255)
Git#47>Updating files:  87% (222/255)
Git#47>Updating files:  88% (225/255)
Git#47>Updating files:  89% (227/255)
Git#47>Updating files:  90% (230/255)
Git#47>Updating files:  91% (233/255)
Git#47>Updating files:  92% (235/255)
Git#47>Updating files:  93% (238/255)
Git#47>Updating files:  94% (240/255)
Git#47>Updating files:  95% (243/255)
Git#47>Updating files:  96% (245/255)
Git#47>Updating files:  97% (248/255)
Git#47>Updating files:  98% (250/255)
Git#47>Updating files:  99% (253/255)
Git#47>Updating files: 100% (255/255)
Git#47>Updating files: 100% (255/255), done.
Git#47>HEAD is now at 4894dd6 Upload TARGET_KIT_PSE84_AI [5230]
Git#47>Success: git -C C:/Desktop/PSOC_Edge_AI/Demo/01_WiFi_BLE/PSOC_Edge_Bluetooth_LE_FindMe/proj_cm33_s/libs/TARGET_KIT_PSE84_AI -c advice.detachedHead=false checkout --progress release-v1.4.0
Copying template files from C:/Desktop/PSOC_Edge_AI/Demo/01_WiFi_BLE/PSOC_Edge_Bluetooth_LE_FindMe/templates/TARGET_KIT_PSE84_AI to C:/Desktop/PSOC_Edge_AI/Demo/01_WiFi_BLE/PSOC_Edge_Bluetooth_LE_FindMe/bsps/TARGET_APP_KIT_PSE84_AI
Requested to change the active target to 'APP_KIT_PSE84_AI'.
Removed the file 'C:/Desktop/PSOC_Edge_AI/Demo/01_WiFi_BLE/PSOC_Edge_Bluetooth_LE_FindMe/proj_cm33_s/deps/TARGET_KIT_PSE84_AI.mtb'.
Writing the file 'C:/Desktop/PSOC_Edge_AI/Demo/01_WiFi_BLE/PSOC_Edge_Bluetooth_LE_FindMe/proj_cm33_s/libs/app.mk'.
Successfully committed changes to the project 'proj_cm33_s'.
Project "proj_cm33_s" created successfully.
Processing project 'proj_cm55'.
Starting to commit changes to the filesystem and project 'proj_cm55'.
Writing mtb file for asset 'KIT_PSE84_AI' to the folder 'C:/Desktop/PSOC_Edge_AI/Demo/01_WiFi_BLE/PSOC_Edge_Bluetooth_LE_FindMe/proj_cm55/deps'.
Writing mtb file for asset 'clib-support' to the folder 'C:/Desktop/PSOC_Edge_AI/Demo/01_WiFi_BLE/PSOC_Edge_Bluetooth_LE_FindMe/proj_cm55/libs'.
Writing mtb file for asset 'abstraction-rtos' to the folder 'C:/Desktop/PSOC_Edge_AI/Demo/01_WiFi_BLE/PSOC_Edge_Bluetooth_LE_FindMe/proj_cm55/libs'.
Writing mtb file for asset 'mtb-srf' to the folder 'C:/Desktop/PSOC_Edge_AI/Demo/01_WiFi_BLE/PSOC_Edge_Bluetooth_LE_FindMe/proj_cm55/libs'.
Writing mtb file for asset 'mtb-dsl-pse8xxgp' to the folder 'C:/Desktop/PSOC_Edge_AI/Demo/01_WiFi_BLE/PSOC_Edge_Bluetooth_LE_FindMe/proj_cm55/libs'.
Writing mtb file for asset 'mtb-ipc' to the folder 'C:/Desktop/PSOC_Edge_AI/Demo/01_WiFi_BLE/PSOC_Edge_Bluetooth_LE_FindMe/proj_cm55/libs'.
Writing mtb file for asset 'se-rt-services-utils' to the folder 'C:/Desktop/PSOC_Edge_AI/Demo/01_WiFi_BLE/PSOC_Edge_Bluetooth_LE_FindMe/proj_cm55/libs'.
Writing mtb file for asset 'core-lib' to the folder 'C:/Desktop/PSOC_Edge_AI/Demo/01_WiFi_BLE/PSOC_Edge_Bluetooth_LE_FindMe/proj_cm55/libs'.
Writing mtb file for asset 'bt-fw-mur-cyw55513' to the folder 'C:/Desktop/PSOC_Edge_AI/Demo/01_WiFi_BLE/PSOC_Edge_Bluetooth_LE_FindMe/proj_cm55/libs'.
Writing mtb file for asset 'core-make' to the folder 'C:/Desktop/PSOC_Edge_AI/Demo/01_WiFi_BLE/PSOC_Edge_Bluetooth_LE_FindMe/proj_cm55/libs'.
Writing mtb file for asset 'async-transfer' to the folder 'C:/Desktop/PSOC_Edge_AI/Demo/01_WiFi_BLE/PSOC_Edge_Bluetooth_LE_FindMe/proj_cm55/libs'.
Writing mtb file for asset 'device-db' to the folder 'C:/Desktop/PSOC_Edge_AI/Demo/01_WiFi_BLE/PSOC_Edge_Bluetooth_LE_FindMe/proj_cm55/libs'.
Writing mtb file for asset 'cmsis' to the folder 'C:/Desktop/PSOC_Edge_AI/Demo/01_WiFi_BLE/PSOC_Edge_Bluetooth_LE_FindMe/proj_cm55/libs'.
Git#48>Starting: git -C C:/Desktop/PSOC_Edge_AI/Demo/01_WiFi_BLE/mtb_shared/freertos clone --progress --origin cypress --no-checkout --filter=blob:none https://github.com/cypresssemiconductorco/freertos release-v10.6.202
Git#49>Starting: git -C C:/Desktop/PSOC_Edge_AI/Demo/01_WiFi_BLE/PSOC_Edge_Bluetooth_LE_FindMe/proj_cm55/libs clone --progress --origin cypress --no-checkout --filter=blob:none https://github.com/Infineon/TARGET_KIT_PSE84_AI TARGET_KIT_PSE84_AI
Git#50>Starting: git -C C:/Desktop/PSOC_Edge_AI/Demo/01_WiFi_BLE/mtb_shared/clib-support/release-v1.9.0 -c advice.detachedHead=false checkout --progress release-v1.9.0
Git#51>Starting: git -C C:/Desktop/PSOC_Edge_AI/Demo/01_WiFi_BLE/mtb_shared/abstraction-rtos/release-v1.13.0 -c advice.detachedHead=false checkout --progress release-v1.13.0
Git#48>Cloning into 'release-v10.6.202'...
Git#49>Cloning into 'TARGET_KIT_PSE84_AI'...
Git#50>HEAD is now at 2a14bd0 Upload clib-support [5210]
Git#50>Success: git -C C:/Desktop/PSOC_Edge_AI/Demo/01_WiFi_BLE/mtb_shared/clib-support/release-v1.9.0 -c advice.detachedHead=false checkout --progress release-v1.9.0
Git#52>Starting: git -C C:/Desktop/PSOC_Edge_AI/Demo/01_WiFi_BLE/mtb_shared/mtb-srf/release-v1.2.1 -c advice.detachedHead=false checkout --progress release-v1.2.1
Git#51>HEAD is now at de63f51 Upload abstraction-rtos [5145]
Git#51>Success: git -C C:/Desktop/PSOC_Edge_AI/Demo/01_WiFi_BLE/mtb_shared/abstraction-rtos/release-v1.13.0 -c advice.detachedHead=false checkout --progress release-v1.13.0
Git#53>Starting: git -C C:/Desktop/PSOC_Edge_AI/Demo/01_WiFi_BLE/mtb_shared/mtb-dsl-pse8xxgp/release-v1.7.0 -c advice.detachedHead=false checkout --progress release-v1.7.0
Git#52>HEAD is now at 7998f67 Upload mtb-srf [5279]
Git#52>Success: git -C C:/Desktop/PSOC_Edge_AI/Demo/01_WiFi_BLE/mtb_shared/mtb-srf/release-v1.2.1 -c advice.detachedHead=false checkout --progress release-v1.2.1
Git#54>Starting: git -C C:/Desktop/PSOC_Edge_AI/Demo/01_WiFi_BLE/mtb_shared/mtb-ipc/release-v1.2.0 -c advice.detachedHead=false checkout --progress release-v1.2.0
Git#54>HEAD is now at 760f477 Upload mtb-ipc [4394]
Git#54>Success: git -C C:/Desktop/PSOC_Edge_AI/Demo/01_WiFi_BLE/mtb_shared/mtb-ipc/release-v1.2.0 -c advice.detachedHead=false checkout --progress release-v1.2.0
Git#55>Starting: git -C C:/Desktop/PSOC_Edge_AI/Demo/01_WiFi_BLE/mtb_shared/se-rt-services-utils/release-v1.4.0 -c advice.detachedHead=false checkout --progress release-v1.4.0
Git#55>HEAD is now at b9cb6c8 Upload se-rt-services-utils 1.4.0.1521 [5025]
Git#55>Success: git -C C:/Desktop/PSOC_Edge_AI/Demo/01_WiFi_BLE/mtb_shared/se-rt-services-utils/release-v1.4.0 -c advice.detachedHead=false checkout --progress release-v1.4.0
Git#56>Starting: git -C C:/Desktop/PSOC_Edge_AI/Demo/01_WiFi_BLE/mtb_shared/core-lib/release-v1.8.0 -c advice.detachedHead=false checkout --progress release-v1.8.0
Git#56>HEAD is now at ca57d1e Upload core-lib [5210]
Git#56>Success: git -C C:/Desktop/PSOC_Edge_AI/Demo/01_WiFi_BLE/mtb_shared/core-lib/release-v1.8.0 -c advice.detachedHead=false checkout --progress release-v1.8.0
Git#57>Starting: git -C C:/Desktop/PSOC_Edge_AI/Demo/01_WiFi_BLE/mtb_shared/bt-fw-mur-cyw55513/release-v1.0.0 -c advice.detachedHead=false checkout --progress release-v1.0.0
Git#57>HEAD is now at 8823323 Upload bt-fw-mur-cyw55513 1.0.0.8 [3998]
Git#57>Success: git -C C:/Desktop/PSOC_Edge_AI/Demo/01_WiFi_BLE/mtb_shared/bt-fw-mur-cyw55513/release-v1.0.0 -c advice.detachedHead=false checkout --progress release-v1.0.0
Git#58>Starting: git -C C:/Desktop/PSOC_Edge_AI/Demo/01_WiFi_BLE/mtb_shared/core-make/release-v3.10.0 -c advice.detachedHead=false checkout --progress release-v3.10.0
Git#58>HEAD is now at aefe7ff Upload core-make [5352]
Git#58>Success: git -C C:/Desktop/PSOC_Edge_AI/Demo/01_WiFi_BLE/mtb_shared/core-make/release-v3.10.0 -c advice.detachedHead=false checkout --progress release-v3.10.0
Git#59>Starting: git -C C:/Desktop/PSOC_Edge_AI/Demo/01_WiFi_BLE/mtb_shared/async-transfer/release-v1.1.1 -c advice.detachedHead=false checkout --progress release-v1.1.1
Git#53>HEAD is now at 5813532 Upload mtb-dsl-pse8xxgp 1.7.0.1401 [5446]
Git#53>Success: git -C C:/Desktop/PSOC_Edge_AI/Demo/01_WiFi_BLE/mtb_shared/mtb-dsl-pse8xxgp/release-v1.7.0 -c advice.detachedHead=false checkout --progress release-v1.7.0
Git#60>Starting: git -C C:/Users/User/.modustoolbox/global/device-db/release-v4.41.0 -c advice.detachedHead=false checkout --progress release-v4.41.0
Git#59>HEAD is now at 17b6f63 Upload async-transfer [5210]
Git#59>Success: git -C C:/Desktop/PSOC_Edge_AI/Demo/01_WiFi_BLE/mtb_shared/async-transfer/release-v1.1.1 -c advice.detachedHead=false checkout --progress release-v1.1.1
Git#61>Starting: git -C C:/Desktop/PSOC_Edge_AI/Demo/01_WiFi_BLE/mtb_shared/cmsis/release-v6.1.0 -c advice.detachedHead=false checkout --progress release-v6.1.0
Git#61>HEAD is now at d00730d Upload cmsis 6.1.0.171 [3998]
Git#61>Success: git -C C:/Desktop/PSOC_Edge_AI/Demo/01_WiFi_BLE/mtb_shared/cmsis/release-v6.1.0 -c advice.detachedHead=false checkout --progress release-v6.1.0
Git#49>remote: Enumerating objects: 64, done.        
Git#49>remote: Counting objects:   1% (1/64)        
Git#49>remote: Counting objects:   3% (2/64)        
Git#49>remote: Counting objects:   4% (3/64)        
Git#49>remote: Counting objects:   6% (4/64)        
Git#49>remote: Counting objects:   7% (5/64)        
Git#49>remote: Counting objects:   9% (6/64)        
Git#49>remote: Counting objects:  10% (7/64)        
Git#49>remote: Counting objects:  12% (8/64)        
Git#49>remote: Counting objects:  14% (9/64)        
Git#49>remote: Counting objects:  15% (10/64)        
Git#49>remote: Counting objects:  17% (11/64)        
Git#49>remote: Counting objects:  18% (12/64)        
Git#49>remote: Counting objects:  20% (13/64)        
Git#49>remote: Counting objects:  21% (14/64)        
Git#49>remote: Counting objects:  23% (15/64)        
Git#49>remote: Counting objects:  25% (16/64)        
Git#49>remote: Counting objects:  26% (17/64)        
Git#49>remote: Counting objects:  28% (18/64)        
Git#49>remote: Counting objects:  29% (19/64)        
Git#49>remote: Counting objects:  31% (20/64)        
Git#49>remote: Counting objects:  32% (21/64)        
Git#49>remote: Counting objects:  34% (22/64)        
Git#49>remote: Counting objects:  35% (23/64)        
Git#49>remote: Counting objects:  37% (24/64)        
Git#49>remote: Counting objects:  39% (25/64)        
Git#49>remote: Counting objects:  40% (26/64)        
Git#49>remote: Counting objects:  42% (27/64)        
Git#49>remote: Counting objects:  43% (28/64)        
Git#49>remote: Counting objects:  45% (29/64)        
Git#49>remote: Counting objects:  46% (30/64)        
Git#49>remote: Counting objects:  48% (31/64)        
Git#49>remote: Counting objects:  50% (32/64)        
Git#49>remote: Counting objects:  51% (33/64)        
Git#49>remote: Counting objects:  53% (34/64)        
Git#49>remote: Counting objects:  54% (35/64)        
Git#49>remote: Counting objects:  56% (36/64)        
Git#49>remote: Counting objects:  57% (37/64)        
Git#49>remote: Counting objects:  59% (38/64)        
Git#49>remote: Counting objects:  60% (39/64)        
Git#49>remote: Counting objects:  62% (40/64)        
Git#49>remote: Counting objects:  64% (41/64)        
Git#49>remote: Counting objects:  65% (42/64)        
Git#49>remote: Counting objects:  67% (43/64)        
Git#49>remote: Counting objects:  68% (44/64)        
Git#49>remote: Counting objects:  70% (45/64)        
Git#49>remote: Counting objects:  71% (46/64)        
Git#49>remote: Counting objects:  73% (47/64)        
Git#49>remote: Counting objects:  75% (48/64)        
Git#49>remote: Counting objects:  76% (49/64)        
Git#49>remote: Counting objects:  78% (50/64)        
Git#49>remote: Counting objects:  79% (51/64)        
Git#49>remote: Counting objects:  81% (52/64)        
Git#49>remote: Counting objects:  82% (53/64)        
Git#49>remote: Counting objects:  84% (54/64)        
Git#49>remote: Counting objects:  85% (55/64)        
Git#49>remote: Counting objects:  87% (56/64)        
Git#49>remote: Counting objects:  89% (57/64)        
Git#49>remote: Counting objects:  90% (58/64)        
Git#49>remote: Counting objects:  92% (59/64)        
Git#49>remote: Counting objects:  93% (60/64)        
Git#49>remote: Counting objects:  95% (61/64)        
Git#49>remote: Counting objects:  96% (62/64)        
Git#49>remote: Counting objects:  98% (63/64)        
Git#49>remote: Counting objects: 100% (64/64)        
Git#49>remote: Counting objects: 100% (64/64), done.        
Git#49>remote: Compressing objects:   2% (1/40)        
Git#49>remote: Compressing objects:   5% (2/40)        
Git#49>remote: Compressing objects:   7% (3/40)        
Git#49>remote: Compressing objects:  10% (4/40)        
Git#49>remote: Compressing objects:  12% (5/40)        
Git#49>remote: Compressing objects:  15% (6/40)        
Git#49>remote: Compressing objects:  17% (7/40)        
Git#49>remote: Compressing objects:  20% (8/40)        
Git#49>remote: Compressing objects:  22% (9/40)        
Git#49>remote: Compressing objects:  25% (10/40)        
Git#49>remote: Compressing objects:  27% (11/40)        
Git#49>remote: Compressing objects:  30% (12/40)        
Git#49>remote: Compressing objects:  32% (13/40)        
Git#49>remote: Compressing objects:  35% (14/40)        
Git#49>remote: Compressing objects:  37% (15/40)        
Git#49>remote: Compressing objects:  40% (16/40)        
Git#49>remote: Compressing objects:  42% (17/40)        
Git#49>remote: Compressing objects:  45% (18/40)        
Git#49>remote: Compressing objects:  47% (19/40)        
Git#49>remote: Compressing objects:  50% (20/40)        
Git#49>remote: Compressing objects:  52% (21/40)        
Git#49>remote: Compressing objects:  55% (22/40)        
Git#49>remote: Compressing objects:  57% (23/40)        
Git#49>remote: Compressing objects:  60% (24/40)        
Git#49>remote: Compressing objects:  62% (25/40)        
Git#49>remote: Compressing objects:  65% (26/40)        
Git#49>remote: Compressing objects:  67% (27/40)        
Git#49>remote: Compressing objects:  70% (28/40)        
Git#49>remote: Compressing objects:  72% (29/40)        
Git#49>remote: Compressing objects:  75% (30/40)        
Git#49>remote: Compressing objects:  77% (31/40)        
Git#49>remote: Compressing objects:  80% (32/40)        
Git#49>remote: Compressing objects:  82% (33/40)        
Git#49>remote: Compressing objects:  85% (34/40)        
Git#49>remote: Compressing objects:  87% (35/40)        
Git#49>remote: Compressing objects:  90% (36/40)        
Git#49>remote: Compressing objects:  92% (37/40)        
Git#49>remote: Compressing objects:  95% (38/40)        
Git#49>remote: Compressing objects:  97% (39/40)        
Git#49>remote: Compressing objects: 100% (40/40)        
Git#49>remote: Compressing objects: 100% (40/40), done.        
Git#48>remote: Enumerating objects: 328, done.        
Git#48>remote: Counting objects:   0% (1/306)        
Git#48>remote: Counting objects:   1% (4/306)        
Git#48>remote: Counting objects:   2% (7/306)        
Git#48>remote: Counting objects:   3% (10/306)        
Git#48>remote: Counting objects:   4% (13/306)        
Git#48>remote: Counting objects:   5% (16/306)        
Git#48>remote: Counting objects:   6% (19/306)        
Git#48>remote: Counting objects:   7% (22/306)        
Git#48>remote: Counting objects:   8% (25/306)        
Git#48>remote: Counting objects:   9% (28/306)        
Git#48>remote: Counting objects:  10% (31/306)        
Git#48>remote: Counting objects:  11% (34/306)        
Git#48>remote: Counting objects:  12% (37/306)        
Git#48>remote: Counting objects:  13% (40/306)        
Git#48>remote: Counting objects:  14% (43/306)        
Git#48>remote: Counting objects:  15% (46/306)        
Git#48>remote: Counting objects:  16% (49/306)        
Git#48>remote: Counting objects:  17% (53/306)        
Git#48>remote: Counting objects:  18% (56/306)        
Git#48>remote: Counting objects:  19% (59/306)        
Git#48>remote: Counting objects:  20% (62/306)        
Git#48>remote: Counting objects:  21% (65/306)        
Git#48>remote: Counting objects:  22% (68/306)        
Git#48>remote: Counting objects:  23% (71/306)        
Git#48>remote: Counting objects:  24% (74/306)        
Git#48>remote: Counting objects:  25% (77/306)        
Git#48>remote: Counting objects:  26% (80/306)        
Git#48>remote: Counting objects:  27% (83/306)        
Git#48>remote: Counting objects:  28% (86/306)        
Git#48>remote: Counting objects:  29% (89/306)        
Git#48>remote: Counting objects:  30% (92/306)        
Git#48>remote: Counting objects:  31% (95/306)        
Git#48>remote: Counting objects:  32% (98/306)        
Git#48>remote: Counting objects:  33% (101/306)        
Git#48>remote: Counting objects:  34% (105/306)        
Git#48>remote: Counting objects:  35% (108/306)        
Git#48>remote: Counting objects:  36% (111/306)        
Git#48>remote: Counting objects:  37% (114/306)        
Git#48>remote: Counting objects:  38% (117/306)        
Git#48>remote: Counting objects:  39% (120/306)        
Git#48>remote: Counting objects:  40% (123/306)        
Git#48>remote: Counting objects:  41% (126/306)        
Git#48>remote: Counting objects:  42% (129/306)        
Git#48>remote: Counting objects:  43% (132/306)        
Git#48>remote: Counting objects:  44% (135/306)        
Git#48>remote: Counting objects:  45% (138/306)        
Git#48>remote: Counting objects:  46% (141/306)        
Git#48>remote: Counting objects:  47% (144/306)        
Git#48>remote: Counting objects:  48% (147/306)        
Git#48>remote: Counting objects:  49% (150/306)        
Git#48>remote: Counting objects:  50% (153/306)        
Git#48>remote: Counting objects:  51% (157/306)        
Git#48>remote: Counting objects:  52% (160/306)        
Git#48>remote: Counting objects:  53% (163/306)        
Git#48>remote: Counting objects:  54% (166/306)        
Git#48>remote: Counting objects:  55% (169/306)        
Git#48>remote: Counting objects:  56% (172/306)        
Git#48>remote: Counting objects:  57% (175/306)        
Git#48>remote: Counting objects:  58% (178/306)        
Git#48>remote: Counting objects:  59% (181/306)        
Git#48>remote: Counting objects:  60% (184/306)        
Git#48>remote: Counting objects:  61% (187/306)        
Git#48>remote: Counting objects:  62% (190/306)        
Git#48>remote: Counting objects:  63% (193/306)        
Git#48>remote: Counting objects:  64% (196/306)        
Git#48>remote: Counting objects:  65% (199/306)        
Git#48>remote: Counting objects:  66% (202/306)        
Git#48>remote: Counting objects:  67% (206/306)        
Git#48>remote: Counting objects:  68% (209/306)        
Git#48>remote: Counting objects:  69% (212/306)        
Git#48>remote: Counting objects:  70% (215/306)        
Git#48>remote: Counting objects:  71% (218/306)        
Git#48>remote: Counting objects:  72% (221/306)        
Git#48>remote: Counting objects:  73% (224/306)        
Git#48>remote: Counting objects:  74% (227/306)        
Git#49>Receiving objects:   1% (1/64)
Git#49>Receiving objects:   3% (2/64)
Git#49>Receiving objects:   4% (3/64)
Git#49>Receiving objects:   6% (4/64)
Git#49>Receiving objects:   7% (5/64)
Git#49>Receiving objects:   9% (6/64)
Git#49>Receiving objects:  10% (7/64)
Git#49>Receiving objects:  12% (8/64)
Git#49>Receiving objects:  14% (9/64)
Git#49>Receiving objects:  15% (10/64)
Git#49>Receiving objects:  17% (11/64)
Git#49>Receiving objects:  18% (12/64)
Git#49>Receiving objects:  20% (13/64)
Git#49>Receiving objects:  21% (14/64)
Git#49>Receiving objects:  23% (15/64)
Git#49>Receiving objects:  25% (16/64)
Git#49>Receiving objects:  26% (17/64)
Git#49>Receiving objects:  28% (18/64)
Git#49>Receiving objects:  29% (19/64)
Git#49>Receiving objects:  31% (20/64)
Git#49>Receiving objects:  32% (21/64)
Git#49>Receiving objects:  34% (22/64)
Git#49>Receiving objects:  35% (23/64)
Git#49>Receiving objects:  37% (24/64)
Git#49>Receiving objects:  39% (25/64)
Git#49>Receiving objects:  40% (26/64)
Git#49>Receiving objects:  42% (27/64)
Git#49>Receiving objects:  43% (28/64)
Git#49>Receiving objects:  45% (29/64)
Git#49>Receiving objects:  46% (30/64)
Git#49>Receiving objects:  48% (31/64)
Git#49>Receiving objects:  50% (32/64)
Git#48>remote: Counting objects:  75% (230/306)        
Git#48>remote: Counting objects:  76% (233/306)        
Git#48>remote: Counting objects:  77% (236/306)        
Git#48>remote: Counting objects:  78% (239/306)        
Git#48>remote: Counting objects:  79% (242/306)        
Git#48>remote: Counting objects:  80% (245/306)        
Git#48>remote: Counting objects:  81% (248/306)        
Git#48>remote: Counting objects:  82% (251/306)        
Git#48>remote: Counting objects:  83% (254/306)        
Git#48>remote: Counting objects:  84% (258/306)        
Git#48>remote: Counting objects:  85% (261/306)        
Git#48>remote: Counting objects:  86% (264/306)        
Git#48>remote: Counting objects:  87% (267/306)        
Git#48>remote: Counting objects:  88% (270/306)        
Git#48>remote: Counting objects:  89% (273/306)        
Git#48>remote: Counting objects:  90% (276/306)        
Git#48>remote: Counting objects:  91% (279/306)        
Git#48>remote: Counting objects:  92% (282/306)        
Git#48>remote: Counting objects:  93% (285/306)        
Git#48>remote: Counting objects:  94% (288/306)        
Git#48>remote: Counting objects:  95% (291/306)        
Git#48>remote: Counting objects:  96% (294/306)        
Git#48>remote: Counting objects:  97% (297/306)        
Git#48>remote: Counting objects:  98% (300/306)        
Git#48>remote: Counting objects:  99% (303/306)        
Git#48>remote: Counting objects: 100% (306/306)        
Git#48>remote: Counting objects: 100% (306/306), done.        
Git#48>remote: Compressing objects:   0% (1/241)        
Git#48>remote: Compressing objects:   1% (3/241)        
Git#48>remote: Compressing objects:   2% (5/241)        
Git#48>remote: Compressing objects:   3% (8/241)        
Git#48>remote: Compressing objects:   4% (10/241)        
Git#48>remote: Compressing objects:   5% (13/241)        
Git#48>remote: Compressing objects:   6% (15/241)        
Git#48>remote: Compressing objects:   7% (17/241)        
Git#48>remote: Compressing objects:   8% (20/241)        
Git#48>remote: Compressing objects:   9% (22/241)        
Git#48>remote: Compressing objects:  10% (25/241)        
Git#48>remote: Compressing objects:  11% (27/241)        
Git#48>remote: Compressing objects:  12% (29/241)        
Git#48>remote: Compressing objects:  13% (32/241)        
Git#48>remote: Compressing objects:  14% (34/241)        
Git#48>remote: Compressing objects:  15% (37/241)        
Git#48>remote: Compressing objects:  16% (39/241)        
Git#48>remote: Compressing objects:  17% (41/241)        
Git#48>remote: Compressing objects:  18% (44/241)        
Git#48>remote: Compressing objects:  19% (46/241)        
Git#48>remote: Compressing objects:  20% (49/241)        
Git#48>remote: Compressing objects:  21% (51/241)        
Git#48>remote: Compressing objects:  22% (54/241)        
Git#48>remote: Compressing objects:  23% (56/241)        
Git#48>remote: Compressing objects:  24% (58/241)        
Git#48>remote: Compressing objects:  25% (61/241)        
Git#48>remote: Compressing objects:  26% (63/241)        
Git#48>remote: Compressing objects:  27% (66/241)        
Git#48>remote: Compressing objects:  28% (68/241)        
Git#48>remote: Compressing objects:  29% (70/241)        
Git#48>remote: Compressing objects:  30% (73/241)        
Git#48>remote: Compressing objects:  31% (75/241)        
Git#48>remote: Compressing objects:  32% (78/241)        
Git#48>remote: Compressing objects:  33% (80/241)        
Git#48>remote: Compressing objects:  34% (82/241)        
Git#48>remote: Compressing objects:  35% (85/241)        
Git#48>remote: Compressing objects:  36% (87/241)        
Git#48>remote: Compressing objects:  37% (90/241)        
Git#48>remote: Compressing objects:  38% (92/241)        
Git#48>remote: Compressing objects:  39% (94/241)        
Git#48>remote: Compressing objects:  40% (97/241)        
Git#48>remote: Compressing objects:  41% (99/241)        
Git#48>remote: Compressing objects:  42% (102/241)        
Git#48>remote: Compressing objects:  43% (104/241)        
Git#48>remote: Compressing objects:  44% (107/241)        
Git#48>remote: Compressing objects:  45% (109/241)        
Git#48>remote: Compressing objects:  46% (111/241)        
Git#48>remote: Compressing objects:  47% (114/241)        
Git#48>remote: Compressing objects:  48% (116/241)        
Git#48>remote: Compressing objects:  49% (119/241)        
Git#48>remote: Compressing objects:  50% (121/241)        
Git#48>remote: Compressing objects:  51% (123/241)        
Git#48>remote: Compressing objects:  52% (126/241)        
Git#48>remote: Compressing objects:  53% (128/241)        
Git#48>remote: Compressing objects:  54% (131/241)        
Git#48>remote: Compressing objects:  55% (133/241)        
Git#48>remote: Compressing objects:  56% (135/241)        
Git#48>remote: Compressing objects:  57% (138/241)        
Git#48>remote: Compressing objects:  58% (140/241)        
Git#48>remote: Compressing objects:  59% (143/241)        
Git#48>remote: Compressing objects:  60% (145/241)        
Git#48>remote: Compressing objects:  61% (148/241)        
Git#48>remote: Compressing objects:  62% (150/241)        
Git#48>remote: Compressing objects:  63% (152/241)        
Git#48>remote: Compressing objects:  64% (155/241)        
Git#48>remote: Compressing objects:  65% (157/241)        
Git#48>remote: Compressing objects:  66% (160/241)        
Git#48>remote: Compressing objects:  67% (162/241)        
Git#48>remote: Compressing objects:  68% (164/241)        
Git#48>remote: Compressing objects:  69% (167/241)        
Git#48>remote: Compressing objects:  70% (169/241)        
Git#48>remote: Compressing objects:  71% (172/241)        
Git#48>remote: Compressing objects:  72% (174/241)        
Git#48>remote: Compressing objects:  73% (176/241)        
Git#48>remote: Compressing objects:  74% (179/241)        
Git#48>remote: Compressing objects:  75% (181/241)        
Git#48>remote: Compressing objects:  76% (184/241)        
Git#48>remote: Compressing objects:  77% (186/241)        
Git#48>remote: Compressing objects:  78% (188/241)        
Git#48>remote: Compressing objects:  79% (191/241)        
Git#48>remote: Compressing objects:  80% (193/241)        
Git#48>remote: Compressing objects:  81% (196/241)        
Git#49>remote: Total 64 (delta 24), reused 55 (delta 15), pack-reused 0 (from 0)        
Git#49>Receiving objects:  51% (33/64)
Git#49>Receiving objects:  53% (34/64)
Git#49>Receiving objects:  54% (35/64)
Git#49>Receiving objects:  56% (36/64)
Git#49>Receiving objects:  57% (37/64)
Git#49>Receiving objects:  59% (38/64)
Git#49>Receiving objects:  60% (39/64)
Git#49>Receiving objects:  62% (40/64)
Git#49>Receiving objects:  64% (41/64)
Git#49>Receiving objects:  65% (42/64)
Git#49>Receiving objects:  67% (43/64)
Git#49>Receiving objects:  68% (44/64)
Git#49>Receiving objects:  70% (45/64)
Git#49>Receiving objects:  71% (46/64)
Git#49>Receiving objects:  73% (47/64)
Git#49>Receiving objects:  75% (48/64)
Git#49>Receiving objects:  76% (49/64)
Git#49>Receiving objects:  78% (50/64)
Git#49>Receiving objects:  79% (51/64)
Git#49>Receiving objects:  81% (52/64)
Git#49>Receiving objects:  82% (53/64)
Git#49>Receiving objects:  84% (54/64)
Git#49>Receiving objects:  85% (55/64)
Git#49>Receiving objects:  87% (56/64)
Git#49>Receiving objects:  89% (57/64)
Git#49>Receiving objects:  90% (58/64)
Git#49>Receiving objects:  92% (59/64)
Git#49>Receiving objects:  93% (60/64)
Git#49>Receiving objects:  95% (61/64)
Git#49>Receiving objects:  96% (62/64)
Git#49>Receiving objects:  98% (63/64)
Git#49>Receiving objects: 100% (64/64)
Git#49>Receiving objects: 100% (64/64), 21.89 KiB | 1.22 MiB/s, done.
Git#49>Resolving deltas:   0% (0/24)
Git#49>Resolving deltas:   4% (1/24)
Git#49>Resolving deltas:   8% (2/24)
Git#49>Resolving deltas:  12% (3/24)
Git#49>Resolving deltas:  16% (4/24)
Git#49>Resolving deltas:  20% (5/24)
Git#49>Resolving deltas:  25% (6/24)
Git#49>Resolving deltas:  29% (7/24)
Git#49>Resolving deltas:  33% (8/24)
Git#49>Resolving deltas:  37% (9/24)
Git#49>Resolving deltas:  41% (10/24)
Git#49>Resolving deltas:  45% (11/24)
Git#49>Resolving deltas:  50% (12/24)
Git#49>Resolving deltas:  54% (13/24)
Git#49>Resolving deltas:  58% (14/24)
Git#49>Resolving deltas:  62% (15/24)
Git#49>Resolving deltas:  66% (16/24)
Git#49>Resolving deltas:  70% (17/24)
Git#49>Resolving deltas:  75% (18/24)
Git#49>Resolving deltas:  79% (19/24)
Git#49>Resolving deltas:  83% (20/24)
Git#49>Resolving deltas:  87% (21/24)
Git#49>Resolving deltas:  91% (22/24)
Git#49>Resolving deltas:  95% (23/24)
Git#49>Resolving deltas: 100% (24/24)
Git#49>Resolving deltas: 100% (24/24), done.
Git#48>remote: Compressing objects:  82% (198/241)        
Git#48>remote: Compressing objects:  83% (201/241)        
Git#48>remote: Compressing objects:  84% (203/241)        
Git#48>remote: Compressing objects:  85% (205/241)        
Git#48>remote: Compressing objects:  86% (208/241)        
Git#48>remote: Compressing objects:  87% (210/241)        
Git#48>remote: Compressing objects:  88% (213/241)        
Git#48>remote: Compressing objects:  89% (215/241)        
Git#48>remote: Compressing objects:  90% (217/241)        
Git#48>remote: Compressing objects:  91% (220/241)        
Git#48>remote: Compressing objects:  92% (222/241)        
Git#48>remote: Compressing objects:  93% (225/241)        
Git#48>remote: Compressing objects:  94% (227/241)        
Git#48>remote: Compressing objects:  95% (229/241)        
Git#48>remote: Compressing objects:  96% (232/241)        
Git#48>remote: Compressing objects:  97% (234/241)        
Git#48>remote: Compressing objects:  98% (237/241)        
Git#48>remote: Compressing objects:  99% (239/241)        
Git#48>remote: Compressing objects: 100% (241/241)        
Git#48>remote: Compressing objects: 100% (241/241), done.        
Git#48>Receiving objects:   0% (1/328)
Git#48>Receiving objects:   1% (4/328)
Git#48>Receiving objects:   2% (7/328)
Git#48>Receiving objects:   3% (10/328)
Git#48>Receiving objects:   4% (14/328)
Git#48>Receiving objects:   5% (17/328)
Git#48>Receiving objects:   6% (20/328)
Git#48>Receiving objects:   7% (23/328)
Git#48>Receiving objects:   8% (27/328)
Git#48>Receiving objects:   9% (30/328)
Git#48>Receiving objects:  10% (33/328)
Git#48>Receiving objects:  11% (37/328)
Git#48>Receiving objects:  12% (40/328)
Git#48>Receiving objects:  13% (43/328)
Git#48>Receiving objects:  14% (46/328)
Git#48>Receiving objects:  15% (50/328)
Git#48>Receiving objects:  16% (53/328)
Git#48>Receiving objects:  17% (56/328)
Git#48>Receiving objects:  18% (60/328)
Git#48>Receiving objects:  19% (63/328)
Git#48>Receiving objects:  20% (66/328)
Git#48>Receiving objects:  21% (69/328)
Git#48>Receiving objects:  22% (73/328)
Git#48>Receiving objects:  23% (76/328)
Git#48>Receiving objects:  24% (79/328)
Git#48>Receiving objects:  25% (82/328)
Git#48>Receiving objects:  26% (86/328)
Git#48>Receiving objects:  27% (89/328)
Git#48>Receiving objects:  28% (92/328)
Git#48>Receiving objects:  29% (96/328)
Git#48>Receiving objects:  30% (99/328)
Git#48>Receiving objects:  31% (102/328)
Git#48>Receiving objects:  32% (105/328)
Git#48>Receiving objects:  33% (109/328)
Git#48>Receiving objects:  34% (112/328)
Git#48>Receiving objects:  35% (115/328)
Git#48>Receiving objects:  36% (119/328)
Git#48>Receiving objects:  37% (122/328)
Git#48>Receiving objects:  38% (125/328)
Git#48>Receiving objects:  39% (128/328)
Git#48>Receiving objects:  40% (132/328)
Git#48>Receiving objects:  41% (135/328)
Git#48>Receiving objects:  42% (138/328)
Git#48>Receiving objects:  43% (142/328)
Git#48>Receiving objects:  44% (145/328)
Git#48>Receiving objects:  45% (148/328)
Git#48>Receiving objects:  46% (151/328)
Git#48>Receiving objects:  47% (155/328)
Git#48>Receiving objects:  48% (158/328)
Git#48>Receiving objects:  49% (161/328)
Git#48>Receiving objects:  50% (164/328)
Git#48>Receiving objects:  51% (168/328)
Git#48>Receiving objects:  52% (171/328)
Git#48>Receiving objects:  53% (174/328)
Git#48>Receiving objects:  54% (178/328)
Git#48>Receiving objects:  55% (181/328)
Git#48>Receiving objects:  56% (184/328)
Git#48>Receiving objects:  57% (187/328)
Git#48>Receiving objects:  58% (191/328)
Git#48>Receiving objects:  59% (194/328)
Git#48>Receiving objects:  60% (197/328)
Git#48>Receiving objects:  61% (201/328)
Git#48>Receiving objects:  62% (204/328)
Git#48>Receiving objects:  63% (207/328)
Git#48>Receiving objects:  64% (210/328)
Git#48>Receiving objects:  65% (214/328)
Git#48>Receiving objects:  66% (217/328)
Git#48>Receiving objects:  67% (220/328)
Git#48>Receiving objects:  68% (224/328)
Git#48>Receiving objects:  69% (227/328)
Git#48>Receiving objects:  70% (230/328)
Git#48>Receiving objects:  71% (233/328)
Git#48>Receiving objects:  72% (237/328)
Git#48>Receiving objects:  73% (240/328)
Git#48>Receiving objects:  74% (243/328)
Git#48>Receiving objects:  75% (246/328)
Git#48>Receiving objects:  76% (250/328)
Git#48>Receiving objects:  77% (253/328)
Git#48>Receiving objects:  78% (256/328)
Git#49>Success: git -C C:/Desktop/PSOC_Edge_AI/Demo/01_WiFi_BLE/PSOC_Edge_Bluetooth_LE_FindMe/proj_cm55/libs clone --progress --origin cypress --no-checkout --filter=blob:none https://github.com/Infineon/TARGET_KIT_PSE84_AI TARGET_KIT_PSE84_AI
Git#62>Starting: git -C C:/Desktop/PSOC_Edge_AI/Demo/01_WiFi_BLE/PSOC_Edge_Bluetooth_LE_FindMe/proj_cm55/libs/TARGET_KIT_PSE84_AI -c advice.detachedHead=false checkout --progress release-v1.4.0
Git#48>remote: Total 328 (delta 90), reused 280 (delta 65), pack-reused 22 (from 1)        
Git#48>Receiving objects:  79% (260/328)
Git#48>Receiving objects:  80% (263/328)
Git#48>Receiving objects:  81% (266/328)
Git#48>Receiving objects:  82% (269/328)
Git#48>Receiving objects:  83% (273/328)
Git#48>Receiving objects:  84% (276/328)
Git#48>Receiving objects:  85% (279/328)
Git#48>Receiving objects:  86% (283/328)
Git#48>Receiving objects:  87% (286/328)
Git#48>Receiving objects:  88% (289/328)
Git#48>Receiving objects:  89% (292/328)
Git#48>Receiving objects:  90% (296/328)
Git#48>Receiving objects:  91% (299/328)
Git#48>Receiving objects:  92% (302/328)
Git#48>Receiving objects:  93% (306/328)
Git#48>Receiving objects:  94% (309/328)
Git#48>Receiving objects:  95% (312/328)
Git#48>Receiving objects:  96% (315/328)
Git#48>Receiving objects:  97% (319/328)
Git#48>Receiving objects:  98% (322/328)
Git#48>Receiving objects:  99% (325/328)
Git#48>Receiving objects: 100% (328/328)
Git#48>Receiving objects: 100% (328/328), 45.36 KiB | 1.19 MiB/s, done.
Git#48>Resolving deltas:   0% (0/90)
Git#48>Resolving deltas:   1% (1/90)
Git#48>Resolving deltas:   2% (2/90)
Git#48>Resolving deltas:   3% (3/90)
Git#48>Resolving deltas:   5% (5/90)
Git#48>Resolving deltas:   6% (6/90)
Git#48>Resolving deltas:  10% (9/90)
Git#48>Resolving deltas:  11% (10/90)
Git#48>Resolving deltas:  13% (12/90)
Git#48>Resolving deltas:  14% (13/90)
Git#48>Resolving deltas:  17% (16/90)
Git#48>Resolving deltas:  18% (17/90)
Git#48>Resolving deltas:  22% (20/90)
Git#48>Resolving deltas:  23% (21/90)
Git#48>Resolving deltas:  24% (22/90)
Git#48>Resolving deltas:  25% (23/90)
Git#48>Resolving deltas:  26% (24/90)
Git#48>Resolving deltas:  27% (25/90)
Git#48>Resolving deltas:  28% (26/90)
Git#48>Resolving deltas:  30% (27/90)
Git#48>Resolving deltas:  31% (28/90)
Git#48>Resolving deltas:  34% (31/90)
Git#48>Resolving deltas:  37% (34/90)
Git#48>Resolving deltas:  38% (35/90)
Git#48>Resolving deltas:  40% (36/90)
Git#48>Resolving deltas:  41% (37/90)
Git#48>Resolving deltas:  42% (38/90)
Git#48>Resolving deltas:  43% (39/90)
Git#48>Resolving deltas:  46% (42/90)
Git#48>Resolving deltas:  47% (43/90)
Git#48>Resolving deltas:  48% (44/90)
Git#48>Resolving deltas:  52% (47/90)
Git#48>Resolving deltas:  53% (48/90)
Git#48>Resolving deltas:  54% (49/90)
Git#48>Resolving deltas:  55% (50/90)
Git#48>Resolving deltas:  57% (52/90)
Git#48>Resolving deltas:  58% (53/90)
Git#48>Resolving deltas:  60% (54/90)
Git#48>Resolving deltas:  62% (56/90)
Git#48>Resolving deltas:  63% (57/90)
Git#48>Resolving deltas:  66% (60/90)
Git#48>Resolving deltas:  67% (61/90)
Git#48>Resolving deltas:  68% (62/90)
Git#48>Resolving deltas:  70% (63/90)
Git#48>Resolving deltas:  73% (66/90)
Git#48>Resolving deltas:  74% (67/90)
Git#48>Resolving deltas:  78% (71/90)
Git#48>Resolving deltas:  80% (72/90)
Git#48>Resolving deltas:  83% (75/90)
Git#48>Resolving deltas:  84% (76/90)
Git#48>Resolving deltas:  86% (78/90)
Git#48>Resolving deltas:  87% (79/90)
Git#48>Resolving deltas:  88% (80/90)
Git#48>Resolving deltas:  90% (81/90)
Git#48>Resolving deltas:  91% (82/90)
Git#48>Resolving deltas:  92% (83/90)
Git#48>Resolving deltas:  93% (84/90)
Git#48>Resolving deltas:  94% (85/90)
Git#48>Resolving deltas:  95% (86/90)
Git#48>Resolving deltas:  96% (87/90)
Git#48>Resolving deltas:  97% (88/90)
Git#48>Resolving deltas:  98% (89/90)
Git#48>Resolving deltas: 100% (90/90)
Git#48>Resolving deltas: 100% (90/90), done.
Git#48>Success: git -C C:/Desktop/PSOC_Edge_AI/Demo/01_WiFi_BLE/mtb_shared/freertos clone --progress --origin cypress --no-checkout --filter=blob:none https://github.com/cypresssemiconductorco/freertos release-v10.6.202
Git#63>Starting: git -C C:/Desktop/PSOC_Edge_AI/Demo/01_WiFi_BLE/mtb_shared/freertos/release-v10.6.202 -c advice.detachedHead=false checkout --progress release-v10.6.202
Git#60>HEAD is now at d81a6a64 Upload device-db 4.41.0.11271 [5423]
Git#60>Success: git -C C:/Users/User/.modustoolbox/global/device-db/release-v4.41.0 -c advice.detachedHead=false checkout --progress release-v4.41.0
Git#63>Updating files:   0% (2/267)
Git#63>Updating files:   1% (3/267)
Git#63>Updating files:   2% (6/267)
Git#63>Updating files:   3% (9/267)
Git#63>Updating files:   4% (11/267)
Git#63>Updating files:   5% (14/267)
Git#63>Updating files:   6% (17/267)
Git#63>Updating files:   7% (19/267)
Git#63>Updating files:   8% (22/267)
Git#63>Updating files:   9% (25/267)
Git#63>Updating files:  10% (27/267)
Git#63>Updating files:  11% (30/267)
Git#63>Updating files:  12% (33/267)
Git#63>Updating files:  13% (35/267)
Git#63>Updating files:  14% (38/267)
Git#62>Updating files:   0% (2/255)
Git#62>Updating files:   1% (3/255)
Git#63>Updating files:  15% (41/267)
Git#62>Updating files:   2% (6/255)
Git#62>Updating files:   3% (8/255)
Git#63>Updating files:  16% (43/267)
Git#62>Updating files:   4% (11/255)
Git#62>Updating files:   5% (13/255)
Git#63>Updating files:  17% (46/267)
Git#62>Updating files:   6% (16/255)
Git#62>Updating files:   7% (18/255)
Git#62>Updating files:   8% (21/255)
Git#63>Updating files:  18% (49/267)
Git#62>Updating files:   9% (23/255)
Git#63>Updating files:  19% (51/267)
Git#62>Updating files:  10% (26/255)
Git#62>Updating files:  11% (29/255)
Git#63>Updating files:  20% (54/267)
Git#62>Updating files:  12% (31/255)
Git#62>Updating files:  13% (34/255)
Git#63>Updating files:  21% (57/267)
Git#62>Updating files:  14% (36/255)
Git#63>Updating files:  22% (59/267)
Git#62>Updating files:  15% (39/255)
Git#62>Updating files:  16% (41/255)
Git#63>Updating files:  23% (62/267)
Git#62>Updating files:  17% (44/255)
Git#62>Updating files:  18% (46/255)
Git#62>Updating files:  19% (49/255)
Git#62>Updating files:  20% (51/255)
Git#63>Updating files:  24% (65/267)
Git#62>Updating files:  21% (54/255)
Git#62>Updating files:  22% (57/255)
Git#62>Updating files:  23% (59/255)
Git#62>Updating files:  24% (62/255)
Git#62>Updating files:  25% (64/255)
Git#62>Updating files:  26% (67/255)
Git#63>Updating files:  25% (67/267)
Git#62>Updating files:  27% (69/255)
Git#62>Updating files:  28% (72/255)
Git#62>Updating files:  29% (74/255)
Git#63>Updating files:  26% (70/267)
Git#62>Updating files:  30% (77/255)
Git#62>Updating files:  31% (80/255)
Git#63>Updating files:  27% (73/267)
Git#63>Updating files:  28% (75/267)
Git#62>Updating files:  32% (82/255)
Git#63>Updating files:  29% (78/267)
Git#63>Updating files:  30% (81/267)
Git#63>Updating files:  31% (83/267)
Git#63>Updating files:  32% (86/267)
Git#63>Updating files:  33% (89/267)
Git#62>Updating files:  33% (85/255)
Git#63>Updating files:  34% (91/267)
Git#63>Updating files:  35% (94/267)
Git#63>Updating files:  36% (97/267)
Git#62>Updating files:  34% (87/255)
Git#63>Updating files:  37% (99/267)
Git#62>Updating files:  35% (90/255)
Git#62>Updating files:  36% (92/255)
Git#63>Updating files:  38% (102/267)
Git#63>Updating files:  39% (105/267)
Git#63>Updating files:  40% (107/267)
Git#63>Updating files:  41% (110/267)
Git#63>Updating files:  42% (113/267)
Git#63>Updating files:  43% (115/267)
Git#63>Updating files:  44% (118/267)
Git#62>Updating files:  37% (95/255)
Git#63>Updating files:  45% (121/267)
Git#63>Updating files:  46% (123/267)
Git#63>Updating files:  47% (126/267)
Git#62>Updating files:  38% (97/255)
Git#63>Updating files:  48% (129/267)
Git#63>Updating files:  49% (131/267)
Git#63>Updating files:  50% (134/267)
Git#62>Updating files:  38% (99/255)
Git#62>Updating files:  39% (100/255)
Git#62>Updating files:  40% (102/255)
Git#63>Updating files:  51% (137/267)
Git#63>Updating files:  52% (139/267)
Git#62>Updating files:  41% (105/255)
Git#63>Updating files:  53% (142/267)
Git#63>Updating files:  54% (145/267)
Git#63>Updating files:  55% (147/267)
Git#63>Updating files:  56% (150/267)
Updating files
Git#63>:  57% (153/267)
Git#63>Updating files:  58% (155/267)
Git#62>Updating files:  42% (108/255)
Git#62>Updating files:  43% (110/255)
Git#62>Updating files:  44% (113/255)
Git#63>Updating files:  59% (158/267)
Git#63>Updating files:  60% (161/267)
Git#62>Updating files:  45% (115/255)
Git#62>Updating files:  46% (118/255)
Git#62>Updating files:  47% (120/255)
Git#63>Updating files:  61% (163/267)
Git#62>Updating files:  48% (123/255)
Git#63>Updating files:  62% (166/267)
Git#62>Updating files:  49% (125/255)
Git#62>Updating files:  50% (128/255)
Git#63>Updating files:  63% (169/267)
Git#62>Updating files:  51% (131/255)
Git#63>Updating files:  64% (171/267)
Git#62>Updating files:  52% (133/255)
Git#62>Updating files:  53% (136/255)
Git#62>Updating files:  54% (138/255)
Git#62>Updating files:  55% (141/255)
Git#63>Updating files:  65% (174/267)
Git#62>Updating files:  56% (143/255)
Git#62>Updating files:  57% (146/255)
Git#62>Updating files:  58% (148/255)
Git#62>Updating files:  59% (151/255)
Git#62>Updating files:  60% (153/255)
Git#63>Updating files:  66% (177/267)
Git#62>Updating files:  61% (156/255)
Git#62>Updating files:  62% (159/255)
Git#63>Updating files:  67% (179/267)
Git#62>Updating files:  63% (161/255)
Git#63>Updating files:  68% (182/267)
Git#62>Updating files:  64% (164/255)
Git#62>Updating files:  65% (166/255)
Git#62>Updating files:  66% (169/255)
Git#62>Updating files:  67% (171/255)
Git#62>Updating files:  68% (174/255)
Git#62>Updating files:  69% (176/255)
Git#63>Updating files:  69% (185/267)
Git#63>Updating files:  70% (187/267)
Git#62>Updating files:  70% (179/255)
Git#63>Updating files:  71% (190/267)
Git#62>Updating files:  71% (182/255)
Git#62>Updating files:  72% (184/255)
Git#63>Updating files:  72% (193/267)
Git#62>Updating files:  73% (187/255)
Git#63>Updating files:  73% (195/267)
Git#62>Updating files:  74% (189/255)
Git#63>Updating files:  74% (198/267)
Git#62>Updating files:  75% (192/255)
Git#62>Updating files:  76% (194/255)
Git#63>Updating files:  75% (201/267)
Git#62>Updating files:  77% (197/255)
Git#62>Updating files:  78% (199/255)
Git#62>Updating files:  79% (202/255)
Git#62>Updating files:  80% (204/255)
Git#63>Updating files:  76% (203/267)
Git#63>Updating files:  77% (206/267)
Git#62>Updating files:  81% (207/255)
Git#62>Updating files:  82% (210/255)
Git#62>Updating files:  83% (212/255)
Git#62>Updating files:  84% (215/255)
Git#63>Updating files:  78% (209/267)
Git#62>Updating files:  85% (217/255)
Git#63>Updating files:  79% (211/267)
Git#62>Updating files:  86% (220/255)
Git#62>Updating files:  87% (222/255)
Git#62>Updating files:  88% (225/255)
Git#63>Updating files:  80% (214/267)
Git#62>Updating files:  89% (227/255)
Git#63>Updating files:  81% (217/267)
Git#62>Updating files:  90% (230/255)
Git#62>Updating files:  91% (233/255)
Git#63>Updating files:  82% (219/267)
Git#63>Updating files:  83% (222/267)
Git#62>Updating files:  92% (235/255)
Git#63>Updating files:  84% (225/267)
Git#63>Updating files:  85% (227/267)
Git#63>Updating files:  86% (230/267)
Git#62>Updating files:  93% (238/255)
Git#62>Updating files:  94% (240/255)
Git#62>Updating files:  95% (243/255)
Git#62>Updating files:  96% (245/255)
Git#62>Updating files:  97% (248/255)
Git#62>Updating files:  98% (250/255)
Git#62>Updating files:  99% (253/255)
Git#63>Updating files:  87% (233/267)
Git#63>Updating files:  88% (235/267)
Git#63>Updating files:  89% (238/267)
Git#62>Updating files: 100% (255/255)
Git#62>Updating files: 100% (255/255), done.
Git#62>HEAD is now at 4894dd6 Upload TARGET_KIT_PSE84_AI [5230]
Git#62>Success: git -C C:/Desktop/PSOC_Edge_AI/Demo/01_WiFi_BLE/PSOC_Edge_Bluetooth_LE_FindMe/proj_cm55/libs/TARGET_KIT_PSE84_AI -c advice.detachedHead=false checkout --progress release-v1.4.0
Git#63>Updating files:  90% (241/267)
Git#63>Updating files:  91% (243/267)
Git#63>Updating files:  92% (246/267)
Git#63>Updating files:  93% (249/267)
Git#63>Updating files:  94% (251/267)
Git#63>Updating files:  95% (254/267)
Git#63>Updating files:  96% (257/267)
Git#63>Updating files:  97% (259/267)
Git#63>Updating files:  98% (262/267)
Git#63>Updating files:  99% (265/267)
Git#63>Updating files: 100% (267/267)
Git#63>Updating files: 100% (267/267), done.
Git#63>HEAD is now at 8a19c8d Upload freertos [4326]
Git#63>Success: git -C C:/Desktop/PSOC_Edge_AI/Demo/01_WiFi_BLE/mtb_shared/freertos/release-v10.6.202 -c advice.detachedHead=false checkout --progress release-v10.6.202
Copying template files from C:/Desktop/PSOC_Edge_AI/Demo/01_WiFi_BLE/PSOC_Edge_Bluetooth_LE_FindMe/templates/TARGET_KIT_PSE84_AI to C:/Desktop/PSOC_Edge_AI/Demo/01_WiFi_BLE/PSOC_Edge_Bluetooth_LE_FindMe/bsps/TARGET_APP_KIT_PSE84_AI
Requested to change the active target to 'APP_KIT_PSE84_AI'.
Removed the file 'C:/Desktop/PSOC_Edge_AI/Demo/01_WiFi_BLE/PSOC_Edge_Bluetooth_LE_FindMe/proj_cm55/deps/TARGET_KIT_PSE84_AI.mtb'.
Writing the file 'C:/Desktop/PSOC_Edge_AI/Demo/01_WiFi_BLE/PSOC_Edge_Bluetooth_LE_FindMe/proj_cm55/libs/app.mk'.
Successfully committed changes to the project 'proj_cm55'.
Project "proj_cm55" created successfully.
Successfully created "PSOC_Edge_Bluetooth_LE_FindMe" application.
Generating source
Generated source successfully.
==============================================================================
= Export "PSOC_Edge_Bluetooth_LE_FindMe" application to Eclipse for ModusToolbox™ =
==============================================================================
make eclipse CY_IDE_PRJNAME=PSOC_Edge_Bluetooth_LE_FindMe CY_MAKE_IDE=eclipse CY_MAKE_IDE_VERSION=2026.3 CY_TOOLS_PATHS=C:/Users/User/ModusToolbox/tools_3.9 MTB_MAKE_ECLIPSE_FORCE_REGENERATE_PROJECT=1
Searching installed tools in progress...
Searching installed tools complete
make -C proj_cm33_s eclipse MTB_APPLICATION_SUBPROJECTS="proj_cm33_s proj_cm33_ns proj_cm55" MTB_APPLICATION_NAME="PSOC_Edge_Bluetooth_LE_FindMe" && make -C proj_cm33_ns eclipse MTB_APPLICATION_SUBPROJECTS="proj_cm33_s proj_cm33_ns proj_cm55" MTB_APPLICATION_NAME="PSOC_Edge_Bluetooth_LE_FindMe" && make -C proj_cm55 eclipse MTB_APPLICATION_SUBPROJECTS="proj_cm33_s proj_cm33_ns proj_cm55" MTB_APPLICATION_NAME="PSOC_Edge_Bluetooth_LE_FindMe" && true
make[1]: Entering directory '/cygdrive/c/Desktop/PSOC_Edge_AI/Demo/01_WiFi_BLE/PSOC_Edge_Bluetooth_LE_FindMe/proj_cm33_s'
Use of the FPU on a secure project may be susceptible to an VLLDM Instruction Security Vulnerability (CVE-2021-35465). Verify the toolchain you are using already provides a workaround or use VFP_SELECT=softfloat instead of VFP_SELECT=. For more information see https://developer.arm.com/Arm%20Security%20Center/VLLDM%20Instruction%20Security%20Vulnerability
NOTE: Using 'C:/Users/User/ModusToolbox/tools_3.9/ninja/ninja.exe' from PATH.
Generating mtbninja data files...
Generating mtbninja data complete...
Prebuild operations complete
Toolchain validation: PASS
Initializing build: proj_cm33_s Debug APP_KIT_PSE84_AI GCC_ARM
# 0: Loading the application in directory 'C:/Desktop/PSOC_Edge_AI/Demo/01_WiFi_BLE/PSOC_Edge_Bluetooth_LE_FindMe/proj_cm33_s'
# 0: Loading the ModusToolbox Technology Packs and Early Access Packs
# 0: Loading the tools information
Use of the FPU on a secure project may be susceptible to an VLLDM Instruction Security Vulnerability (CVE-2021-35465). Verify the toolchain you are using already provides a workaround or use VFP_SELECT=softfloat instead of VFP_SELECT=. For more information see https://developer.arm.com/Arm%20Security%20Center/VLLDM%20Instruction%20Security%20Vulnerability
NOTE: Using 'C:/Users/User/ModusToolbox/tools_3.9/ninja/ninja.exe' from PATH.
Generating mtbninja data files...
Generating mtbninja data complete...
Toolchain validation: PASS
Initializing build: proj_cm33_s Debug APP_KIT_PSE84_AI GCC_ARM
Prebuild operations complete
# 0: Loading the application in directory 'C:/Desktop/PSOC_Edge_AI/Demo/01_WiFi_BLE/PSOC_Edge_Bluetooth_LE_FindMe/proj_cm33_s'
# 0: Loading the ModusToolbox Technology Packs and Early Access Packs
# 0: Loading the tools information
Generated ../.clangd
Generated C:/Desktop/PSOC_Edge_AI/Demo/01_WiFi_BLE/PSOC_Edge_Bluetooth_LE_FindMe/.cproject
Generated C:/Desktop/PSOC_Edge_AI/Demo/01_WiFi_BLE/PSOC_Edge_Bluetooth_LE_FindMe/.project
Generated C:/Desktop/PSOC_Edge_AI/Demo/01_WiFi_BLE/PSOC_Edge_Bluetooth_LE_FindMe/proj_cm33_s/.cproject
Generated C:/Desktop/PSOC_Edge_AI/Demo/01_WiFi_BLE/PSOC_Edge_Bluetooth_LE_FindMe/proj_cm33_s/.project
Generated C:/Desktop/PSOC_Edge_AI/Demo/01_WiFi_BLE/PSOC_Edge_Bluetooth_LE_FindMe/.mtbLaunchConfigs/PSOC_Edge_Bluetooth_LE_FindMe Erase All.launch
Generated C:/Desktop/PSOC_Edge_AI/Demo/01_WiFi_BLE/PSOC_Edge_Bluetooth_LE_FindMe/.mtbLaunchConfigs/PSOC_Edge_Bluetooth_LE_FindMe Debug MultiCore (KitProg3_MiniProg4).launch
Generated C:/Desktop/PSOC_Edge_AI/Demo/01_WiFi_BLE/PSOC_Edge_Bluetooth_LE_FindMe/.mtbLaunchConfigs/PSOC_Edge_Bluetooth_LE_FindMe.proj_cm33_s Debug Multicore (KitProg3_MiniProg4).launch
Generated C:/Desktop/PSOC_Edge_AI/Demo/01_WiFi_BLE/PSOC_Edge_Bluetooth_LE_FindMe/.mtbLaunchConfigs/PSOC_Edge_Bluetooth_LE_FindMe Erase Device.launch
Generated C:/Desktop/PSOC_Edge_AI/Demo/01_WiFi_BLE/PSOC_Edge_Bluetooth_LE_FindMe/.mtbLaunchConfigs/PSOC_Edge_Bluetooth_LE_FindMe Program Application.launch
Generated .mtbLaunchConfigs/PSOC_Edge_Bluetooth_LE_FindMe.proj_cm33_s Program.launch
Generated .mtbLaunchConfigs/PSOC_Edge_Bluetooth_LE_FindMe.proj_cm33_s Attach (KitProg3_MiniProg4).launch
Generated .mtbLaunchConfigs/PSOC_Edge_Bluetooth_LE_FindMe.proj_cm33_s Debug (KitProg3_MiniProg4).launch
Generated C:/Desktop/PSOC_Edge_AI/Demo/01_WiFi_BLE/PSOC_Edge_Bluetooth_LE_FindMe/.mtbLaunchConfigs/Advanced KitProg3 Programming.launch
Generated C:/Desktop/PSOC_Edge_AI/Demo/01_WiFi_BLE/PSOC_Edge_Bluetooth_LE_FindMe/proj_cm33_s/.mtbLaunchConfigs/Advanced KitProg3 Programming.launch

Instructions:
1. Open Eclipse IDE for ModusToolbox
2. Select 'Import Existing Application In-Place' from the QuickPanel
3. Browse to the application root directory

For more information, refer to the Eclipse IDE for ModusToolbox user guide.

make[1]: Leaving directory '/cygdrive/c/Desktop/PSOC_Edge_AI/Demo/01_WiFi_BLE/PSOC_Edge_Bluetooth_LE_FindMe/proj_cm33_s'
make[1]: Entering directory '/cygdrive/c/Desktop/PSOC_Edge_AI/Demo/01_WiFi_BLE/PSOC_Edge_Bluetooth_LE_FindMe/proj_cm33_ns'
NOTE: Using 'C:/Users/User/ModusToolbox/tools_3.9/ninja/ninja.exe' from PATH.
Generating mtbninja data files...
Generating mtbninja data complete...
Prebuild operations complete
Toolchain validation: PASS
Initializing build: proj_cm33_ns Debug APP_KIT_PSE84_AI GCC_ARM
# 0: Loading the application in directory 'C:/Desktop/PSOC_Edge_AI/Demo/01_WiFi_BLE/PSOC_Edge_Bluetooth_LE_FindMe/proj_cm33_ns'
# 0: Loading the ModusToolbox Technology Packs and Early Access Packs
# 0: Loading the tools information
NOTE: Using 'C:/Users/User/ModusToolbox/tools_3.9/ninja/ninja.exe' from PATH.
Generating mtbninja data files...
Generating mtbninja data complete...
Toolchain validation: PASS
Initializing build: proj_cm33_ns Debug APP_KIT_PSE84_AI GCC_ARM
Prebuild operations complete
# 0: Loading the application in directory 'C:/Desktop/PSOC_Edge_AI/Demo/01_WiFi_BLE/PSOC_Edge_Bluetooth_LE_FindMe/proj_cm33_ns'
# 0: Loading the ModusToolbox Technology Packs and Early Access Packs
# 0: Loading the tools information
Generated C:/Desktop/PSOC_Edge_AI/Demo/01_WiFi_BLE/PSOC_Edge_Bluetooth_LE_FindMe/proj_cm33_ns/.cproject
Generated C:/Desktop/PSOC_Edge_AI/Demo/01_WiFi_BLE/PSOC_Edge_Bluetooth_LE_FindMe/proj_cm33_ns/.project
Generated .mtbLaunchConfigs/PSOC_Edge_Bluetooth_LE_FindMe.proj_cm33_ns Program.launch
Generated .mtbLaunchConfigs/PSOC_Edge_Bluetooth_LE_FindMe.proj_cm33_ns Attach (KitProg3_MiniProg4).launch
Generated .mtbLaunchConfigs/PSOC_Edge_Bluetooth_LE_FindMe.proj_cm33_ns Debug (KitProg3_MiniProg4).launch
Generated C:/Desktop/PSOC_Edge_AI/Demo/01_WiFi_BLE/PSOC_Edge_Bluetooth_LE_FindMe/proj_cm33_ns/.mtbLaunchConfigs/Advanced KitProg3 Programming.launch
Updated C:/Desktop/PSOC_Edge_AI/Demo/01_WiFi_BLE/PSOC_Edge_Bluetooth_LE_FindMe/.mtbLaunchConfigs/Advanced KitProg3 Programming.launch
Updated C:/Desktop/PSOC_Edge_AI/Demo/01_WiFi_BLE/PSOC_Edge_Bluetooth_LE_FindMe/.mtbLaunchConfigs/PSOC_Edge_Bluetooth_LE_FindMe Debug MultiCore (KitProg3_MiniProg4).launch
Updated C:/Desktop/PSOC_Edge_AI/Demo/01_WiFi_BLE/PSOC_Edge_Bluetooth_LE_FindMe/.mtbLaunchConfigs/PSOC_Edge_Bluetooth_LE_FindMe Erase All.launch
Updated C:/Desktop/PSOC_Edge_AI/Demo/01_WiFi_BLE/PSOC_Edge_Bluetooth_LE_FindMe/.mtbLaunchConfigs/PSOC_Edge_Bluetooth_LE_FindMe Erase Device.launch
Updated C:/Desktop/PSOC_Edge_AI/Demo/01_WiFi_BLE/PSOC_Edge_Bluetooth_LE_FindMe/.mtbLaunchConfigs/PSOC_Edge_Bluetooth_LE_FindMe Program Application.launch
Updated C:/Desktop/PSOC_Edge_AI/Demo/01_WiFi_BLE/PSOC_Edge_Bluetooth_LE_FindMe/.mtbLaunchConfigs/PSOC_Edge_Bluetooth_LE_FindMe.proj_cm33_s Debug Multicore (KitProg3_MiniProg4).launch

Instructions:
1. Open Eclipse IDE for ModusToolbox
2. Select 'Import Existing Application In-Place' from the QuickPanel
3. Browse to the application root directory

For more information, refer to the Eclipse IDE for ModusToolbox user guide.

make[1]: Leaving directory '/cygdrive/c/Desktop/PSOC_Edge_AI/Demo/01_WiFi_BLE/PSOC_Edge_Bluetooth_LE_FindMe/proj_cm33_ns'
make[1]: Entering directory '/cygdrive/c/Desktop/PSOC_Edge_AI/Demo/01_WiFi_BLE/PSOC_Edge_Bluetooth_LE_FindMe/proj_cm55'
NOTE: Using 'C:/Users/User/ModusToolbox/tools_3.9/ninja/ninja.exe' from PATH.
Generating mtbninja data files...
Generating mtbninja data complete...
Prebuild operations complete
Toolchain validation: PASS
Initializing build: proj_cm55 Debug APP_KIT_PSE84_AI GCC_ARM
# 0: Loading the application in directory 'C:/Desktop/PSOC_Edge_AI/Demo/01_WiFi_BLE/PSOC_Edge_Bluetooth_LE_FindMe/proj_cm55'
# 0: Loading the ModusToolbox Technology Packs and Early Access Packs
# 0: Loading the tools information
NOTE: Using 'C:/Users/User/ModusToolbox/tools_3.9/ninja/ninja.exe' from PATH.
Generating mtbninja data files...
Generating mtbninja data complete...
Toolchain validation: PASS
Initializing build: proj_cm55 Debug APP_KIT_PSE84_AI GCC_ARM
Prebuild operations complete
# 0: Loading the application in directory 'C:/Desktop/PSOC_Edge_AI/Demo/01_WiFi_BLE/PSOC_Edge_Bluetooth_LE_FindMe/proj_cm55'
# 0: Loading the ModusToolbox Technology Packs and Early Access Packs
# 0: Loading the tools information
Generated C:/Desktop/PSOC_Edge_AI/Demo/01_WiFi_BLE/PSOC_Edge_Bluetooth_LE_FindMe/proj_cm55/.cproject
Generated C:/Desktop/PSOC_Edge_AI/Demo/01_WiFi_BLE/PSOC_Edge_Bluetooth_LE_FindMe/proj_cm55/.project
Generated C:/Desktop/PSOC_Edge_AI/Demo/01_WiFi_BLE/PSOC_Edge_Bluetooth_LE_FindMe/proj_cm55/.mtbLaunchConfigs/PSOC_Edge_Bluetooth_LE_FindMe.proj_cm55 Program.launch
Generated C:/Desktop/PSOC_Edge_AI/Demo/01_WiFi_BLE/PSOC_Edge_Bluetooth_LE_FindMe/proj_cm55/.mtbLaunchConfigs/PSOC_Edge_Bluetooth_LE_FindMe.proj_cm55 Attach (KitProg3_MiniProg4).launch
Generated C:/Desktop/PSOC_Edge_AI/Demo/01_WiFi_BLE/PSOC_Edge_Bluetooth_LE_FindMe/proj_cm55/.mtbLaunchConfigs/PSOC_Edge_Bluetooth_LE_FindMe.proj_cm55 Debug (KitProg3_MiniProg4).launch
Generated .mtbLaunchConfigs/PSOC_Edge_Bluetooth_LE_FindMe.proj_cm55 Add CM55 to CM33 (KitProg3_MiniProg4).launch
Generated C:/Desktop/PSOC_Edge_AI/Demo/01_WiFi_BLE/PSOC_Edge_Bluetooth_LE_FindMe/proj_cm55/.mtbLaunchConfigs/Advanced KitProg3 Programming.launch
Updated C:/Desktop/PSOC_Edge_AI/Demo/01_WiFi_BLE/PSOC_Edge_Bluetooth_LE_FindMe/.mtbLaunchConfigs/Advanced KitProg3 Programming.launch
Updated C:/Desktop/PSOC_Edge_AI/Demo/01_WiFi_BLE/PSOC_Edge_Bluetooth_LE_FindMe/.mtbLaunchConfigs/PSOC_Edge_Bluetooth_LE_FindMe Debug MultiCore (KitProg3_MiniProg4).launch
Updated C:/Desktop/PSOC_Edge_AI/Demo/01_WiFi_BLE/PSOC_Edge_Bluetooth_LE_FindMe/.mtbLaunchConfigs/PSOC_Edge_Bluetooth_LE_FindMe Erase All.launch
Updated C:/Desktop/PSOC_Edge_AI/Demo/01_WiFi_BLE/PSOC_Edge_Bluetooth_LE_FindMe/.mtbLaunchConfigs/PSOC_Edge_Bluetooth_LE_FindMe Erase Device.launch
Updated C:/Desktop/PSOC_Edge_AI/Demo/01_WiFi_BLE/PSOC_Edge_Bluetooth_LE_FindMe/.mtbLaunchConfigs/PSOC_Edge_Bluetooth_LE_FindMe Program Application.launch
Updated C:/Desktop/PSOC_Edge_AI/Demo/01_WiFi_BLE/PSOC_Edge_Bluetooth_LE_FindMe/.mtbLaunchConfigs/PSOC_Edge_Bluetooth_LE_FindMe.proj_cm33_s Debug Multicore (KitProg3_MiniProg4).launch

Instructions:
1. Open Eclipse IDE for ModusToolbox
2. Select 'Import Existing Application In-Place' from the QuickPanel
3. Browse to the application root directory

For more information, refer to the Eclipse IDE for ModusToolbox user guide.

make[1]: Leaving directory '/cygdrive/c/Desktop/PSOC_Edge_AI/Demo/01_WiFi_BLE/PSOC_Edge_Bluetooth_LE_FindMe/proj_cm55'
The application "PSOC_Edge_Bluetooth_LE_FindMe" was successfully exported to Eclipse for ModusToolbox™.
0 error(s), 0 warning(s)

Summary:

Successfully created and exported "PSOC_Edge_Bluetooth_LE_FindMe" application.
